ISO-10303-21;
HEADER;
FILE_DESCRIPTION (( 'STEP AP214' ),
    '1' );
FILE_NAME ('16B187F3-2C3D-490C-B023-AE1C085ED6DB.STEP',
    '2026-07-18T04:32:18',
    ( '' ),
    ( '' ),
    'SwSTEP 2.0',
    'SolidWorks 2022',
    '' );
FILE_SCHEMA (( 'AUTOMOTIVE_DESIGN' ));
ENDSEC;

DATA;
#1 = CARTESIAN_POINT ( 'NONE',  ( -4.000000000000000000, 5.631967801696000642, -3.465053365821999964 ) ) ;
#2 = CARTESIAN_POINT ( 'NONE',  ( -7.900000000000000355, 6.500000000000000000, 0.0000000000000000000 ) ) ;
#3 = EDGE_CURVE ( 'NONE', #1224, #5127, #2881, .T. ) ;
#4 = LINE ( 'NONE', #2206, #2659 ) ;
#5 = ORIENTED_EDGE ( 'NONE', *, *, #3612, .T. ) ;
#6 = VECTOR ( 'NONE', #874, 1000.000000000000000 ) ;
#7 = DIRECTION ( 'NONE',  ( 0.0000000000000000000, 0.0000000000000000000, 1.000000000000000000 ) ) ;
#8 = CARTESIAN_POINT ( 'NONE',  ( -4.000000000000000000, 5.631967801696000642, -3.465053365821999964 ) ) ;
#9 = FACE_OUTER_BOUND ( 'NONE', #1462, .T. ) ;
#10 = CIRCLE ( 'NONE', #4332, 0.2500000000000002220 ) ;
#11 = ORIENTED_EDGE ( 'NONE', *, *, #4085, .F. ) ;
#12 = EDGE_LOOP ( 'NONE', ( #4486, #2772, #2926, #4242 ) ) ;
#13 = ORIENTED_EDGE ( 'NONE', *, *, #4501, .T. ) ;
#14 = CARTESIAN_POINT ( 'NONE',  ( -3.200000000000000178, -1.100000000000000089, -0.2000000000000000111 ) ) ;
#15 = VECTOR ( 'NONE', #2456, 1000.000000000000000 ) ;
#16 = FACE_OUTER_BOUND ( 'NONE', #176, .T. ) ;
#17 = CARTESIAN_POINT ( 'NONE',  ( 2.000000000000000000, 6.549418683239000671, -4.271512099436000298 ) ) ;
#18 = AXIS2_PLACEMENT_3D ( 'NONE', #1885, #4400, #1834 ) ;
#19 = EDGE_CURVE ( 'NONE', #3990, #2522, #2349, .T. ) ;
#20 = ORIENTED_EDGE ( 'NONE', *, *, #5165, .F. ) ;
#21 = EDGE_LOOP ( 'NONE', ( #1207, #4169, #1905, #3028, #2018, #5500, #3541, #2399, #3628 ) ) ;
#22 = ORIENTED_EDGE ( 'NONE', *, *, #2953, .T. ) ;
#23 = AXIS2_PLACEMENT_3D ( 'NONE', #4575, #4676, #770 ) ;
#24 = ORIENTED_EDGE ( 'NONE', *, *, #5287, .F. ) ;
#25 = LINE ( 'NONE', #3469, #1644 ) ;
#26 = FACE_OUTER_BOUND ( 'NONE', #5303, .T. ) ;
#27 = CARTESIAN_POINT ( 'NONE',  ( -2.000000000000000000, 6.549418683239000671, -4.271512099436000298 ) ) ;
#28 = EDGE_CURVE ( 'NONE', #3849, #2416, #3459, .T. ) ;
#29 = VECTOR ( 'NONE', #1645, 1000.000000000000000 ) ;
#30 = AXIS2_PLACEMENT_3D ( 'NONE', #4208, #1553, #3328 ) ;
#31 = DIRECTION ( 'NONE',  ( 1.000000000000000000, 0.0000000000000000000, 0.0000000000000000000 ) ) ;
#32 = FACE_OUTER_BOUND ( 'NONE', #4249, .T. ) ;
#33 = VECTOR ( 'NONE', #1731, 1000.000000000000000 ) ;
#34 = EDGE_CURVE ( 'NONE', #5030, #2097, #849, .T. ) ;
#35 = CARTESIAN_POINT ( 'NONE',  ( 6.550000000000000711, 0.0000000000000000000, 0.0000000000000000000 ) ) ;
#36 = DIRECTION ( 'NONE',  ( 1.000000000000000000, 0.0000000000000000000, 0.0000000000000000000 ) ) ;
#37 = EDGE_CURVE ( 'NONE', #3978, #3895, #4682, .T. ) ;
#38 = CARTESIAN_POINT ( 'NONE',  ( 4.000000000000000000, 0.0000000000000000000, 0.0000000000000000000 ) ) ;
#39 = CIRCLE ( 'NONE', #1292, 0.2500000000000000000 ) ;
#40 = EDGE_LOOP ( 'NONE', ( #4546, #3675, #3319, #4296 ) ) ;
#41 = AXIS2_PLACEMENT_3D ( 'NONE', #3540, #4904, #500 ) ;
#42 = LINE ( 'NONE', #5290, #2077 ) ;
#43 = EDGE_CURVE ( 'NONE', #3203, #3521, #822, .T. ) ;
#44 = CARTESIAN_POINT ( 'NONE',  ( 2.000000000000000000, 3.950000000000000178, 1.899999999999999911 ) ) ;
#45 = VECTOR ( 'NONE', #5257, 1000.000000000000000 ) ;
#46 = CARTESIAN_POINT ( 'NONE',  ( -6.299999999999999822, 1.100000000000000089, 1.399999999999999911 ) ) ;
#47 = ORIENTED_EDGE ( 'NONE', *, *, #5319, .F. ) ;
#48 = ORIENTED_EDGE ( 'NONE', *, *, #922, .T. ) ;
#49 = EDGE_LOOP ( 'NONE', ( #3400, #598, #4586, #48 ) ) ;
#50 = PLANE ( 'NONE',  #5212 ) ;
#51 = DIRECTION ( 'NONE',  ( 1.000000000000000000, 0.0000000000000000000, 0.0000000000000000000 ) ) ;
#52 = CARTESIAN_POINT ( 'NONE',  ( 7.900000000000000355, 5.299999999999999822, -0.2500000000000000000 ) ) ;
#53 = VECTOR ( 'NONE', #1690, 1000.000000000000000 ) ;
#54 = EDGE_LOOP ( 'NONE', ( #587, #134, #799, #11 ) ) ;
#55 = ORIENTED_EDGE ( 'NONE', *, *, #4026, .T. ) ;
#56 = VERTEX_POINT ( 'NONE', #3032 ) ;
#57 = VECTOR ( 'NONE', #1584, 1000.000000000000000 ) ;
#58 = VERTEX_POINT ( 'NONE', #3005 ) ;
#59 = DIRECTION ( 'NONE',  ( -1.000000000000000000, 0.0000000000000000000, 0.0000000000000000000 ) ) ;
#60 = CARTESIAN_POINT ( 'NONE',  ( 5.799999999999999822, 1.100000000000000089, -1.199999999999999956 ) ) ;
#61 = EDGE_LOOP ( 'NONE', ( #2504, #3428, #2256, #3150, #4578, #4299, #2607, #3704 ) ) ;
#62 = LINE ( 'NONE', #1409, #2261 ) ;
#63 = EDGE_CURVE ( 'NONE', #3632, #217, #3425, .T. ) ;
#64 = CARTESIAN_POINT ( 'NONE',  ( 1.750000000000000000, 3.950000000000000178, -3.550000000000000266 ) ) ;
#65 = CARTESIAN_POINT ( 'NONE',  ( 1.300000000000000044, 6.545008898986999668, -1.199999999999999956 ) ) ;
#66 = FACE_BOUND ( 'NONE', #1559, .T. ) ;
#67 = EDGE_LOOP ( 'NONE', ( #1575, #2722, #2753, #496 ) ) ;
#68 = DIRECTION ( 'NONE',  ( 0.0000000000000000000, 1.000000000000000000, 0.0000000000000000000 ) ) ;
#69 = EDGE_CURVE ( 'NONE', #3175, #1888, #2948, .T. ) ;
#70 = CIRCLE ( 'NONE', #160, 0.5000000000000000000 ) ;
#71 = PLANE ( 'NONE',  #1277 ) ;
#72 = ORIENTED_EDGE ( 'NONE', *, *, #2927, .T. ) ;
#73 = EDGE_LOOP ( 'NONE', ( #5345, #4046, #5529, #4890, #237, #2046, #285, #1275 ) ) ;
#74 = VECTOR ( 'NONE', #5386, 1000.000000000000000 ) ;
#75 = ORIENTED_EDGE ( 'NONE', *, *, #656, .T. ) ;
#76 = DIRECTION ( 'NONE',  ( 0.0000000000000000000, -1.000000000000000000, 0.0000000000000000000 ) ) ;
#77 = ADVANCED_FACE ( 'NONE', ( #3898 ), #50, .T. ) ;
#78 = CARTESIAN_POINT ( 'NONE',  ( -4.000000000000000000, 7.500000000000000000, -3.550000000000000266 ) ) ;
#79 = CARTESIAN_POINT ( 'NONE',  ( -4.250000000000000000, 7.250000000000000000, -3.550000000000000266 ) ) ;
#80 = ORIENTED_EDGE ( 'NONE', *, *, #3096, .F. ) ;
#81 = EDGE_CURVE ( 'NONE', #1888, #1950, #5083, .T. ) ;
#82 = ORIENTED_EDGE ( 'NONE', *, *, #3332, .F. ) ;
#83 = VERTEX_POINT ( 'NONE', #2153 ) ;
#84 = DIRECTION ( 'NONE',  ( 0.0000000000000000000, -1.000000000000000000, 0.0000000000000000000 ) ) ;
#85 = CARTESIAN_POINT ( 'NONE',  ( -1.300000000000000044, -1.100000000000000089, 0.0000000000000000000 ) ) ;
#86 = PLANE ( 'NONE',  #1105 ) ;
#87 = EDGE_LOOP ( 'NONE', ( #3091, #1229, #5419, #3719 ) ) ;
#88 = CARTESIAN_POINT ( 'NONE',  ( -6.550000000000000711, 8.500000000000000000, 1.399999999999999911 ) ) ;
#89 = CARTESIAN_POINT ( 'NONE',  ( 2.000000000000000000, 5.631967801696000642, -3.465053365821999964 ) ) ;
#90 = DIRECTION ( 'NONE',  ( 0.0000000000000000000, -1.000000000000000000, 0.0000000000000000000 ) ) ;
#91 = DIRECTION ( 'NONE',  ( -1.000000000000000000, 0.0000000000000000000, 0.0000000000000000000 ) ) ;
#92 = CARTESIAN_POINT ( 'NONE',  ( -2.000000000000000000, 3.950000000000000178, -3.799999999999999822 ) ) ;
#93 = ORIENTED_EDGE ( 'NONE', *, *, #1091, .F. ) ;
#94 = LINE ( 'NONE', #4814, #3964 ) ;
#95 = CARTESIAN_POINT ( 'NONE',  ( -4.000000000000000000, 5.444198298232000077, 1.899999999999999911 ) ) ;
#96 = LINE ( 'NONE', #2655, #3623 ) ;
#97 = EDGE_LOOP ( 'NONE', ( #4980, #4305, #193, #4639 ) ) ;
#98 = EDGE_CURVE ( 'NONE', #815, #4709, #5107, .T. ) ;
#99 = EDGE_CURVE ( 'NONE', #1664, #4107, #3424, .T. ) ;
#100 = VERTEX_POINT ( 'NONE', #1279 ) ;
#101 = ORIENTED_EDGE ( 'NONE', *, *, #4409, .F. ) ;
#102 = CARTESIAN_POINT ( 'NONE',  ( -2.000000000000000000, 6.549418683239000671, 2.371512099436000387 ) ) ;
#103 = VECTOR ( 'NONE', #5182, 1000.000000000000000 ) ;
#104 = DIRECTION ( 'NONE',  ( 0.0000000000000000000, 0.0000000000000000000, 1.000000000000000000 ) ) ;
#105 = EDGE_CURVE ( 'NONE', #766, #4183, #4504, .T. ) ;
#106 = LINE ( 'NONE', #1456, #2291 ) ;
#107 = ADVANCED_FACE ( 'NONE', ( #183 ), #2741, .F. ) ;
#108 = ORIENTED_EDGE ( 'NONE', *, *, #4487, .T. ) ;
#109 = CIRCLE ( 'NONE', #901, 0.2500000000000002220 ) ;
#110 = ORIENTED_EDGE ( 'NONE', *, *, #4647, .F. ) ;
#111 = ORIENTED_EDGE ( 'NONE', *, *, #973, .T. ) ;
#112 = LINE ( 'NONE', #1823, #3190 ) ;
#113 = VECTOR ( 'NONE', #5370, 1000.000000000000114 ) ;
#114 = CARTESIAN_POINT ( 'NONE',  ( 1.300000000000000044, 0.0000000000000000000, 0.0000000000000000000 ) ) ;
#115 = EDGE_CURVE ( 'NONE', #372, #3597, #3592, .T. ) ;
#116 = CARTESIAN_POINT ( 'NONE',  ( 2.000000000000000000, 7.500000000000000000, 1.649999999999999911 ) ) ;
#117 = CARTESIAN_POINT ( 'NONE',  ( 5.799999999999999822, 7.700000000000000178, -1.199999999999999956 ) ) ;
#118 = LINE ( 'NONE', #173, #383 ) ;
#119 = FACE_OUTER_BOUND ( 'NONE', #881, .T. ) ;
#120 = CIRCLE ( 'NONE', #3706, 1.225492168374999524 ) ;
#121 = LINE ( 'NONE', #3608, #594 ) ;
#122 = ORIENTED_EDGE ( 'NONE', *, *, #4027, .F. ) ;
#123 = FACE_OUTER_BOUND ( 'NONE', #476, .T. ) ;
#124 = DIRECTION ( 'NONE',  ( 1.000000000000000000, 0.0000000000000000000, 0.0000000000000000000 ) ) ;
#125 = DIRECTION ( 'NONE',  ( 0.0000000000000000000, -1.000000000000000000, 0.0000000000000000000 ) ) ;
#126 = VECTOR ( 'NONE', #3762, 1000.000000000000000 ) ;
#127 = VECTOR ( 'NONE', #479, 1000.000000000000000 ) ;
#128 = DIRECTION ( 'NONE',  ( 0.0000000000000000000, -0.7071067811865475727, 0.7071067811865475727 ) ) ;
#129 = VERTEX_POINT ( 'NONE', #605 ) ;
#130 = ORIENTED_EDGE ( 'NONE', *, *, #4516, .T. ) ;
#131 = DIRECTION ( 'NONE',  ( -1.000000000000000000, 0.0000000000000000000, 0.0000000000000000000 ) ) ;
#132 = VECTOR ( 'NONE', #4016, 1000.000000000000000 ) ;
#133 = DIRECTION ( 'NONE',  ( -1.000000000000000000, 0.0000000000000000000, 0.0000000000000000000 ) ) ;
#134 = ORIENTED_EDGE ( 'NONE', *, *, #4915, .F. ) ;
#135 = CYLINDRICAL_SURFACE ( 'NONE', #3212, 0.2500000000000002220 ) ;
#136 = ORIENTED_EDGE ( 'NONE', *, *, #4085, .T. ) ;
#137 = EDGE_CURVE ( 'NONE', #1276, #405, #3058, .T. ) ;
#138 = ORIENTED_EDGE ( 'NONE', *, *, #4812, .F. ) ;
#139 = CARTESIAN_POINT ( 'NONE',  ( -1.300000000000000044, 6.545008898986999668, -1.199999999999999956 ) ) ;
#140 = ADVANCED_FACE ( 'NONE', ( #4014 ), #2325, .F. ) ;
#141 = AXIS2_PLACEMENT_3D ( 'NONE', #4098, #5245, #207 ) ;
#142 = CARTESIAN_POINT ( 'NONE',  ( -4.000000000000000000, 6.549418683239000671, -4.271512099436000298 ) ) ;
#143 = CARTESIAN_POINT ( 'NONE',  ( -4.250000000000000000, 7.250000000000000000, 1.649999999999999911 ) ) ;
#144 = ORIENTED_EDGE ( 'NONE', *, *, #2716, .F. ) ;
#145 = EDGE_CURVE ( 'NONE', #3946, #2579, #4469, .T. ) ;
#146 = AXIS2_PLACEMENT_3D ( 'NONE', #814, #3050, #892 ) ;
#147 = CARTESIAN_POINT ( 'NONE',  ( -27.60423971507000118, 5.444198298232000077, -3.299999999999999822 ) ) ;
#148 = DIRECTION ( 'NONE',  ( 0.0000000000000000000, 0.0000000000000000000, -1.000000000000000000 ) ) ;
#149 = LINE ( 'NONE', #597, #3022 ) ;
#150 = ORIENTED_EDGE ( 'NONE', *, *, #3742, .T. ) ;
#151 = EDGE_CURVE ( 'NONE', #1624, #3203, #1071, .T. ) ;
#152 = DIRECTION ( 'NONE',  ( -1.000000000000000000, 0.0000000000000000000, 0.0000000000000000000 ) ) ;
#153 = LINE ( 'NONE', #623, #4533 ) ;
#154 = DIRECTION ( 'NONE',  ( 1.000000000000000000, 0.0000000000000000000, 0.0000000000000000000 ) ) ;
#155 = DIRECTION ( 'NONE',  ( 0.0000000000000000000, -1.000000000000000000, 0.0000000000000000000 ) ) ;
#156 = EDGE_LOOP ( 'NONE', ( #5454, #3661, #4218, #713 ) ) ;
#157 = VERTEX_POINT ( 'NONE', #900 ) ;
#158 = CARTESIAN_POINT ( 'NONE',  ( -1.500000000000000000, 7.250000000000000000, 1.899999999999999911 ) ) ;
#159 = DIRECTION ( 'NONE',  ( -1.000000000000000000, 0.0000000000000000000, 0.0000000000000000000 ) ) ;
#160 = AXIS2_PLACEMENT_3D ( 'NONE', #452, #2167, #3880 ) ;
#161 = LINE ( 'NONE', #3594, #5339 ) ;
#162 = ORIENTED_EDGE ( 'NONE', *, *, #2726, .F. ) ;
#163 = CARTESIAN_POINT ( 'NONE',  ( -7.400000000000000355, -14.53599999999999959, 0.2500000000000000000 ) ) ;
#164 = EDGE_CURVE ( 'NONE', #5042, #4978, #1364, .T. ) ;
#165 = ORIENTED_EDGE ( 'NONE', *, *, #389, .T. ) ;
#166 = EDGE_LOOP ( 'NONE', ( #4665, #3484, #2585, #4851 ) ) ;
#167 = CARTESIAN_POINT ( 'NONE',  ( -1.500000000000000000, 3.950000000000000178, 1.649999999999999911 ) ) ;
#168 = CARTESIAN_POINT ( 'NONE',  ( -2.000000000000000000, 3.950000000000000178, -3.550000000000000266 ) ) ;
#169 = PLANE ( 'NONE',  #3894 ) ;
#170 = EDGE_CURVE ( 'NONE', #2812, #3958, #4589, .T. ) ;
#171 = ORIENTED_EDGE ( 'NONE', *, *, #2743, .F. ) ;
#172 = CARTESIAN_POINT ( 'NONE',  ( 7.900000000000000355, 6.500000000000000000, 0.0000000000000000000 ) ) ;
#173 = CARTESIAN_POINT ( 'NONE',  ( 2.000000000000000000, 7.200000000000000178, -3.550000000000000266 ) ) ;
#174 = DIRECTION ( 'NONE',  ( 1.000000000000000000, 0.0000000000000000000, 0.0000000000000000000 ) ) ;
#175 = CARTESIAN_POINT ( 'NONE',  ( 3.200000000000000178, 6.201763382732000451, -0.8567544837448999306 ) ) ;
#176 = EDGE_LOOP ( 'NONE', ( #1402, #2584, #1171, #4196 ) ) ;
#177 = CARTESIAN_POINT ( 'NONE',  ( 4.500000000000000000, 3.950000000000000178, -3.799999999999999822 ) ) ;
#178 = DIRECTION ( 'NONE',  ( -1.000000000000000000, 0.0000000000000000000, 0.0000000000000000000 ) ) ;
#179 = DIRECTION ( 'NONE',  ( 0.0000000000000000000, -0.7071067811865474617, 0.7071067811865474617 ) ) ;
#180 = DIRECTION ( 'NONE',  ( 0.0000000000000000000, -1.000000000000000000, 0.0000000000000000000 ) ) ;
#181 = ORIENTED_EDGE ( 'NONE', *, *, #2060, .F. ) ;
#182 = EDGE_LOOP ( 'NONE', ( #348, #1317, #1013, #3542 ) ) ;
#183 = FACE_OUTER_BOUND ( 'NONE', #4708, .T. ) ;
#184 = LINE ( 'NONE', #5299, #5514 ) ;
#185 = CARTESIAN_POINT ( 'NONE',  ( -0.6999999999999999556, 5.561421773962999637, -0.8007318521937000222 ) ) ;
#186 = ORIENTED_EDGE ( 'NONE', *, *, #2930, .F. ) ;
#187 = CARTESIAN_POINT ( 'NONE',  ( 0.6999999999999999556, 6.545008898986999668, -1.199999999999999956 ) ) ;
#188 = ORIENTED_EDGE ( 'NONE', *, *, #2506, .F. ) ;
#189 = VERTEX_POINT ( 'NONE', #5190 ) ;
#190 = DIRECTION ( 'NONE',  ( -1.000000000000000000, 0.0000000000000000000, 0.0000000000000000000 ) ) ;
#191 = LINE ( 'NONE', #1407, #1006 ) ;
#192 = VECTOR ( 'NONE', #2147, 1000.000000000000000 ) ;
#193 = ORIENTED_EDGE ( 'NONE', *, *, #823, .F. ) ;
#194 = CARTESIAN_POINT ( 'NONE',  ( -4.000000000000000000, 3.950000000000000178, 1.649999999999999911 ) ) ;
#195 = VECTOR ( 'NONE', #3356, 1000.000000000000000 ) ;
#196 = ADVANCED_FACE ( 'NONE', ( #2661 ), #1339, .T. ) ;
#197 = DIRECTION ( 'NONE',  ( 0.0000000000000000000, 0.0000000000000000000, 1.000000000000000000 ) ) ;
#198 = ORIENTED_EDGE ( 'NONE', *, *, #3493, .F. ) ;
#199 = CIRCLE ( 'NONE', #3702, 0.2500000000000000000 ) ;
#200 = CARTESIAN_POINT ( 'NONE',  ( -0.6999999999999999556, 0.0000000000000000000, -0.2000000000000000111 ) ) ;
#201 = VERTEX_POINT ( 'NONE', #4358 ) ;
#202 = LINE ( 'NONE', #3664, #3610 ) ;
#203 = EDGE_CURVE ( 'NONE', #3415, #189, #4760, .T. ) ;
#204 = CIRCLE ( 'NONE', #909, 0.7000000000000002887 ) ;
#205 = CARTESIAN_POINT ( 'NONE',  ( -4.000000000000000000, 5.819737305159000229, 1.730106731643000106 ) ) ;
#206 = PLANE ( 'NONE',  #2460 ) ;
#207 = DIRECTION ( 'NONE',  ( 0.0000000000000000000, -1.000000000000000000, 0.0000000000000000000 ) ) ;
#208 = AXIS2_PLACEMENT_3D ( 'NONE', #857, #84, #446 ) ;
#209 = VERTEX_POINT ( 'NONE', #932 ) ;
#210 = CIRCLE ( 'NONE', #5417, 0.2500000000000002220 ) ;
#211 = EDGE_LOOP ( 'NONE', ( #1166, #1396, #4137, #1047 ) ) ;
#212 = CARTESIAN_POINT ( 'NONE',  ( -4.000000000000000000, 7.200000000000000178, 1.649999999999999911 ) ) ;
#213 = DIRECTION ( 'NONE',  ( 0.0000000000000000000, 0.0000000000000000000, 1.000000000000000000 ) ) ;
#214 = VECTOR ( 'NONE', #2795, 1000.000000000000000 ) ;
#215 = CIRCLE ( 'NONE', #5333, 0.2500000000000000000 ) ;
#216 = DIRECTION ( 'NONE',  ( 0.0000000000000000000, -1.000000000000000000, 0.0000000000000000000 ) ) ;
#217 = VERTEX_POINT ( 'NONE', #4386 ) ;
#218 = ORIENTED_EDGE ( 'NONE', *, *, #3755, .T. ) ;
#219 = VECTOR ( 'NONE', #124, 1000.000000000000000 ) ;
#220 = AXIS2_PLACEMENT_3D ( 'NONE', #1902, #4848, #2746 ) ;
#221 = ADVANCED_FACE ( 'NONE', ( #3954 ), #1398, .T. ) ;
#222 = DIRECTION ( 'NONE',  ( 1.000000000000000000, 0.0000000000000000000, 0.0000000000000000000 ) ) ;
#223 = DIRECTION ( 'NONE',  ( 0.0000000000000000000, 0.0000000000000000000, 1.000000000000000000 ) ) ;
#224 = ORIENTED_EDGE ( 'NONE', *, *, #5401, .T. ) ;
#225 = CARTESIAN_POINT ( 'NONE',  ( 1.750000000000000000, 7.250000000000000000, 9.330519999999999925 ) ) ;
#226 = CARTESIAN_POINT ( 'NONE',  ( -3.799999999999999822, 5.561421773962999637, -0.8007318521937000222 ) ) ;
#227 = CARTESIAN_POINT ( 'NONE',  ( -4.250000000000000000, 7.500000000000000000, 1.649999999999999911 ) ) ;
#228 = AXIS2_PLACEMENT_3D ( 'NONE', #3616, #5324, #1480 ) ;
#229 = DIRECTION ( 'NONE',  ( 0.0000000000000000000, -1.000000000000000000, 0.0000000000000000000 ) ) ;
#230 = VERTEX_POINT ( 'NONE', #2266 ) ;
#231 = LINE ( 'NONE', #2403, #4422 ) ;
#232 = CARTESIAN_POINT ( 'NONE',  ( 2.000000000000000000, 5.444198298232000077, -3.550000000000000266 ) ) ;
#233 = AXIS2_PLACEMENT_3D ( 'NONE', #1500, #5317, #1471 ) ;
#234 = CARTESIAN_POINT ( 'NONE',  ( -1.750000000000000000, 3.950000000000000178, -11.23052000000000028 ) ) ;
#235 = CYLINDRICAL_SURFACE ( 'NONE', #567, 0.2500000000000000000 ) ;
#236 = FACE_OUTER_BOUND ( 'NONE', #765, .T. ) ;
#237 = ORIENTED_EDGE ( 'NONE', *, *, #1987, .F. ) ;
#238 = ORIENTED_EDGE ( 'NONE', *, *, #37, .T. ) ;
#239 = EDGE_CURVE ( 'NONE', #2244, #83, #5275, .T. ) ;
#240 = CARTESIAN_POINT ( 'NONE',  ( 3.200000000000000178, 6.343184738968999703, -0.7153331275076000306 ) ) ;
#241 = LINE ( 'NONE', #4470, #4171 ) ;
#242 = CARTESIAN_POINT ( 'NONE',  ( 3.799999999999999822, 4.642518405394000069, -1.199999999999999956 ) ) ;
#243 = ORIENTED_EDGE ( 'NONE', *, *, #4142, .T. ) ;
#244 = LINE ( 'NONE', #1960, #520 ) ;
#245 = ORIENTED_EDGE ( 'NONE', *, *, #5338, .T. ) ;
#246 = EDGE_CURVE ( 'NONE', #554, #4743, #1845, .T. ) ;
#247 = DIRECTION ( 'NONE',  ( 0.0000000000000000000, 0.0000000000000000000, 1.000000000000000000 ) ) ;
#248 = CARTESIAN_POINT ( 'NONE',  ( 6.550000000000000711, 0.0000000000000000000, 1.399999999999999911 ) ) ;
#249 = VERTEX_POINT ( 'NONE', #4440 ) ;
#250 = DIRECTION ( 'NONE',  ( 1.000000000000000000, 0.0000000000000000000, 0.0000000000000000000 ) ) ;
#251 = DIRECTION ( 'NONE',  ( 0.0000000000000000000, 0.0000000000000000000, 1.000000000000000000 ) ) ;
#252 = DIRECTION ( 'NONE',  ( -1.000000000000000000, 0.0000000000000000000, 0.0000000000000000000 ) ) ;
#253 = ORIENTED_EDGE ( 'NONE', *, *, #3871, .F. ) ;
#254 = CARTESIAN_POINT ( 'NONE',  ( -7.649999999999999467, 1.199999999999999956, 1.750000000000000000 ) ) ;
#255 = VERTEX_POINT ( 'NONE', #2793 ) ;
#256 = FACE_OUTER_BOUND ( 'NONE', #1593, .T. ) ;
#257 = FACE_OUTER_BOUND ( 'NONE', #3887, .T. ) ;
#258 = DIRECTION ( 'NONE',  ( 0.0000000000000000000, 0.7510780138546006013, -0.6602134632861014207 ) ) ;
#259 = LINE ( 'NONE', #4490, #2628 ) ;
#260 = DIRECTION ( 'NONE',  ( 0.0000000000000000000, 1.000000000000000000, 0.0000000000000000000 ) ) ;
#261 = ORIENTED_EDGE ( 'NONE', *, *, #3031, .F. ) ;
#262 = ORIENTED_EDGE ( 'NONE', *, *, #1087, .F. ) ;
#263 = CARTESIAN_POINT ( 'NONE',  ( -6.550000000000000711, 1.199999999999999956, 0.0000000000000000000 ) ) ;
#264 = DIRECTION ( 'NONE',  ( 0.0000000000000000000, 0.7071067811865477948, 0.7071067811865472397 ) ) ;
#265 = DIRECTION ( 'NONE',  ( 0.0000000000000000000, 0.0000000000000000000, -1.000000000000000000 ) ) ;
#266 = ADVANCED_FACE ( 'NONE', ( #4128 ), #2436, .T. ) ;
#267 = EDGE_CURVE ( 'NONE', #1143, #3895, #1170, .T. ) ;
#268 = DIRECTION ( 'NONE',  ( 0.0000000000000000000, 1.000000000000000000, 0.0000000000000000000 ) ) ;
#269 = ORIENTED_EDGE ( 'NONE', *, *, #5508, .T. ) ;
#270 = SURFACE_STYLE_USAGE ( .BOTH. , #4136 ) ;
#271 = EDGE_LOOP ( 'NONE', ( #593, #4423, #4701, #2290 ) ) ;
#272 = EDGE_CURVE ( 'NONE', #5355, #4679, #655, .T. ) ;
#273 = LINE ( 'NONE', #3705, #4527 ) ;
#274 = CARTESIAN_POINT ( 'NONE',  ( 7.649999999999999467, 0.0000000000000000000, 0.2500000000000000000 ) ) ;
#275 = VERTEX_POINT ( 'NONE', #2410 ) ;
#276 = VECTOR ( 'NONE', #4300, 1000.000000000000000 ) ;
#277 = FACE_OUTER_BOUND ( 'NONE', #4210, .T. ) ;
#278 = EDGE_CURVE ( 'NONE', #1819, #2193, #2383, .T. ) ;
#279 = EDGE_CURVE ( 'NONE', #1040, #2311, #1042, .T. ) ;
#280 = VECTOR ( 'NONE', #152, 1000.000000000000000 ) ;
#281 = FACE_OUTER_BOUND ( 'NONE', #3517, .T. ) ;
#282 = CARTESIAN_POINT ( 'NONE',  ( 1.750000000000000000, 7.500000000000000000, 1.899999999999999911 ) ) ;
#283 = ORIENTED_EDGE ( 'NONE', *, *, #3923, .F. ) ;
#284 = DIRECTION ( 'NONE',  ( 0.0000000000000000000, 0.7510780138546011564, -0.6602134632861009766 ) ) ;
#285 = ORIENTED_EDGE ( 'NONE', *, *, #1280, .F. ) ;
#286 = AXIS2_PLACEMENT_3D ( 'NONE', #3833, #786, #5545 ) ;
#287 = DIRECTION ( 'NONE',  ( 0.0000000000000000000, 0.0000000000000000000, -1.000000000000000000 ) ) ;
#288 = LINE ( 'NONE', #3690, #5142 ) ;
#289 = FACE_OUTER_BOUND ( 'NONE', #211, .T. ) ;
#290 = VECTOR ( 'NONE', #3099, 1000.000000000000000 ) ;
#291 = CARTESIAN_POINT ( 'NONE',  ( -2.000000000000000000, 5.631967801696000642, -3.465053365821999964 ) ) ;
#292 = ORIENTED_EDGE ( 'NONE', *, *, #1051, .T. ) ;
#293 = ORIENTED_EDGE ( 'NONE', *, *, #2864, .F. ) ;
#294 = LINE ( 'NONE', #240, #4053 ) ;
#295 = CIRCLE ( 'NONE', #996, 0.5000000000000004441 ) ;
#296 = CARTESIAN_POINT ( 'NONE',  ( -24.05729500226999917, 5.848209992139000057, -1.210307874338000023 ) ) ;
#297 = VECTOR ( 'NONE', #2034, 1000.000000000000000 ) ;
#298 = FACE_OUTER_BOUND ( 'NONE', #3291, .T. ) ;
#299 = VECTOR ( 'NONE', #488, 1000.000000000000000 ) ;
#300 = ORIENTED_EDGE ( 'NONE', *, *, #823, .T. ) ;
#301 = EDGE_CURVE ( 'NONE', #5161, #5015, #3278, .T. ) ;
#302 = CIRCLE ( 'NONE', #1652, 0.2500000000000000555 ) ;
#303 = VECTOR ( 'NONE', #1826, 1000.000000000000000 ) ;
#304 = LINE ( 'NONE', #824, #4442 ) ;
#305 = AXIS2_PLACEMENT_3D ( 'NONE', #1358, #4293, #461 ) ;
#306 = ORIENTED_EDGE ( 'NONE', *, *, #5086, .T. ) ;
#307 = ADVANCED_FACE ( 'NONE', ( #4494 ), #5329, .T. ) ;
#308 = EDGE_CURVE ( 'NONE', #3362, #1285, #294, .T. ) ;
#309 = CIRCLE ( 'NONE', #208, 0.5000000000000004441 ) ;
#310 = CARTESIAN_POINT ( 'NONE',  ( 2.000000000000000000, 3.950000000000000178, 1.899999999999999911 ) ) ;
#311 = EDGE_LOOP ( 'NONE', ( #443, #4652, #1764, #2233 ) ) ;
#312 = CARTESIAN_POINT ( 'NONE',  ( -3.200000000000000178, 0.0000000000000000000, -0.2000000000000000111 ) ) ;
#313 = ORIENTED_EDGE ( 'NONE', *, *, #4057, .F. ) ;
#314 = DIRECTION ( 'NONE',  ( 1.000000000000000000, 0.0000000000000000000, 0.0000000000000000000 ) ) ;
#315 = ADVANCED_FACE ( 'NONE', ( #4070 ), #3648, .F. ) ;
#316 = CARTESIAN_POINT ( 'NONE',  ( -1.300000000000000044, 6.545008898986999668, -1.199999999999999956 ) ) ;
#317 = DIRECTION ( 'NONE',  ( 0.0000000000000000000, -0.5735764363510114094, 0.8191520442890160014 ) ) ;
#318 = LINE ( 'NONE', #4150, #1915 ) ;
#319 = AXIS2_PLACEMENT_3D ( 'NONE', #2872, #2906, #317 ) ;
#320 = EDGE_CURVE ( 'NONE', #534, #5127, #1952, .T. ) ;
#321 = LINE ( 'NONE', #2037, #3288 ) ;
#322 = EDGE_LOOP ( 'NONE', ( #4058, #5461, #411, #1586 ) ) ;
#323 = ORIENTED_EDGE ( 'NONE', *, *, #4454, .T. ) ;
#324 = LINE ( 'NONE', #868, #1076 ) ;
#325 = AXIS2_PLACEMENT_3D ( 'NONE', #1099, #2874, #3330 ) ;
#326 = CARTESIAN_POINT ( 'NONE',  ( -6.550000000000000711, 0.0000000000000000000, -0.2500000000000000000 ) ) ;
#327 = FACE_OUTER_BOUND ( 'NONE', #5171, .T. ) ;
#328 = ORIENTED_EDGE ( 'NONE', *, *, #1491, .F. ) ;
#329 =( NAMED_UNIT ( * ) SI_UNIT ( $, .STERADIAN. ) SOLID_ANGLE_UNIT ( ) );
#330 = ORIENTED_EDGE ( 'NONE', *, *, #3755, .F. ) ;
#331 = CYLINDRICAL_SURFACE ( 'NONE', #744, 0.2500000000000002220 ) ;
#332 = CARTESIAN_POINT ( 'NONE',  ( 6.550000000000000711, 8.500000000000000000, 1.399999999999999911 ) ) ;
#333 = VERTEX_POINT ( 'NONE', #1531 ) ;
#334 = ORIENTED_EDGE ( 'NONE', *, *, #5024, .T. ) ;
#335 = VECTOR ( 'NONE', #5373, 1000.000000000000000 ) ;
#336 = ADVANCED_FACE ( 'NONE', ( #733 ), #628, .F. ) ;
#337 = DIRECTION ( 'NONE',  ( -1.000000000000000000, 0.0000000000000000000, 0.0000000000000000000 ) ) ;
#338 = EDGE_CURVE ( 'NONE', #2709, #3773, #684, .T. ) ;
#339 = AXIS2_PLACEMENT_3D ( 'NONE', #4962, #3204, #1109 ) ;
#340 = LINE ( 'NONE', #3237, #5535 ) ;
#341 = ORIENTED_EDGE ( 'NONE', *, *, #272, .F. ) ;
#342 = CARTESIAN_POINT ( 'NONE',  ( 7.400000000000000355, 1.199999999999999956, 0.0000000000000000000 ) ) ;
#343 = FACE_OUTER_BOUND ( 'NONE', #3738, .T. ) ;
#344 = DIRECTION ( 'NONE',  ( 0.0000000000000000000, -1.000000000000000000, 0.0000000000000000000 ) ) ;
#345 = DIRECTION ( 'NONE',  ( 0.0000000000000000000, 0.8083130535826811291, -0.5887529256044863324 ) ) ;
#346 = ADVANCED_FACE ( 'NONE', ( #1978 ), #3696, .F. ) ;
#347 = CARTESIAN_POINT ( 'NONE',  ( -6.049999999999999822, 0.0000000000000000000, 1.899999999999999911 ) ) ;
#348 = ORIENTED_EDGE ( 'NONE', *, *, #3439, .T. ) ;
#349 = ORIENTED_EDGE ( 'NONE', *, *, #2546, .F. ) ;
#350 = CARTESIAN_POINT ( 'NONE',  ( -7.649999999999999467, 0.0000000000000000000, 1.750000000000000000 ) ) ;
#351 = EDGE_CURVE ( 'NONE', #2514, #2244, #5445, .T. ) ;
#352 = ADVANCED_FACE ( 'NONE', ( #4574 ), #2010, .T. ) ;
#353 = CARTESIAN_POINT ( 'NONE',  ( 0.6999999999999999556, 6.343184738968999703, -0.7153331275076000306 ) ) ;
#354 = CARTESIAN_POINT ( 'NONE',  ( -1.750000000000000000, 7.500000000000000000, 1.649999999999999911 ) ) ;
#355 = ORIENTED_EDGE ( 'NONE', *, *, #1862, .T. ) ;
#356 = CARTESIAN_POINT ( 'NONE',  ( 2.000000000000000000, 5.444198298232000077, 1.399999999999999911 ) ) ;
#357 = FACE_OUTER_BOUND ( 'NONE', #5372, .T. ) ;
#358 = FACE_OUTER_BOUND ( 'NONE', #2918, .T. ) ;
#359 = ORIENTED_EDGE ( 'NONE', *, *, #1899, .F. ) ;
#360 = CARTESIAN_POINT ( 'NONE',  ( -3.799999999999999822, 0.0000000000000000000, 0.0000000000000000000 ) ) ;
#361 = DIRECTION ( 'NONE',  ( 1.000000000000000000, 0.0000000000000000000, 0.0000000000000000000 ) ) ;
#362 = AXIS2_PLACEMENT_3D ( 'NONE', #1252, #1651, #2580 ) ;
#363 = VERTEX_POINT ( 'NONE', #4184 ) ;
#364 = CARTESIAN_POINT ( 'NONE',  ( -2.000000000000000000, 3.950000000000000178, -3.799999999999999822 ) ) ;
#365 = DIRECTION ( 'NONE',  ( 0.0000000000000000000, 1.000000000000000000, 0.0000000000000000000 ) ) ;
#366 = AXIS2_PLACEMENT_3D ( 'NONE', #3733, #1160, #2877 ) ;
#367 = EDGE_CURVE ( 'NONE', #333, #5221, #3198, .T. ) ;
#368 = CARTESIAN_POINT ( 'NONE',  ( 6.049999999999999822, 8.500000000000000000, 1.899999999999999911 ) ) ;
#369 = DIRECTION ( 'NONE',  ( 0.0000000000000000000, 0.8083130535826811291, -0.5887529256044863324 ) ) ;
#370 = AXIS2_PLACEMENT_3D ( 'NONE', #3776, #5486, #2871 ) ;
#371 = DIRECTION ( 'NONE',  ( 0.0000000000000000000, 0.0000000000000000000, -1.000000000000000000 ) ) ;
#372 = VERTEX_POINT ( 'NONE', #3416 ) ;
#373 = VERTEX_POINT ( 'NONE', #2040 ) ;
#374 = DIRECTION ( 'NONE',  ( 0.0000000000000000000, 1.000000000000000000, 0.0000000000000000000 ) ) ;
#375 = EDGE_CURVE ( 'NONE', #4362, #5355, #1900, .T. ) ;
#376 = EDGE_CURVE ( 'NONE', #2565, #1640, #2090, .T. ) ;
#377 = AXIS2_PLACEMENT_3D ( 'NONE', #4114, #250, #1965 ) ;
#378 = CARTESIAN_POINT ( 'NONE',  ( -2.000000000000000000, 3.950000000000000178, 1.649999999999999911 ) ) ;
#379 = CARTESIAN_POINT ( 'NONE',  ( -1.300000000000000044, 0.0000000000000000000, 0.0000000000000000000 ) ) ;
#380 = FACE_OUTER_BOUND ( 'NONE', #5210, .T. ) ;
#381 = EDGE_LOOP ( 'NONE', ( #3638, #5196, #2498, #3286, #1208, #3466, #292, #797, #5485, #5016, #5297, #5188, #1822, #4364, #330, #5216 ) ) ;
#382 = EDGE_CURVE ( 'NONE', #4075, #2979, #2065, .T. ) ;
#383 = VECTOR ( 'NONE', #1802, 1000.000000000000000 ) ;
#384 = VERTEX_POINT ( 'NONE', #3784 ) ;
#385 = CARTESIAN_POINT ( 'NONE',  ( -3.200000000000000178, 5.561421773962999637, -0.8007318521937000222 ) ) ;
#386 = VECTOR ( 'NONE', #2764, 1000.000000000000000 ) ;
#387 = DIRECTION ( 'NONE',  ( 0.0000000000000000000, 0.0000000000000000000, -1.000000000000000000 ) ) ;
#388 = ORIENTED_EDGE ( 'NONE', *, *, #2042, .T. ) ;
#389 = EDGE_CURVE ( 'NONE', #2776, #230, #3333, .T. ) ;
#390 = VECTOR ( 'NONE', #1077, 1000.000000000000000 ) ;
#391 = AXIS2_PLACEMENT_3D ( 'NONE', #3359, #5072, #787 ) ;
#392 = ORIENTED_EDGE ( 'NONE', *, *, #2896, .F. ) ;
#393 = ORIENTED_EDGE ( 'NONE', *, *, #4739, .F. ) ;
#394 = DIRECTION ( 'NONE',  ( 0.0000000000000000000, 1.000000000000000000, 0.0000000000000000000 ) ) ;
#395 = VECTOR ( 'NONE', #4788, 1000.000000000000000 ) ;
#396 = CARTESIAN_POINT ( 'NONE',  ( 0.6999999999999999556, -1.100000000000000089, 0.0000000000000000000 ) ) ;
#397 = CIRCLE ( 'NONE', #3544, 0.2500000000000002220 ) ;
#398 = LINE ( 'NONE', #2509, #2048 ) ;
#399 = DIRECTION ( 'NONE',  ( -1.000000000000000000, 0.0000000000000000000, 0.0000000000000000000 ) ) ;
#400 = VECTOR ( 'NONE', #4557, 1000.000000000000000 ) ;
#401 = LINE ( 'NONE', #3857, #1757 ) ;
#402 = DIRECTION ( 'NONE',  ( 0.0000000000000000000, 1.000000000000000000, 0.0000000000000000000 ) ) ;
#403 = EDGE_CURVE ( 'NONE', #2824, #766, #5043, .T. ) ;
#404 = DIRECTION ( 'NONE',  ( 1.000000000000000000, 0.0000000000000000000, 0.0000000000000000000 ) ) ;
#405 = VERTEX_POINT ( 'NONE', #5119 ) ;
#406 = CARTESIAN_POINT ( 'NONE',  ( 4.250000000000000000, 7.250000000000000000, -3.799999999999999822 ) ) ;
#407 = VECTOR ( 'NONE', #2117, 1000.000000000000000 ) ;
#408 = LINE ( 'NONE', #3948, #2378 ) ;
#409 = CARTESIAN_POINT ( 'NONE',  ( 4.250000000000000000, 7.500000000000000000, 1.899999999999999911 ) ) ;
#410 = EDGE_LOOP ( 'NONE', ( #5118, #893, #2152, #490 ) ) ;
#411 = ORIENTED_EDGE ( 'NONE', *, *, #4103, .T. ) ;
#412 = VECTOR ( 'NONE', #2461, 1000.000000000000000 ) ;
#413 = DIRECTION ( 'NONE',  ( 0.0000000000000000000, 0.0000000000000000000, -1.000000000000000000 ) ) ;
#414 = PLANE ( 'NONE',  #4964 ) ;
#415 = EDGE_CURVE ( 'NONE', #3770, #3457, #324, .T. ) ;
#416 = CIRCLE ( 'NONE', #1121, 0.2500000000000000000 ) ;
#417 = LINE ( 'NONE', #878, #3999 ) ;
#418 = ADVANCED_FACE ( 'NONE', ( #1269 ), #1186, .F. ) ;
#419 = ORIENTED_EDGE ( 'NONE', *, *, #3231, .F. ) ;
#420 = VERTEX_POINT ( 'NONE', #431 ) ;
#421 = EDGE_CURVE ( 'NONE', #1640, #5260, #4211, .T. ) ;
#422 = CARTESIAN_POINT ( 'NONE',  ( 0.6999999999999999556, 6.545008898986999668, -1.199999999999999956 ) ) ;
#423 = CARTESIAN_POINT ( 'NONE',  ( -1.750000000000000000, 3.950000000000000178, -3.550000000000000266 ) ) ;
#424 = ORIENTED_EDGE ( 'NONE', *, *, #1018, .F. ) ;
#425 = FACE_OUTER_BOUND ( 'NONE', #2207, .T. ) ;
#426 = CARTESIAN_POINT ( 'NONE',  ( 4.250000000000000000, 3.700000000000000178, -3.799999999999999822 ) ) ;
#427 = AXIS2_PLACEMENT_3D ( 'NONE', #783, #2934, #887 ) ;
#428 = CARTESIAN_POINT ( 'NONE',  ( -5.799999999999999822, 8.500000000000000000, -1.199999999999999956 ) ) ;
#429 = DIRECTION ( 'NONE',  ( 0.0000000000000000000, 0.0000000000000000000, 1.000000000000000000 ) ) ;
#430 = ORIENTED_EDGE ( 'NONE', *, *, #5439, .T. ) ;
#431 = CARTESIAN_POINT ( 'NONE',  ( 2.000000000000000000, 3.950000000000000178, -3.799999999999999822 ) ) ;
#432 = PLANE ( 'NONE',  #3007 ) ;
#433 = EDGE_CURVE ( 'NONE', #384, #2472, #4703, .T. ) ;
#434 = CARTESIAN_POINT ( 'NONE',  ( -6.299999999999999822, 8.500000000000000000, -3.550000000000000266 ) ) ;
#435 = ORIENTED_EDGE ( 'NONE', *, *, #1139, .T. ) ;
#436 = EDGE_LOOP ( 'NONE', ( #803, #3494, #1769, #4531 ) ) ;
#437 = EDGE_LOOP ( 'NONE', ( #2182, #5053, #3862, #4041 ) ) ;
#438 = CARTESIAN_POINT ( 'NONE',  ( -4.250000000000000000, 3.950000000000000178, -3.550000000000000266 ) ) ;
#439 = EDGE_CURVE ( 'NONE', #3864, #1658, #791, .T. ) ;
#440 = EDGE_CURVE ( 'NONE', #5155, #3313, #5495, .T. ) ;
#441 = CARTESIAN_POINT ( 'NONE',  ( -4.250000000000000000, 7.250000000000000000, -3.799999999999999822 ) ) ;
#442 = ORIENTED_EDGE ( 'NONE', *, *, #4162, .F. ) ;
#443 = ORIENTED_EDGE ( 'NONE', *, *, #3315, .T. ) ;
#444 = ORIENTED_EDGE ( 'NONE', *, *, #3543, .T. ) ;
#445 = ORIENTED_EDGE ( 'NONE', *, *, #5225, .F. ) ;
#446 = DIRECTION ( 'NONE',  ( 1.000000000000000000, 0.0000000000000000000, 0.0000000000000000000 ) ) ;
#447 = EDGE_CURVE ( 'NONE', #5155, #645, #2596, .T. ) ;
#448 = EDGE_CURVE ( 'NONE', #3950, #2766, #4857, .T. ) ;
#449 = DIRECTION ( 'NONE',  ( 0.0000000000000000000, 1.000000000000000000, 0.0000000000000000000 ) ) ;
#450 = DIRECTION ( 'NONE',  ( 0.0000000000000000000, 0.0000000000000000000, -1.000000000000000000 ) ) ;
#451 = ORIENTED_EDGE ( 'NONE', *, *, #2680, .F. ) ;
#452 = CARTESIAN_POINT ( 'NONE',  ( 7.400000000000000355, 0.0000000000000000000, 0.2500000000000000000 ) ) ;
#453 = EDGE_CURVE ( 'NONE', #4796, #815, #3859, .T. ) ;
#454 = DIRECTION ( 'NONE',  ( 1.000000000000000000, 0.0000000000000000000, 0.0000000000000000000 ) ) ;
#455 = DIRECTION ( 'NONE',  ( -1.000000000000000000, 0.0000000000000000000, 0.0000000000000000000 ) ) ;
#456 = CARTESIAN_POINT ( 'NONE',  ( -6.550000000000000711, 0.0000000000000000000, 0.0000000000000000000 ) ) ;
#457 = CARTESIAN_POINT ( 'NONE',  ( 3.200000000000000178, -1.100000000000000089, -0.2000000000000000111 ) ) ;
#458 = ORIENTED_EDGE ( 'NONE', *, *, #415, .F. ) ;
#459 = VECTOR ( 'NONE', #131, 1000.000000000000000 ) ;
#460 = CARTESIAN_POINT ( 'NONE',  ( 4.000000000000000000, 5.438904667305999752, 1.649999999999999911 ) ) ;
#461 = DIRECTION ( 'NONE',  ( 0.0000000000000000000, 0.0000000000000000000, 1.000000000000000000 ) ) ;
#462 = CARTESIAN_POINT ( 'NONE',  ( -28.02614297003999866, 5.444198298232000077, -3.299999999999999822 ) ) ;
#463 = VECTOR ( 'NONE', #3026, 1000.000000000000000 ) ;
#464 = EDGE_LOOP ( 'NONE', ( #4526, #4040, #3094, #2676 ) ) ;
#465 = ORIENTED_EDGE ( 'NONE', *, *, #4142, .F. ) ;
#466 = ORIENTED_EDGE ( 'NONE', *, *, #4476, .F. ) ;
#467 = ORIENTED_EDGE ( 'NONE', *, *, #4704, .F. ) ;
#468 = AXIS2_PLACEMENT_3D ( 'NONE', #3634, #1497, #3578 ) ;
#469 = CARTESIAN_POINT ( 'NONE',  ( 3.200000000000000178, 5.446706486693000393, -0.6369014433359000416 ) ) ;
#470 = LINE ( 'NONE', #5109, #3551 ) ;
#471 = VECTOR ( 'NONE', #2866, 1000.000000000000000 ) ;
#472 = ORIENTED_EDGE ( 'NONE', *, *, #3090, .T. ) ;
#473 = EDGE_CURVE ( 'NONE', #275, #1837, #10, .T. ) ;
#474 = ORIENTED_EDGE ( 'NONE', *, *, #2780, .T. ) ;
#475 = VECTOR ( 'NONE', #3699, 1000.000000000000000 ) ;
#476 = EDGE_LOOP ( 'NONE', ( #3927, #1529, #5451, #4944 ) ) ;
#477 = CARTESIAN_POINT ( 'NONE',  ( 4.000000000000000000, 5.819737305159000229, 1.730106731643000106 ) ) ;
#478 = DIRECTION ( 'NONE',  ( 0.0000000000000000000, 0.0000000000000000000, -1.000000000000000000 ) ) ;
#479 = DIRECTION ( 'NONE',  ( 0.0000000000000000000, 0.0000000000000000000, 1.000000000000000000 ) ) ;
#480 = VECTOR ( 'NONE', #4309, 1000.000000000000000 ) ;
#481 = ORIENTED_EDGE ( 'NONE', *, *, #2773, .F. ) ;
#482 = VECTOR ( 'NONE', #2674, 1000.000000000000000 ) ;
#483 = EDGE_CURVE ( 'NONE', #56, #1675, #4730, .T. ) ;
#484 = CARTESIAN_POINT ( 'NONE',  ( 0.6999999999999999556, 4.991207764517999301, -1.199999999999999956 ) ) ;
#485 = VECTOR ( 'NONE', #3228, 1000.000000000000000 ) ;
#486 = VECTOR ( 'NONE', #721, 1000.000000000000000 ) ;
#487 = CARTESIAN_POINT ( 'NONE',  ( -5.799999999999999822, 7.700000000000000178, -1.199999999999999956 ) ) ;
#488 = DIRECTION ( 'NONE',  ( 1.000000000000000000, 0.0000000000000000000, 0.0000000000000000000 ) ) ;
#489 = DIRECTION ( 'NONE',  ( 0.0000000000000000000, 1.000000000000000000, 0.0000000000000000000 ) ) ;
#490 = ORIENTED_EDGE ( 'NONE', *, *, #2859, .T. ) ;
#491 = CIRCLE ( 'NONE', #1112, 0.2500000000000000000 ) ;
#492 = PLANE ( 'NONE',  #5395 ) ;
#493 = LINE ( 'NONE', #1272, #395 ) ;
#494 = FACE_OUTER_BOUND ( 'NONE', #3744, .T. ) ;
#495 = ORIENTED_EDGE ( 'NONE', *, *, #2755, .T. ) ;
#496 = ORIENTED_EDGE ( 'NONE', *, *, #542, .F. ) ;
#497 = ORIENTED_EDGE ( 'NONE', *, *, #2889, .F. ) ;
#498 = CARTESIAN_POINT ( 'NONE',  ( 2.000000000000000000, 5.444198298232000077, -3.550000000000000266 ) ) ;
#499 = CARTESIAN_POINT ( 'NONE',  ( -1.500000000000000000, 3.950000000000000178, -3.550000000000000266 ) ) ;
#500 = DIRECTION ( 'NONE',  ( 1.000000000000000000, 0.0000000000000000000, 0.0000000000000000000 ) ) ;
#501 = AXIS2_PLACEMENT_3D ( 'NONE', #64, #5178, #455 ) ;
#502 = ORIENTED_EDGE ( 'NONE', *, *, #4940, .T. ) ;
#503 = ORIENTED_EDGE ( 'NONE', *, *, #1139, .F. ) ;
#504 = ORIENTED_EDGE ( 'NONE', *, *, #43, .T. ) ;
#505 = ORIENTED_EDGE ( 'NONE', *, *, #4939, .T. ) ;
#506 = CARTESIAN_POINT ( 'NONE',  ( -0.6999999999999999556, 6.545008898986999668, -1.199999999999999956 ) ) ;
#507 = CYLINDRICAL_SURFACE ( 'NONE', #3001, 0.9715120994360998408 ) ;
#508 = EDGE_LOOP ( 'NONE', ( #3563, #1369, #3732, #907 ) ) ;
#509 = DIRECTION ( 'NONE',  ( -0.0000000000000000000, 1.000000000000000000, 0.0000000000000000000 ) ) ;
#510 = EDGE_CURVE ( 'NONE', #1571, #3393, #2516, .T. ) ;
#511 = DIRECTION ( 'NONE',  ( 1.000000000000000000, 0.0000000000000000000, 0.0000000000000000000 ) ) ;
#512 = EDGE_CURVE ( 'NONE', #5181, #3597, #3811, .T. ) ;
#513 = EDGE_CURVE ( 'NONE', #3051, #3457, #4245, .T. ) ;
#514 = DIRECTION ( 'NONE',  ( 1.000000000000000000, 0.0000000000000000000, 0.0000000000000000000 ) ) ;
#515 = DIRECTION ( 'NONE',  ( 0.0000000000000000000, 0.0000000000000000000, 1.000000000000000000 ) ) ;
#516 = PLANE ( 'NONE',  #4636 ) ;
#517 = ORIENTED_EDGE ( 'NONE', *, *, #4573, .F. ) ;
#518 = DIRECTION ( 'NONE',  ( 0.0000000000000000000, -1.000000000000000000, 0.0000000000000000000 ) ) ;
#519 = ADVANCED_FACE ( 'NONE', ( #1780 ), #1392, .F. ) ;
#520 = VECTOR ( 'NONE', #1074, 1000.000000000000000 ) ;
#521 = DIRECTION ( 'NONE',  ( 0.0000000000000000000, 1.000000000000000000, 0.0000000000000000000 ) ) ;
#522 = EDGE_CURVE ( 'NONE', #4107, #5042, #3505, .T. ) ;
#523 = DIRECTION ( 'NONE',  ( -1.000000000000000000, 0.0000000000000000000, 0.0000000000000000000 ) ) ;
#524 = ORIENTED_EDGE ( 'NONE', *, *, #1958, .T. ) ;
#525 = ORIENTED_EDGE ( 'NONE', *, *, #5009, .F. ) ;
#526 = ORIENTED_EDGE ( 'NONE', *, *, #754, .F. ) ;
#527 = DIRECTION ( 'NONE',  ( 1.000000000000000000, 0.0000000000000000000, 0.0000000000000000000 ) ) ;
#528 = EDGE_CURVE ( 'NONE', #4961, #3140, #5268, .T. ) ;
#529 = ADVANCED_FACE ( 'NONE', ( #1357 ), #3159, .F. ) ;
#530 = CARTESIAN_POINT ( 'NONE',  ( 4.000000000000000000, 0.0000000000000000000, 0.0000000000000000000 ) ) ;
#531 = CARTESIAN_POINT ( 'NONE',  ( 5.799999999999999822, 1.100000000000000089, -3.050000000000000266 ) ) ;
#532 = ORIENTED_EDGE ( 'NONE', *, *, #3823, .T. ) ;
#533 = ORIENTED_EDGE ( 'NONE', *, *, #308, .T. ) ;
#534 = VERTEX_POINT ( 'NONE', #460 ) ;
#535 = CARTESIAN_POINT ( 'NONE',  ( -2.000000000000000000, 7.540000000000000036, 1.649999999999999911 ) ) ;
#536 = CARTESIAN_POINT ( 'NONE',  ( 6.299999999999999822, 8.500000000000000000, -3.299999999999999822 ) ) ;
#537 = DIRECTION ( 'NONE',  ( -0.0000000000000000000, 1.000000000000000000, 0.0000000000000000000 ) ) ;
#538 = CARTESIAN_POINT ( 'NONE',  ( 3.200000000000000178, 0.0000000000000000000, -0.2000000000000000111 ) ) ;
#539 = LINE ( 'NONE', #1057, #1637 ) ;
#540 = FACE_OUTER_BOUND ( 'NONE', #4467, .T. ) ;
#541 = VERTEX_POINT ( 'NONE', #4785 ) ;
#542 = EDGE_CURVE ( 'NONE', #4775, #1255, #2677, .T. ) ;
#543 = CARTESIAN_POINT ( 'NONE',  ( -0.6999999999999999556, 6.545008898986999668, -1.199999999999999956 ) ) ;
#544 = DIRECTION ( 'NONE',  ( -1.000000000000000000, 0.0000000000000000000, 0.0000000000000000000 ) ) ;
#545 = CARTESIAN_POINT ( 'NONE',  ( 1.300000000000000044, 6.827851611462000037, -1.199999999999999956 ) ) ;
#546 = AXIS2_PLACEMENT_3D ( 'NONE', #102, #5248, #76 ) ;
#547 = CARTESIAN_POINT ( 'NONE',  ( -7.649999999999999467, 1.199999999999999956, 1.750000000000000000 ) ) ;
#548 = VERTEX_POINT ( 'NONE', #3530 ) ;
#549 = ORIENTED_EDGE ( 'NONE', *, *, #4482, .F. ) ;
#550 = AXIS2_PLACEMENT_3D ( 'NONE', #1920, #4896, #3240 ) ;
#551 = FACE_BOUND ( 'NONE', #2214, .T. ) ;
#552 = FACE_OUTER_BOUND ( 'NONE', #3267, .T. ) ;
#553 = EDGE_CURVE ( 'NONE', #3653, #1027, #94, .T. ) ;
#554 = VERTEX_POINT ( 'NONE', #4380 ) ;
#555 = VECTOR ( 'NONE', #1381, 1000.000000000000000 ) ;
#556 = DIRECTION ( 'NONE',  ( 1.000000000000000000, 0.0000000000000000000, 0.0000000000000000000 ) ) ;
#557 = ORIENTED_EDGE ( 'NONE', *, *, #4670, .F. ) ;
#558 = ORIENTED_EDGE ( 'NONE', *, *, #3807, .T. ) ;
#559 = CIRCLE ( 'NONE', #1183, 0.2500000000000000000 ) ;
#560 = LINE ( 'NONE', #4453, #2713 ) ;
#561 = CARTESIAN_POINT ( 'NONE',  ( 7.900000000000000355, 6.500000000000000000, 0.0000000000000000000 ) ) ;
#562 = ORIENTED_EDGE ( 'NONE', *, *, #3807, .F. ) ;
#563 = CIRCLE ( 'NONE', #1997, 1.221512099436000032 ) ;
#564 = DIRECTION ( 'NONE',  ( -1.000000000000000000, 0.0000000000000000000, 0.0000000000000000000 ) ) ;
#565 = AXIS2_PLACEMENT_3D ( 'NONE', #1386, #2520, #91 ) ;
#566 = DIRECTION ( 'NONE',  ( 0.0000000000000000000, -0.5735764363510117425, 0.8191520442890158904 ) ) ;
#567 = AXIS2_PLACEMENT_3D ( 'NONE', #1948, #1582, #4262 ) ;
#568 = DIRECTION ( 'NONE',  ( -1.000000000000000000, 0.0000000000000000000, 0.0000000000000000000 ) ) ;
#569 = ORIENTED_EDGE ( 'NONE', *, *, #2158, .T. ) ;
#570 = FACE_OUTER_BOUND ( 'NONE', #4333, .T. ) ;
#571 = VECTOR ( 'NONE', #2360, 1000.000000000000000 ) ;
#572 = VECTOR ( 'NONE', #1236, 1000.000000000000114 ) ;
#573 = DIRECTION ( 'NONE',  ( 0.0000000000000000000, 0.0000000000000000000, 1.000000000000000000 ) ) ;
#574 = LINE ( 'NONE', #4869, #1910 ) ;
#575 = VECTOR ( 'NONE', #3482, 1000.000000000000114 ) ;
#576 = AXIS2_PLACEMENT_3D ( 'NONE', #79, #2218, #2663 ) ;
#577 = CARTESIAN_POINT ( 'NONE',  ( -0.6999999999999999556, 6.545008898986999668, -1.199999999999999956 ) ) ;
#578 = VERTEX_POINT ( 'NONE', #1415 ) ;
#579 = ORIENTED_EDGE ( 'NONE', *, *, #3715, .T. ) ;
#580 = CARTESIAN_POINT ( 'NONE',  ( -3.200000000000000178, 0.0000000000000000000, 0.0000000000000000000 ) ) ;
#581 = AXIS2_PLACEMENT_3D ( 'NONE', #1666, #2035, #3778 ) ;
#582 = AXIS2_PLACEMENT_3D ( 'NONE', #1604, #3270, #4567 ) ;
#583 = PLANE ( 'NONE',  #5064 ) ;
#584 = ADVANCED_FACE ( 'NONE', ( #570 ), #5237, .F. ) ;
#585 = PLANE ( 'NONE',  #41 ) ;
#586 = VERTEX_POINT ( 'NONE', #5206 ) ;
#587 = ORIENTED_EDGE ( 'NONE', *, *, #3334, .T. ) ;
#588 = VERTEX_POINT ( 'NONE', #4007 ) ;
#589 = CARTESIAN_POINT ( 'NONE',  ( -7.900000000000000355, 6.500000000000000000, -0.2500000000000000000 ) ) ;
#590 = VECTOR ( 'NONE', #3139, 1000.000000000000000 ) ;
#591 = EDGE_CURVE ( 'NONE', #1660, #3536, #1806, .T. ) ;
#592 = DIRECTION ( 'NONE',  ( 1.000000000000000000, 0.0000000000000000000, 0.0000000000000000000 ) ) ;
#593 = ORIENTED_EDGE ( 'NONE', *, *, #2216, .T. ) ;
#594 = VECTOR ( 'NONE', #3528, 1000.000000000000000 ) ;
#595 = LINE ( 'NONE', #2313, #2895 ) ;
#596 = DIRECTION ( 'NONE',  ( 0.0000000000000000000, 0.7071067811865477948, 0.7071067811865473507 ) ) ;
#597 = CARTESIAN_POINT ( 'NONE',  ( 6.550000000000000711, 1.199999999999999956, -0.2500000000000000000 ) ) ;
#598 = ORIENTED_EDGE ( 'NONE', *, *, #3486, .F. ) ;
#599 = LINE ( 'NONE', #1891, #1360 ) ;
#600 = DIRECTION ( 'NONE',  ( 0.0000000000000000000, 0.0000000000000000000, -1.000000000000000000 ) ) ;
#601 = DIRECTION ( 'NONE',  ( -1.000000000000000000, 0.0000000000000000000, 0.0000000000000000000 ) ) ;
#602 = CARTESIAN_POINT ( 'NONE',  ( 1.300000000000000044, 4.642518405394000069, -1.199999999999999956 ) ) ;
#603 = ORIENTED_EDGE ( 'NONE', *, *, #682, .F. ) ;
#604 = ORIENTED_EDGE ( 'NONE', *, *, #976, .T. ) ;
#605 = CARTESIAN_POINT ( 'NONE',  ( -6.049999999999999822, 0.0000000000000000000, -3.799999999999999822 ) ) ;
#606 = DIRECTION ( 'NONE',  ( 0.0000000000000000000, -1.000000000000000000, 0.0000000000000000000 ) ) ;
#607 = AXIS2_PLACEMENT_3D ( 'NONE', #1998, #229, #4175 ) ;
#608 = DIRECTION ( 'NONE',  ( 0.0000000000000000000, 0.0000000000000000000, -1.000000000000000000 ) ) ;
#609 = ORIENTED_EDGE ( 'NONE', *, *, #2756, .F. ) ;
#610 = DIRECTION ( 'NONE',  ( 0.0000000000000000000, 0.0000000000000000000, 1.000000000000000000 ) ) ;
#611 = VERTEX_POINT ( 'NONE', #543 ) ;
#612 = ADVANCED_FACE ( 'NONE', ( #123 ), #2258, .T. ) ;
#613 = VERTEX_POINT ( 'NONE', #974 ) ;
#614 = CARTESIAN_POINT ( 'NONE',  ( -3.799999999999999822, 6.201763382732000451, -0.8567544837448999306 ) ) ;
#615 = LINE ( 'NONE', #2333, #1653 ) ;
#616 = PLANE ( 'NONE',  #5312 ) ;
#617 = EDGE_CURVE ( 'NONE', #1624, #4362, #2703, .T. ) ;
#618 = LINE ( 'NONE', #640, #3539 ) ;
#619 = ORIENTED_EDGE ( 'NONE', *, *, #3329, .F. ) ;
#620 = PLANE ( 'NONE',  #5087 ) ;
#621 = EDGE_LOOP ( 'NONE', ( #5254, #3324, #4819, #3304 ) ) ;
#622 = DIRECTION ( 'NONE',  ( 0.0000000000000000000, 0.7071067811865474617, -0.7071067811865474617 ) ) ;
#623 = CARTESIAN_POINT ( 'NONE',  ( -3.799999999999999822, 0.0000000000000000000, -0.2000000000000000111 ) ) ;
#624 = DIRECTION ( 'NONE',  ( 0.0000000000000000000, -0.5735764363510114094, 0.8191520442890160014 ) ) ;
#625 = PLANE ( 'NONE',  #1938 ) ;
#626 = ORIENTED_EDGE ( 'NONE', *, *, #3493, .T. ) ;
#627 = ORIENTED_EDGE ( 'NONE', *, *, #4072, .F. ) ;
#628 = CYLINDRICAL_SURFACE ( 'NONE', #5487, 0.2500000000000000000 ) ;
#629 = DIRECTION ( 'NONE',  ( 1.000000000000000000, 0.0000000000000000000, 0.0000000000000000000 ) ) ;
#630 = VERTEX_POINT ( 'NONE', #3052 ) ;
#631 = CYLINDRICAL_SURFACE ( 'NONE', #780, 0.2500000000000002220 ) ;
#632 = ORIENTED_EDGE ( 'NONE', *, *, #279, .F. ) ;
#633 = AXIS2_PLACEMENT_3D ( 'NONE', #3305, #1929, #1587 ) ;
#634 = LINE ( 'NONE', #3598, #571 ) ;
#635 = DIRECTION ( 'NONE',  ( 0.0000000000000000000, -1.000000000000000000, 0.0000000000000000000 ) ) ;
#636 = VECTOR ( 'NONE', #4653, 1000.000000000000000 ) ;
#637 = ORIENTED_EDGE ( 'NONE', *, *, #2651, .T. ) ;
#638 = CYLINDRICAL_SURFACE ( 'NONE', #4515, 0.5000000000000000000 ) ;
#639 = CARTESIAN_POINT ( 'NONE',  ( -4.500000000000000000, 3.950000000000000178, -3.550000000000000266 ) ) ;
#640 = CARTESIAN_POINT ( 'NONE',  ( -1.300000000000000044, 4.642518405394000069, -1.199999999999999956 ) ) ;
#641 = EDGE_CURVE ( 'NONE', #4492, #4034, #1865, .T. ) ;
#642 = ORIENTED_EDGE ( 'NONE', *, *, #1887, .F. ) ;
#643 = VECTOR ( 'NONE', #5513, 1000.000000000000000 ) ;
#644 = DIRECTION ( 'NONE',  ( -1.000000000000000000, 0.0000000000000000000, 0.0000000000000000000 ) ) ;
#645 = VERTEX_POINT ( 'NONE', #4754 ) ;
#646 = CARTESIAN_POINT ( 'NONE',  ( -3.200000000000000178, 6.201763382732000451, -0.8567544837448999306 ) ) ;
#647 = CARTESIAN_POINT ( 'NONE',  ( 6.299999999999999822, 8.500000000000000000, 1.399999999999999911 ) ) ;
#648 = FACE_OUTER_BOUND ( 'NONE', #2684, .T. ) ;
#649 = EDGE_CURVE ( 'NONE', #1739, #5005, #42, .T. ) ;
#650 = CARTESIAN_POINT ( 'NONE',  ( 4.500000000000000000, 3.950000000000000178, 1.649999999999999911 ) ) ;
#651 = AXIS2_PLACEMENT_3D ( 'NONE', #2223, #3961, #1430 ) ;
#652 = ORIENTED_EDGE ( 'NONE', *, *, #1545, .F. ) ;
#653 = VECTOR ( 'NONE', #865, 1000.000000000000000 ) ;
#654 = ORIENTED_EDGE ( 'NONE', *, *, #2199, .T. ) ;
#655 = LINE ( 'NONE', #212, #5036 ) ;
#656 = EDGE_CURVE ( 'NONE', #3830, #1320, #4866, .T. ) ;
#657 = DIRECTION ( 'NONE',  ( 0.0000000000000000000, -1.000000000000000000, 0.0000000000000000000 ) ) ;
#658 = VECTOR ( 'NONE', #1588, 1000.000000000000000 ) ;
#659 = AXIS2_PLACEMENT_3D ( 'NONE', #1433, #537, #592 ) ;
#660 = CARTESIAN_POINT ( 'NONE',  ( -1.300000000000000044, -1.100000000000000089, -0.2000000000000000111 ) ) ;
#661 = EDGE_LOOP ( 'NONE', ( #4147, #2238, #807, #5444, #2351, #5517, #873, #4254 ) ) ;
#662 = LINE ( 'NONE', #4018, #2586 ) ;
#663 = ORIENTED_EDGE ( 'NONE', *, *, #4477, .F. ) ;
#664 = CIRCLE ( 'NONE', #576, 0.2500000000000002220 ) ;
#665 = CARTESIAN_POINT ( 'NONE',  ( 4.250000000000000000, 3.950000000000000178, -3.550000000000000266 ) ) ;
#666 = LINE ( 'NONE', #2862, #400 ) ;
#667 = ORIENTED_EDGE ( 'NONE', *, *, #1648, .F. ) ;
#668 = DIRECTION ( 'NONE',  ( 0.0000000000000000000, 0.0000000000000000000, 1.000000000000000000 ) ) ;
#669 = CARTESIAN_POINT ( 'NONE',  ( -1.750000000000000000, 7.250000000000000000, -3.799999999999999822 ) ) ;
#670 = CARTESIAN_POINT ( 'NONE',  ( 3.200000000000000178, 5.905096863084000169, -0.5600879640965999995 ) ) ;
#671 = AXIS2_PLACEMENT_3D ( 'NONE', #4625, #1153, #5071 ) ;
#672 = DIRECTION ( 'NONE',  ( 1.000000000000000000, 0.0000000000000000000, 0.0000000000000000000 ) ) ;
#673 = VERTEX_POINT ( 'NONE', #3480 ) ;
#674 = CARTESIAN_POINT ( 'NONE',  ( 6.049999999999999822, 1.100000000000000089, 1.649999999999999911 ) ) ;
#675 = ADVANCED_FACE ( 'NONE', ( #1333, #2622, #4349 ), #492, .F. ) ;
#676 = DIRECTION ( 'NONE',  ( -1.000000000000000000, 0.0000000000000000000, 0.0000000000000000000 ) ) ;
#677 = VECTOR ( 'NONE', #2369, 1000.000000000000000 ) ;
#678 = CARTESIAN_POINT ( 'NONE',  ( -2.000000000000000000, 5.444198298232000077, 1.899999999999999911 ) ) ;
#679 = DIRECTION ( 'NONE',  ( 0.0000000000000000000, 0.0000000000000000000, 1.000000000000000000 ) ) ;
#680 = LINE ( 'NONE', #2491, #4375 ) ;
#681 = ORIENTED_EDGE ( 'NONE', *, *, #3095, .F. ) ;
#682 = EDGE_CURVE ( 'NONE', #4075, #3797, #202, .T. ) ;
#683 = ORIENTED_EDGE ( 'NONE', *, *, #1725, .F. ) ;
#684 = LINE ( 'NONE', #1898, #2524 ) ;
#685 = CARTESIAN_POINT ( 'NONE',  ( 1.300000000000000044, 0.0000000000000000000, 0.0000000000000000000 ) ) ;
#686 = FACE_BOUND ( 'NONE', #2850, .T. ) ;
#687 = CARTESIAN_POINT ( 'NONE',  ( -5.799999999999999822, 7.700000000000000178, -3.050000000000000266 ) ) ;
#688 = ORIENTED_EDGE ( 'NONE', *, *, #2859, .F. ) ;
#689 = DIRECTION ( 'NONE',  ( 1.000000000000000000, 0.0000000000000000000, 0.0000000000000000000 ) ) ;
#690 = ORIENTED_EDGE ( 'NONE', *, *, #3881, .T. ) ;
#691 = DIRECTION ( 'NONE',  ( 0.0000000000000000000, -1.000000000000000000, 0.0000000000000000000 ) ) ;
#692 =( GEOMETRIC_REPRESENTATION_CONTEXT ( 3 ) GLOBAL_UNCERTAINTY_ASSIGNED_CONTEXT ( ( #2013 ) ) GLOBAL_UNIT_ASSIGNED_CONTEXT ( ( #1904, #4448, #2358 ) ) REPRESENTATION_CONTEXT ( 'NONE', 'WORKASPACE' ) );
#693 = DIRECTION ( 'NONE',  ( 0.0000000000000000000, 0.0000000000000000000, 1.000000000000000000 ) ) ;
#694 = ORIENTED_EDGE ( 'NONE', *, *, #3785, .T. ) ;
#695 = LINE ( 'NONE', #3151, #4953 ) ;
#696 = DIRECTION ( 'NONE',  ( 0.0000000000000000000, -0.7071067811865475727, 0.7071067811865475727 ) ) ;
#697 = CARTESIAN_POINT ( 'NONE',  ( 2.000000000000000000, 7.500000000000000000, 1.649999999999999911 ) ) ;
#698 = DIRECTION ( 'NONE',  ( -1.000000000000000000, 0.0000000000000000000, 0.0000000000000000000 ) ) ;
#699 = ORIENTED_EDGE ( 'NONE', *, *, #617, .T. ) ;
#700 = FACE_OUTER_BOUND ( 'NONE', #1964, .T. ) ;
#701 = FACE_OUTER_BOUND ( 'NONE', #4874, .T. ) ;
#702 = CARTESIAN_POINT ( 'NONE',  ( 6.299999999999999822, 8.500000000000000000, 1.399999999999999911 ) ) ;
#703 = LINE ( 'NONE', #65, #1733 ) ;
#704 = CARTESIAN_POINT ( 'NONE',  ( -3.799999999999999822, 6.343184738968999703, -0.7153331275076000306 ) ) ;
#705 = EDGE_LOOP ( 'NONE', ( #2027, #4222, #4553, #1363 ) ) ;
#706 = VERTEX_POINT ( 'NONE', #4462 ) ;
#707 = CARTESIAN_POINT ( 'NONE',  ( -6.550000000000000711, 8.500000000000000000, 1.399999999999999911 ) ) ;
#708 = CARTESIAN_POINT ( 'NONE',  ( -3.200000000000000178, 0.0000000000000000000, -0.2000000000000000111 ) ) ;
#709 = CARTESIAN_POINT ( 'NONE',  ( 3.200000000000000178, -1.500000000000000000, 0.0000000000000000000 ) ) ;
#710 = ADVANCED_FACE ( 'NONE', ( #700 ), #3611, .T. ) ;
#711 = EDGE_LOOP ( 'NONE', ( #2971, #4069, #1879, #1871 ) ) ;
#712 = DIRECTION ( 'NONE',  ( 0.0000000000000000000, 0.0000000000000000000, 1.000000000000000000 ) ) ;
#713 = ORIENTED_EDGE ( 'NONE', *, *, #3986, .T. ) ;
#714 = DIRECTION ( 'NONE',  ( 0.0000000000000000000, 0.0000000000000000000, 1.000000000000000000 ) ) ;
#715 = DIRECTION ( 'NONE',  ( 0.0000000000000000000, 1.000000000000000000, 0.0000000000000000000 ) ) ;
#716 = ORIENTED_EDGE ( 'NONE', *, *, #1231, .T. ) ;
#717 = ORIENTED_EDGE ( 'NONE', *, *, #1725, .T. ) ;
#718 = EDGE_CURVE ( 'NONE', #1470, #384, #5320, .T. ) ;
#719 = AXIS2_PLACEMENT_3D ( 'NONE', #3216, #5349, #3687 ) ;
#720 = CARTESIAN_POINT ( 'NONE',  ( -0.6999999999999999556, 4.642518405394000069, -1.199999999999999956 ) ) ;
#721 = DIRECTION ( 'NONE',  ( -1.000000000000000000, 0.0000000000000000000, 0.0000000000000000000 ) ) ;
#722 = ORIENTED_EDGE ( 'NONE', *, *, #2376, .F. ) ;
#723 = CARTESIAN_POINT ( 'NONE',  ( 2.000000000000000000, 5.819737305159000229, -3.630106731642999573 ) ) ;
#724 = VERTEX_POINT ( 'NONE', #646 ) ;
#725 = AXIS2_PLACEMENT_3D ( 'NONE', #172, #1029, #2838 ) ;
#726 = LINE ( 'NONE', #5138, #736 ) ;
#727 = LINE ( 'NONE', #368, #412 ) ;
#728 = DIRECTION ( 'NONE',  ( -1.000000000000000000, 0.0000000000000000000, 0.0000000000000000000 ) ) ;
#729 = AXIS2_PLACEMENT_3D ( 'NONE', #1085, #3771, #696 ) ;
#730 = DIRECTION ( 'NONE',  ( 0.0000000000000000000, -0.5735764363510111874, 0.8191520442890162235 ) ) ;
#731 = ORIENTED_EDGE ( 'NONE', *, *, #4446, .T. ) ;
#732 = ORIENTED_EDGE ( 'NONE', *, *, #2817, .T. ) ;
#733 = FACE_OUTER_BOUND ( 'NONE', #968, .T. ) ;
#734 = AXIS2_PLACEMENT_3D ( 'NONE', #1273, #4789, #4322 ) ;
#735 = DIRECTION ( 'NONE',  ( 0.0000000000000000000, 0.0000000000000000000, 1.000000000000000000 ) ) ;
#736 = VECTOR ( 'NONE', #2816, 1000.000000000000000 ) ;
#737 = APPLICATION_CONTEXT ( 'automotive_design' ) ;
#738 = DIRECTION ( 'NONE',  ( 0.0000000000000000000, 0.0000000000000000000, 1.000000000000000000 ) ) ;
#739 = AXIS2_PLACEMENT_3D ( 'NONE', #428, #36, #920 ) ;
#740 = ORIENTED_EDGE ( 'NONE', *, *, #5230, .F. ) ;
#741 = ORIENTED_EDGE ( 'NONE', *, *, #5165, .T. ) ;
#742 = ORIENTED_EDGE ( 'NONE', *, *, #4331, .T. ) ;
#743 = ADVANCED_FACE ( 'NONE', ( #256, #4949 ), #3191, .T. ) ;
#744 = AXIS2_PLACEMENT_3D ( 'NONE', #775, #4605, #4684 ) ;
#745 = VECTOR ( 'NONE', #2310, 1000.000000000000000 ) ;
#746 = LINE ( 'NONE', #2442, #5332 ) ;
#747 = EDGE_CURVE ( 'NONE', #2455, #5105, #1473, .T. ) ;
#748 = PLANE ( 'NONE',  #3012 ) ;
#749 = AXIS2_PLACEMENT_3D ( 'NONE', #977, #1526, #573 ) ;
#750 = ORIENTED_EDGE ( 'NONE', *, *, #4454, .F. ) ;
#751 = CIRCLE ( 'NONE', #4359, 0.7000000000000007327 ) ;
#752 = ADVANCED_FACE ( 'NONE', ( #1971 ), #2318, .F. ) ;
#753 = ORIENTED_EDGE ( 'NONE', *, *, #2066, .F. ) ;
#754 = EDGE_CURVE ( 'NONE', #56, #872, #1263, .T. ) ;
#755 = VECTOR ( 'NONE', #4886, 1000.000000000000000 ) ;
#756 = LINE ( 'NONE', #3320, #3620 ) ;
#757 = DIRECTION ( 'NONE',  ( 1.000000000000000000, 0.0000000000000000000, 0.0000000000000000000 ) ) ;
#758 = LINE ( 'NONE', #4507, #1672 ) ;
#759 = ORIENTED_EDGE ( 'NONE', *, *, #2390, .T. ) ;
#760 = CARTESIAN_POINT ( 'NONE',  ( -6.049999999999999822, 8.500000000000000000, -3.550000000000000266 ) ) ;
#761 = CARTESIAN_POINT ( 'NONE',  ( 5.799999999999999822, 7.700000000000000178, -1.199999999999999956 ) ) ;
#762 = CARTESIAN_POINT ( 'NONE',  ( -7.900000000000000355, 0.0000000000000000000, 0.2500000000000000000 ) ) ;
#763 = VECTOR ( 'NONE', #2430, 1000.000000000000000 ) ;
#764 = CARTESIAN_POINT ( 'NONE',  ( -3.799999999999999822, 0.0000000000000000000, -0.2000000000000000111 ) ) ;
#765 = EDGE_LOOP ( 'NONE', ( #2200, #5280, #2363, #472 ) ) ;
#766 = VERTEX_POINT ( 'NONE', #674 ) ;
#767 = CARTESIAN_POINT ( 'NONE',  ( -7.900000000000000355, 0.0000000000000000000, 1.750000000000000000 ) ) ;
#768 = AXIS2_PLACEMENT_3D ( 'NONE', #4650, #5469, #3730 ) ;
#769 = CARTESIAN_POINT ( 'NONE',  ( 3.200000000000000178, 6.343184738968999703, -0.7153331275076000306 ) ) ;
#770 = DIRECTION ( 'NONE',  ( 1.000000000000000000, 0.0000000000000000000, 0.0000000000000000000 ) ) ;
#771 = FACE_OUTER_BOUND ( 'NONE', #5169, .T. ) ;
#772 = VERTEX_POINT ( 'NONE', #3268 ) ;
#773 = APPLICATION_PROTOCOL_DEFINITION ( 'draft international standard', 'automotive_design', 1998, #737 ) ;
#774 = DIRECTION ( 'NONE',  ( 0.0000000000000000000, 0.0000000000000000000, -1.000000000000000000 ) ) ;
#775 = CARTESIAN_POINT ( 'NONE',  ( 4.250000000000000000, 7.250000000000000000, 9.330519999999999925 ) ) ;
#776 = FACE_OUTER_BOUND ( 'NONE', #4844, .T. ) ;
#777 = EDGE_LOOP ( 'NONE', ( #3121, #3208, #5381, #495 ) ) ;
#778 = EDGE_CURVE ( 'NONE', #2868, #3013, #231, .T. ) ;
#779 = ORIENTED_EDGE ( 'NONE', *, *, #4019, .F. ) ;
#780 = AXIS2_PLACEMENT_3D ( 'NONE', #4906, #1934, #4932 ) ;
#781 = CARTESIAN_POINT ( 'NONE',  ( 1.300000000000000044, 5.561421773962999637, -0.8007318521937000222 ) ) ;
#782 = ORIENTED_EDGE ( 'NONE', *, *, #3450, .T. ) ;
#783 = CARTESIAN_POINT ( 'NONE',  ( 0.0000000000000000000, 0.0000000000000000000, 0.0000000000000000000 ) ) ;
#784 = EDGE_CURVE ( 'NONE', #2051, #4034, #3870, .T. ) ;
#785 = EDGE_CURVE ( 'NONE', #56, #275, #3296, .T. ) ;
#786 = DIRECTION ( 'NONE',  ( -0.0000000000000000000, 0.7071067811865475727, 0.7071067811865475727 ) ) ;
#787 = DIRECTION ( 'NONE',  ( 0.0000000000000000000, 0.7071067811865477948, 0.7071067811865472397 ) ) ;
#788 = DIRECTION ( 'NONE',  ( 0.0000000000000000000, 1.000000000000000000, 0.0000000000000000000 ) ) ;
#789 = ORIENTED_EDGE ( 'NONE', *, *, #1436, .T. ) ;
#790 = VERTEX_POINT ( 'NONE', #4921 ) ;
#791 = LINE ( 'NONE', #5157, #4593 ) ;
#792 = LINE ( 'NONE', #2067, #5154 ) ;
#793 = CARTESIAN_POINT ( 'NONE',  ( -6.049999999999999822, 0.0000000000000000000, -3.799999999999999822 ) ) ;
#794 = EDGE_CURVE ( 'NONE', #363, #3521, #4121, .T. ) ;
#795 = CARTESIAN_POINT ( 'NONE',  ( -0.6999999999999999556, -1.100000000000000089, -0.2000000000000000111 ) ) ;
#796 = EDGE_LOOP ( 'NONE', ( #4282, #198, #2160, #1012 ) ) ;
#797 = ORIENTED_EDGE ( 'NONE', *, *, #2475, .T. ) ;
#798 = CYLINDRICAL_SURFACE ( 'NONE', #2412, 0.2500000000000002220 ) ;
#799 = ORIENTED_EDGE ( 'NONE', *, *, #3953, .F. ) ;
#800 = LINE ( 'NONE', #2525, #1827 ) ;
#801 = LINE ( 'NONE', #850, #1010 ) ;
#802 = ORIENTED_EDGE ( 'NONE', *, *, #2777, .F. ) ;
#803 = ORIENTED_EDGE ( 'NONE', *, *, #2574, .T. ) ;
#804 = CARTESIAN_POINT ( 'NONE',  ( -5.799999999999999822, 1.100000000000000089, -3.050000000000000266 ) ) ;
#805 = DIRECTION ( 'NONE',  ( 0.0000000000000000000, -1.000000000000000000, 0.0000000000000000000 ) ) ;
#806 = VECTOR ( 'NONE', #2215, 1000.000000000000000 ) ;
#807 = ORIENTED_EDGE ( 'NONE', *, *, #2417, .F. ) ;
#808 = FACE_OUTER_BOUND ( 'NONE', #410, .T. ) ;
#809 = CARTESIAN_POINT ( 'NONE',  ( 4.000000000000000000, 6.549418683239000671, -4.271512099436000298 ) ) ;
#810 = VECTOR ( 'NONE', #4628, 1000.000000000000000 ) ;
#811 = EDGE_CURVE ( 'NONE', #3423, #5471, #5403, .T. ) ;
#812 = DIRECTION ( 'NONE',  ( 1.000000000000000000, 0.0000000000000000000, 0.0000000000000000000 ) ) ;
#813 = VECTOR ( 'NONE', #2671, 1000.000000000000000 ) ;
#814 = CARTESIAN_POINT ( 'NONE',  ( -3.200000000000000178, 5.927851611461999681, -0.2999999999999999889 ) ) ;
#815 = VERTEX_POINT ( 'NONE', #4148 ) ;
#816 = CARTESIAN_POINT ( 'NONE',  ( 5.500000000000000000, 8.000000000000000000, -1.500000000000000000 ) ) ;
#817 = AXIS2_PLACEMENT_3D ( 'NONE', #5313, #2672, #4426 ) ;
#818 = FACE_OUTER_BOUND ( 'NONE', #5175, .T. ) ;
#819 = LINE ( 'NONE', #4270, #2717 ) ;
#820 = ORIENTED_EDGE ( 'NONE', *, *, #778, .T. ) ;
#821 = ORIENTED_EDGE ( 'NONE', *, *, #2678, .T. ) ;
#822 = LINE ( 'NONE', #2070, #6 ) ;
#823 = EDGE_CURVE ( 'NONE', #4796, #1041, #2844, .T. ) ;
#824 = CARTESIAN_POINT ( 'NONE',  ( -3.200000000000000178, 0.0000000000000000000, -0.2000000000000000111 ) ) ;
#825 = VECTOR ( 'NONE', #2249, 1000.000000000000000 ) ;
#826 = CARTESIAN_POINT ( 'NONE',  ( -4.000000000000000000, 3.950000000000000178, 1.899999999999999911 ) ) ;
#827 = EDGE_LOOP ( 'NONE', ( #1481, #5162, #1779, #1968 ) ) ;
#828 = VECTOR ( 'NONE', #190, 1000.000000000000000 ) ;
#829 = VECTOR ( 'NONE', #1835, 1000.000000000000000 ) ;
#830 = ORIENTED_EDGE ( 'NONE', *, *, #4662, .T. ) ;
#831 = FACE_OUTER_BOUND ( 'NONE', #5367, .T. ) ;
#832 = VECTOR ( 'NONE', #4096, 1000.000000000000114 ) ;
#833 = LINE ( 'NONE', #3434, #4697 ) ;
#834 = VECTOR ( 'NONE', #5430, 1000.000000000000000 ) ;
#835 = CARTESIAN_POINT ( 'NONE',  ( 2.000000000000000000, 7.200000000000000178, 1.649999999999999911 ) ) ;
#836 = CARTESIAN_POINT ( 'NONE',  ( 7.900000000000000355, 6.500000000000000000, -0.2500000000000000000 ) ) ;
#837 = DIRECTION ( 'NONE',  ( 0.0000000000000000000, -1.000000000000000000, 0.0000000000000000000 ) ) ;
#838 = DIRECTION ( 'NONE',  ( 0.0000000000000000000, -1.000000000000000000, 0.0000000000000000000 ) ) ;
#839 = ORIENTED_EDGE ( 'NONE', *, *, #4865, .T. ) ;
#840 = DIRECTION ( 'NONE',  ( 0.0000000000000000000, 1.000000000000000000, 0.0000000000000000000 ) ) ;
#841 = EDGE_CURVE ( 'NONE', #2521, #1774, #1946, .T. ) ;
#842 = AXIS2_PLACEMENT_3D ( 'NONE', #1066, #180, #1505 ) ;
#843 = CARTESIAN_POINT ( 'NONE',  ( -6.550000000000000711, 8.500000000000000000, -3.799999999999999822 ) ) ;
#844 = DIRECTION ( 'NONE',  ( 0.0000000000000000000, 0.8191520442890162235, 0.5735764363510111874 ) ) ;
#845 = EDGE_LOOP ( 'NONE', ( #2340, #2851, #1092, #3055 ) ) ;
#846 = ORIENTED_EDGE ( 'NONE', *, *, #1919, .F. ) ;
#847 = VECTOR ( 'NONE', #923, 1000.000000000000000 ) ;
#848 = ORIENTED_EDGE ( 'NONE', *, *, #4311, .F. ) ;
#849 = LINE ( 'NONE', #2973, #276 ) ;
#850 = CARTESIAN_POINT ( 'NONE',  ( -6.550000000000000711, 6.500000000000000000, 0.0000000000000000000 ) ) ;
#851 = EDGE_CURVE ( 'NONE', #4384, #630, #5435, .T. ) ;
#852 = EDGE_CURVE ( 'NONE', #3173, #772, #599, .T. ) ;
#853 = VERTEX_POINT ( 'NONE', #760 ) ;
#854 = VERTEX_POINT ( 'NONE', #4287 ) ;
#855 = EDGE_LOOP ( 'NONE', ( #2477, #3646, #3264, #4672 ) ) ;
#856 = ORIENTED_EDGE ( 'NONE', *, *, #4032, .T. ) ;
#857 = CARTESIAN_POINT ( 'NONE',  ( 6.049999999999999822, 0.0000000000000000000, 1.399999999999999911 ) ) ;
#858 = LINE ( 'NONE', #4690, #643 ) ;
#859 = CARTESIAN_POINT ( 'NONE',  ( 2.000000000000000000, 5.819737305159000229, 1.730106731643000106 ) ) ;
#860 = EDGE_CURVE ( 'NONE', #2032, #4970, #2794, .T. ) ;
#861 = EDGE_LOOP ( 'NONE', ( #4688, #4638, #5459, #4509 ) ) ;
#862 = FACE_OUTER_BOUND ( 'NONE', #436, .T. ) ;
#863 = DIRECTION ( 'NONE',  ( -1.000000000000000000, 0.0000000000000000000, 0.0000000000000000000 ) ) ;
#864 = CARTESIAN_POINT ( 'NONE',  ( 6.550000000000000711, 5.299999999999999822, 0.0000000000000000000 ) ) ;
#865 = DIRECTION ( 'NONE',  ( 0.0000000000000000000, 0.0000000000000000000, 1.000000000000000000 ) ) ;
#866 = CARTESIAN_POINT ( 'NONE',  ( -3.200000000000000178, 0.0000000000000000000, 0.0000000000000000000 ) ) ;
#867 = ORIENTED_EDGE ( 'NONE', *, *, #3604, .F. ) ;
#868 = CARTESIAN_POINT ( 'NONE',  ( 1.500000000000000000, 7.250000000000000000, 1.899999999999999911 ) ) ;
#869 = LINE ( 'NONE', #3452, #2012 ) ;
#870 = CYLINDRICAL_SURFACE ( 'NONE', #3172, 0.2500000000000002220 ) ;
#871 = EDGE_LOOP ( 'NONE', ( #1061, #419, #3640, #4484 ) ) ;
#872 = VERTEX_POINT ( 'NONE', #426 ) ;
#873 = ORIENTED_EDGE ( 'NONE', *, *, #4302, .F. ) ;
#874 = DIRECTION ( 'NONE',  ( 0.0000000000000000000, 1.000000000000000000, 0.0000000000000000000 ) ) ;
#875 = EDGE_CURVE ( 'NONE', #1864, #1721, #2142, .T. ) ;
#876 = DIRECTION ( 'NONE',  ( -1.000000000000000000, 0.0000000000000000000, 0.0000000000000000000 ) ) ;
#877 = EDGE_CURVE ( 'NONE', #2928, #2051, #2057, .T. ) ;
#878 = CARTESIAN_POINT ( 'NONE',  ( 3.200000000000000178, 6.545008898986999668, -1.199999999999999956 ) ) ;
#879 = VERTEX_POINT ( 'NONE', #2486 ) ;
#880 = ORIENTED_EDGE ( 'NONE', *, *, #2582, .F. ) ;
#881 = EDGE_LOOP ( 'NONE', ( #3314, #171, #4076, #4793 ) ) ;
#882 = EDGE_LOOP ( 'NONE', ( #5074, #108, #4060, #886, #4901, #1706, #3751, #3331, #392, #782, #4757, #2530 ) ) ;
#883 = FACE_OUTER_BOUND ( 'NONE', #4408, .T. ) ;
#884 = FACE_BOUND ( 'NONE', #3843, .T. ) ;
#885 = CARTESIAN_POINT ( 'NONE',  ( -7.649999999999999467, 1.199999999999999956, 0.2500000000000000000 ) ) ;
#886 = ORIENTED_EDGE ( 'NONE', *, *, #4416, .F. ) ;
#887 = DIRECTION ( 'NONE',  ( 0.0000000000000000000, -1.000000000000000000, 0.0000000000000000000 ) ) ;
#888 = FACE_OUTER_BOUND ( 'NONE', #1996, .T. ) ;
#889 = EDGE_CURVE ( 'NONE', #3770, #1721, #2706, .T. ) ;
#890 = DIRECTION ( 'NONE',  ( -1.000000000000000000, 0.0000000000000000000, 0.0000000000000000000 ) ) ;
#891 = LINE ( 'NONE', #1353, #1646 ) ;
#892 = DIRECTION ( 'NONE',  ( 1.000000000000000000, 0.0000000000000000000, 0.0000000000000000000 ) ) ;
#893 = ORIENTED_EDGE ( 'NONE', *, *, #5537, .T. ) ;
#894 = VECTOR ( 'NONE', #4711, 1000.000000000000000 ) ;
#895 = CARTESIAN_POINT ( 'NONE',  ( -2.000000000000000000, 5.444198298232000077, 1.899999999999999911 ) ) ;
#896 = DIRECTION ( 'NONE',  ( 0.0000000000000000000, 0.0000000000000000000, 1.000000000000000000 ) ) ;
#897 = AXIS2_PLACEMENT_3D ( 'NONE', #4035, #2813, #4540 ) ;
#898 = VERTEX_POINT ( 'NONE', #5096 ) ;
#899 = VERTEX_POINT ( 'NONE', #342 ) ;
#900 = CARTESIAN_POINT ( 'NONE',  ( 0.6999999999999999556, 6.827851611462000037, -1.199999999999999956 ) ) ;
#901 = AXIS2_PLACEMENT_3D ( 'NONE', #3803, #5114, #2083 ) ;
#902 = EDGE_CURVE ( 'NONE', #2265, #209, #2961, .T. ) ;
#903 = DIRECTION ( 'NONE',  ( 0.0000000000000000000, -0.7071067811865475727, 0.7071067811865475727 ) ) ;
#904 = LINE ( 'NONE', #5168, #4087 ) ;
#905 = ORIENTED_EDGE ( 'NONE', *, *, #1519, .T. ) ;
#906 = ORIENTED_EDGE ( 'NONE', *, *, #3677, .T. ) ;
#907 = ORIENTED_EDGE ( 'NONE', *, *, #5441, .F. ) ;
#908 = EDGE_CURVE ( 'NONE', #3165, #2493, #4204, .T. ) ;
#909 = AXIS2_PLACEMENT_3D ( 'NONE', #5293, #3643, #1446 ) ;
#910 = CARTESIAN_POINT ( 'NONE',  ( 3.200000000000000178, 5.848209992139000057, -1.210307874338000023 ) ) ;
#911 = CYLINDRICAL_SURFACE ( 'NONE', #3253, 0.5000000000000001110 ) ;
#912 = FACE_OUTER_BOUND ( 'NONE', #3038, .T. ) ;
#913 = VECTOR ( 'NONE', #5078, 1000.000000000000000 ) ;
#914 = VERTEX_POINT ( 'NONE', #3856 ) ;
#915 = CARTESIAN_POINT ( 'NONE',  ( -0.6999999999999999556, 0.0000000000000000000, -0.2000000000000000111 ) ) ;
#916 = EDGE_CURVE ( 'NONE', #3515, #189, #1213, .T. ) ;
#917 = CIRCLE ( 'NONE', #3716, 1.221512099436000032 ) ;
#918 = VECTOR ( 'NONE', #4312, 1000.000000000000000 ) ;
#919 = DIRECTION ( 'NONE',  ( 0.0000000000000000000, 0.0000000000000000000, -1.000000000000000000 ) ) ;
#920 = DIRECTION ( 'NONE',  ( 0.0000000000000000000, 1.000000000000000000, 0.0000000000000000000 ) ) ;
#921 = LINE ( 'NONE', #3000, #5325 ) ;
#922 = EDGE_CURVE ( 'NONE', #4799, #1041, #4696, .T. ) ;
#923 = DIRECTION ( 'NONE',  ( 0.0000000000000000000, 1.000000000000000000, 0.0000000000000000000 ) ) ;
#924 = AXIS2_PLACEMENT_3D ( 'NONE', #4185, #5413, #1221 ) ;
#925 = VERTEX_POINT ( 'NONE', #836 ) ;
#926 = CIRCLE ( 'NONE', #3900, 0.2500000000000002220 ) ;
#927 = CARTESIAN_POINT ( 'NONE',  ( -6.550000000000000711, 5.299999999999999822, 0.0000000000000000000 ) ) ;
#928 = DIRECTION ( 'NONE',  ( 1.000000000000000000, 0.0000000000000000000, 0.0000000000000000000 ) ) ;
#929 = DIRECTION ( 'NONE',  ( 0.0000000000000000000, 0.0000000000000000000, -1.000000000000000000 ) ) ;
#930 = EDGE_LOOP ( 'NONE', ( #3303, #3197, #4232, #558 ) ) ;
#931 = ORIENTED_EDGE ( 'NONE', *, *, #3506, .F. ) ;
#932 = CARTESIAN_POINT ( 'NONE',  ( 4.000000000000000000, 7.500000000000000000, 1.649999999999999911 ) ) ;
#933 = CARTESIAN_POINT ( 'NONE',  ( 2.000000000000000000, 5.444198298232000077, -3.799999999999999822 ) ) ;
#934 = DIRECTION ( 'NONE',  ( -1.000000000000000000, 0.0000000000000000000, 0.0000000000000000000 ) ) ;
#935 = AXIS2_PLACEMENT_3D ( 'NONE', #3915, #2568, #4288 ) ;
#936 = ORIENTED_EDGE ( 'NONE', *, *, #5321, .T. ) ;
#937 = ORIENTED_EDGE ( 'NONE', *, *, #239, .T. ) ;
#938 = ORIENTED_EDGE ( 'NONE', *, *, #5508, .F. ) ;
#939 = AXIS2_PLACEMENT_3D ( 'NONE', #4347, #489, #1778 ) ;
#940 = ORIENTED_EDGE ( 'NONE', *, *, #1314, .F. ) ;
#941 = LINE ( 'NONE', #2667, #45 ) ;
#942 = CARTESIAN_POINT ( 'NONE',  ( 4.500000000000000000, 3.950000000000000178, -3.550000000000000266 ) ) ;
#943 = DIRECTION ( 'NONE',  ( 0.0000000000000000000, 0.8083130535826811291, -0.5887529256044863324 ) ) ;
#944 = VERTEX_POINT ( 'NONE', #4667 ) ;
#945 = DIRECTION ( 'NONE',  ( 0.0000000000000000000, 0.7071067811865474617, -0.7071067811865474617 ) ) ;
#946 = EDGE_CURVE ( 'NONE', #1680, #4398, #5402, .T. ) ;
#947 = CARTESIAN_POINT ( 'NONE',  ( 6.550000000000000711, 6.500000000000000000, 0.0000000000000000000 ) ) ;
#948 = CARTESIAN_POINT ( 'NONE',  ( 3.799999999999999822, -1.100000000000000089, -0.2000000000000000111 ) ) ;
#949 = ADVANCED_FACE ( 'NONE', ( #4646 ), #3752, .F. ) ;
#950 = EDGE_CURVE ( 'NONE', #129, #5080, #2510, .T. ) ;
#951 = CARTESIAN_POINT ( 'NONE',  ( -7.900000000000000355, 5.299999999999999822, -0.2500000000000000000 ) ) ;
#952 = EDGE_LOOP ( 'NONE', ( #2747, #1649, #3110, #3404 ) ) ;
#953 = CARTESIAN_POINT ( 'NONE',  ( 4.250000000000000000, 3.950000000000000178, -11.23052000000000028 ) ) ;
#954 = LINE ( 'NONE', #1947, #2107 ) ;
#955 = CARTESIAN_POINT ( 'NONE',  ( -1.300000000000000044, 5.446706486693000393, -0.6369014433359000416 ) ) ;
#956 = FACE_OUTER_BOUND ( 'NONE', #3097, .T. ) ;
#957 = ORIENTED_EDGE ( 'NONE', *, *, #2648, .T. ) ;
#958 = ORIENTED_EDGE ( 'NONE', *, *, #3096, .T. ) ;
#959 = DIRECTION ( 'NONE',  ( 0.0000000000000000000, -0.7510780138546009344, -0.6602134632861010877 ) ) ;
#960 = DIRECTION ( 'NONE',  ( 0.0000000000000000000, 0.0000000000000000000, -1.000000000000000000 ) ) ;
#961 = FACE_OUTER_BOUND ( 'NONE', #2666, .T. ) ;
#962 = VERTEX_POINT ( 'NONE', #4228 ) ;
#963 = ORIENTED_EDGE ( 'NONE', *, *, #5441, .T. ) ;
#964 = ORIENTED_EDGE ( 'NONE', *, *, #4514, .T. ) ;
#965 = CARTESIAN_POINT ( 'NONE',  ( -2.000000000000000000, 3.950000000000000178, 1.899999999999999911 ) ) ;
#966 = DIRECTION ( 'NONE',  ( -1.000000000000000000, 0.0000000000000000000, 0.0000000000000000000 ) ) ;
#967 = FACE_OUTER_BOUND ( 'NONE', #4559, .T. ) ;
#968 = EDGE_LOOP ( 'NONE', ( #503, #1368, #1149, #1440 ) ) ;
#969 = DIRECTION ( 'NONE',  ( 0.0000000000000000000, 0.7510780138546011564, -0.6602134632861009766 ) ) ;
#970 = DIRECTION ( 'NONE',  ( 0.0000000000000000000, 1.000000000000000000, 0.0000000000000000000 ) ) ;
#971 = DIRECTION ( 'NONE',  ( -1.000000000000000000, 0.0000000000000000000, 0.0000000000000000000 ) ) ;
#972 = ORIENTED_EDGE ( 'NONE', *, *, #3761, .F. ) ;
#973 = EDGE_CURVE ( 'NONE', #3534, #3625, #3325, .T. ) ;
#974 = CARTESIAN_POINT ( 'NONE',  ( 2.000000000000000000, 3.950000000000000178, -3.550000000000000266 ) ) ;
#975 = EDGE_CURVE ( 'NONE', #1592, #3654, #5035, .T. ) ;
#976 = EDGE_CURVE ( 'NONE', #3415, #4717, #109, .T. ) ;
#977 = CARTESIAN_POINT ( 'NONE',  ( 6.049999999999999822, 8.500000000000000000, 1.399999999999999911 ) ) ;
#978 = DIRECTION ( 'NONE',  ( 0.0000000000000000000, -1.000000000000000000, 0.0000000000000000000 ) ) ;
#979 = VECTOR ( 'NONE', #1313, 1000.000000000000000 ) ;
#980 = LINE ( 'NONE', #3114, #3284 ) ;
#981 = ORIENTED_EDGE ( 'NONE', *, *, #246, .F. ) ;
#982 = ORIENTED_EDGE ( 'NONE', *, *, #5358, .T. ) ;
#983 = DIRECTION ( 'NONE',  ( 1.000000000000000000, 0.0000000000000000000, 0.0000000000000000000 ) ) ;
#984 = EDGE_CURVE ( 'NONE', #4873, #4176, #3248, .T. ) ;
#985 = CARTESIAN_POINT ( 'NONE',  ( -6.299999999999999822, 1.100000000000000089, -3.299999999999999822 ) ) ;
#986 = DIRECTION ( 'NONE',  ( 0.0000000000000000000, 0.0000000000000000000, -1.000000000000000000 ) ) ;
#987 = ORIENTED_EDGE ( 'NONE', *, *, #5354, .F. ) ;
#988 = ADVANCED_FACE ( 'NONE', ( #888 ), #3071, .F. ) ;
#989 = FACE_OUTER_BOUND ( 'NONE', #3596, .T. ) ;
#990 = EDGE_LOOP ( 'NONE', ( #867, #1286, #3070, #3711, #4656, #3766, #1067, #4729, #1982 ) ) ;
#991 = DIRECTION ( 'NONE',  ( 0.0000000000000000000, 1.000000000000000000, 0.0000000000000000000 ) ) ;
#992 = VECTOR ( 'NONE', #1031, 1000.000000000000000 ) ;
#993 = FACE_OUTER_BOUND ( 'NONE', #3340, .T. ) ;
#994 = DIRECTION ( 'NONE',  ( 0.0000000000000000000, 0.0000000000000000000, 1.000000000000000000 ) ) ;
#995 = ORIENTED_EDGE ( 'NONE', *, *, #1342, .T. ) ;
#996 = AXIS2_PLACEMENT_3D ( 'NONE', #4239, #3419, #1135 ) ;
#997 = DIRECTION ( 'NONE',  ( 0.0000000000000000000, 0.0000000000000000000, 1.000000000000000000 ) ) ;
#998 = CARTESIAN_POINT ( 'NONE',  ( 3.799999999999999822, 6.343184738968999703, -0.7153331275076000306 ) ) ;
#999 = AXIS2_PLACEMENT_3D ( 'NONE', #1590, #2471, #629 ) ;
#1000 = DIRECTION ( 'NONE',  ( 1.000000000000000000, 0.0000000000000000000, 0.0000000000000000000 ) ) ;
#1001 = AXIS2_PLACEMENT_3D ( 'NONE', #2314, #1000, #596 ) ;
#1002 = PLANE ( 'NONE',  #1576 ) ;
#1003 = ORIENTED_EDGE ( 'NONE', *, *, #278, .F. ) ;
#1004 = DIRECTION ( 'NONE',  ( 0.0000000000000000000, 0.0000000000000000000, -1.000000000000000000 ) ) ;
#1005 = VECTOR ( 'NONE', #213, 1000.000000000000000 ) ;
#1006 = VECTOR ( 'NONE', #4830, 1000.000000000000000 ) ;
#1007 = CARTESIAN_POINT ( 'NONE',  ( 2.000000000000000000, 7.500000000000000000, -3.550000000000000266 ) ) ;
#1008 = DIRECTION ( 'NONE',  ( 0.0000000000000000000, -1.000000000000000000, 0.0000000000000000000 ) ) ;
#1009 = CIRCLE ( 'NONE', #924, 0.9715120994360999518 ) ;
#1010 = VECTOR ( 'NONE', #4329, 1000.000000000000000 ) ;
#1011 = DIRECTION ( 'NONE',  ( -1.000000000000000000, 0.0000000000000000000, 0.0000000000000000000 ) ) ;
#1012 = ORIENTED_EDGE ( 'NONE', *, *, #1810, .T. ) ;
#1013 = ORIENTED_EDGE ( 'NONE', *, *, #1613, .F. ) ;
#1014 = CARTESIAN_POINT ( 'NONE',  ( 4.250000000000000000, 3.950000000000000178, 9.330519999999999925 ) ) ;
#1015 = AXIS2_PLACEMENT_3D ( 'NONE', #1550, #4541, #3298 ) ;
#1016 = CARTESIAN_POINT ( 'NONE',  ( 4.250000000000000000, 3.700000000000000178, -11.23052000000000028 ) ) ;
#1017 = DIRECTION ( 'NONE',  ( 0.0000000000000000000, 0.0000000000000000000, -1.000000000000000000 ) ) ;
#1018 = EDGE_CURVE ( 'NONE', #1754, #1793, #2531, .T. ) ;
#1019 = ADVANCED_FACE ( 'NONE', ( #3020 ), #4341, .F. ) ;
#1020 = ORIENTED_EDGE ( 'NONE', *, *, #1436, .F. ) ;
#1021 = DIRECTION ( 'NONE',  ( 0.0000000000000000000, 1.000000000000000000, 0.0000000000000000000 ) ) ;
#1022 = VERTEX_POINT ( 'NONE', #3501 ) ;
#1023 = EDGE_LOOP ( 'NONE', ( #779, #2427, #1137, #2523 ) ) ;
#1024 = DIRECTION ( 'NONE',  ( 0.0000000000000000000, 0.0000000000000000000, -1.000000000000000000 ) ) ;
#1025 = CIRCLE ( 'NONE', #935, 0.2500000000000002220 ) ;
#1026 = PLANE ( 'NONE',  #659 ) ;
#1027 = VERTEX_POINT ( 'NONE', #484 ) ;
#1028 = VECTOR ( 'NONE', #2675, 1000.000000000000000 ) ;
#1029 = DIRECTION ( 'NONE',  ( 1.000000000000000000, 0.0000000000000000000, 0.0000000000000000000 ) ) ;
#1030 = EDGE_CURVE ( 'NONE', #3850, #3632, #2283, .T. ) ;
#1031 = DIRECTION ( 'NONE',  ( 0.0000000000000000000, 1.000000000000000000, 0.0000000000000000000 ) ) ;
#1032 = CARTESIAN_POINT ( 'NONE',  ( 4.000000000000000000, 7.540000000000000036, 1.649999999999999911 ) ) ;
#1033 = ORIENTED_EDGE ( 'NONE', *, *, #1056, .T. ) ;
#1034 = DIRECTION ( 'NONE',  ( 0.0000000000000000000, 0.0000000000000000000, 1.000000000000000000 ) ) ;
#1035 = ORIENTED_EDGE ( 'NONE', *, *, #2105, .T. ) ;
#1036 = CARTESIAN_POINT ( 'NONE',  ( -5.500000000000000000, 8.000000000000000000, -2.750000000000000000 ) ) ;
#1037 = CARTESIAN_POINT ( 'NONE',  ( 7.400000000000000355, 21.53600000000000136, 0.2500000000000000000 ) ) ;
#1038 = DIRECTION ( 'NONE',  ( 0.0000000000000000000, 0.8083130535826811291, -0.5887529256044863324 ) ) ;
#1039 = CARTESIAN_POINT ( 'NONE',  ( -1.500000000000000000, 7.250000000000000000, -3.550000000000000266 ) ) ;
#1040 = VERTEX_POINT ( 'NONE', #88 ) ;
#1041 = VERTEX_POINT ( 'NONE', #117 ) ;
#1042 = LINE ( 'NONE', #707, #3069 ) ;
#1043 = VECTOR ( 'NONE', #2081, 1000.000000000000000 ) ;
#1044 = CARTESIAN_POINT ( 'NONE',  ( 0.6999999999999999556, 4.991207764517999301, -1.199999999999999956 ) ) ;
#1045 = EDGE_CURVE ( 'NONE', #83, #5318, #4424, .T. ) ;
#1046 = CARTESIAN_POINT ( 'NONE',  ( 4.250000000000000000, 3.950000000000000178, -11.23052000000000028 ) ) ;
#1047 = ORIENTED_EDGE ( 'NONE', *, *, #483, .T. ) ;
#1048 = LINE ( 'NONE', #2388, #74 ) ;
#1049 = ORIENTED_EDGE ( 'NONE', *, *, #4480, .T. ) ;
#1050 = DIRECTION ( 'NONE',  ( 0.0000000000000000000, 0.0000000000000000000, 1.000000000000000000 ) ) ;
#1051 = EDGE_CURVE ( 'NONE', #3597, #5015, #3967, .T. ) ;
#1052 = LINE ( 'NONE', #248, #3992 ) ;
#1053 = ORIENTED_EDGE ( 'NONE', *, *, #1442, .T. ) ;
#1054 = ORIENTED_EDGE ( 'NONE', *, *, #2308, .F. ) ;
#1055 = DIRECTION ( 'NONE',  ( 0.0000000000000000000, 0.0000000000000000000, 1.000000000000000000 ) ) ;
#1056 = EDGE_CURVE ( 'NONE', #373, #2629, #3913, .T. ) ;
#1057 = CARTESIAN_POINT ( 'NONE',  ( 4.500000000000000000, 7.250000000000000000, 1.899999999999999911 ) ) ;
#1058 = FACE_OUTER_BOUND ( 'NONE', #827, .T. ) ;
#1059 = ORIENTED_EDGE ( 'NONE', *, *, #3997, .F. ) ;
#1060 = CARTESIAN_POINT ( 'NONE',  ( 5.500000000000000000, 8.000000000000000000, -2.750000000000000000 ) ) ;
#1061 = ORIENTED_EDGE ( 'NONE', *, *, #2756, .T. ) ;
#1062 = EDGE_CURVE ( 'NONE', #3056, #100, #62, .T. ) ;
#1063 = CARTESIAN_POINT ( 'NONE',  ( -2.000000000000000000, 7.540000000000000036, 1.649999999999999911 ) ) ;
#1064 = DIRECTION ( 'NONE',  ( 1.000000000000000000, 0.0000000000000000000, 0.0000000000000000000 ) ) ;
#1065 = CARTESIAN_POINT ( 'NONE',  ( -3.799999999999999822, 0.0000000000000000000, 0.0000000000000000000 ) ) ;
#1066 = CARTESIAN_POINT ( 'NONE',  ( 7.400000000000000355, 21.53600000000000136, 0.2500000000000000000 ) ) ;
#1067 = ORIENTED_EDGE ( 'NONE', *, *, #1204, .T. ) ;
#1068 = ORIENTED_EDGE ( 'NONE', *, *, #2959, .T. ) ;
#1069 = DIRECTION ( 'NONE',  ( 0.0000000000000000000, 0.0000000000000000000, -1.000000000000000000 ) ) ;
#1070 = LINE ( 'NONE', #2326, #2637 ) ;
#1071 = CIRCLE ( 'NONE', #4234, 0.9715120994360998408 ) ;
#1072 = CARTESIAN_POINT ( 'NONE',  ( -28.49687999999999732, 5.444198298232000077, -3.299999999999999822 ) ) ;
#1073 = ORIENTED_EDGE ( 'NONE', *, *, #1374, .T. ) ;
#1074 = DIRECTION ( 'NONE',  ( 0.0000000000000000000, -1.000000000000000000, 0.0000000000000000000 ) ) ;
#1075 = ORIENTED_EDGE ( 'NONE', *, *, #1957, .T. ) ;
#1076 = VECTOR ( 'NONE', #2967, 1000.000000000000000 ) ;
#1077 = DIRECTION ( 'NONE',  ( 1.000000000000000000, 0.0000000000000000000, 0.0000000000000000000 ) ) ;
#1078 = CARTESIAN_POINT ( 'NONE',  ( 1.300000000000000044, 5.848209992139000057, -1.210307874338000023 ) ) ;
#1079 = ADVANCED_FACE ( 'NONE', ( #3522 ), #1351, .F. ) ;
#1080 = VECTOR ( 'NONE', #1839, 1000.000000000000000 ) ;
#1081 = ORIENTED_EDGE ( 'NONE', *, *, #2133, .F. ) ;
#1082 = ADVANCED_FACE ( 'NONE', ( #32 ), #2252, .T. ) ;
#1083 = CARTESIAN_POINT ( 'NONE',  ( 5.799999999999999822, 8.500000000000000000, -3.050000000000000266 ) ) ;
#1084 = VECTOR ( 'NONE', #1603, 1000.000000000000000 ) ;
#1085 = CARTESIAN_POINT ( 'NONE',  ( -3.200000000000000178, 6.545008898986999668, -1.199999999999999956 ) ) ;
#1086 = CARTESIAN_POINT ( 'NONE',  ( -3.799999999999999822, 5.446706486693000393, -0.6369014433359000416 ) ) ;
#1087 = EDGE_CURVE ( 'NONE', #2832, #3864, #4778, .T. ) ;
#1088 = ORIENTED_EDGE ( 'NONE', *, *, #5062, .T. ) ;
#1089 = CIRCLE ( 'NONE', #1817, 0.2500000000000000000 ) ;
#1090 = CARTESIAN_POINT ( 'NONE',  ( 1.500000000000000000, 7.250000000000000000, 1.649999999999999911 ) ) ;
#1091 = EDGE_CURVE ( 'NONE', #4492, #853, #3163, .T. ) ;
#1092 = ORIENTED_EDGE ( 'NONE', *, *, #889, .F. ) ;
#1093 = CARTESIAN_POINT ( 'NONE',  ( 6.550000000000000711, 0.0000000000000000000, -3.299999999999999822 ) ) ;
#1094 = CARTESIAN_POINT ( 'NONE',  ( -2.000000000000000000, 6.549418683239000671, -4.271512099436000298 ) ) ;
#1095 = VECTOR ( 'NONE', #966, 1000.000000000000000 ) ;
#1096 = CYLINDRICAL_SURFACE ( 'NONE', #581, 0.5000000000000000000 ) ;
#1097 = DIRECTION ( 'NONE',  ( -1.000000000000000000, 0.0000000000000000000, 0.0000000000000000000 ) ) ;
#1098 = ADVANCED_FACE ( 'NONE', ( #3047 ), #2591, .T. ) ;
#1099 = CARTESIAN_POINT ( 'NONE',  ( 4.000000000000000000, 6.549418683239000671, 2.371512099436000387 ) ) ;
#1100 = VECTOR ( 'NONE', #5084, 1000.000000000000114 ) ;
#1101 = ORIENTED_EDGE ( 'NONE', *, *, #4066, .F. ) ;
#1102 = ORIENTED_EDGE ( 'NONE', *, *, #2621, .F. ) ;
#1103 = CARTESIAN_POINT ( 'NONE',  ( -4.250000000000000000, 3.950000000000000178, 1.649999999999999911 ) ) ;
#1104 = VECTOR ( 'NONE', #4433, 1000.000000000000000 ) ;
#1105 = AXIS2_PLACEMENT_3D ( 'NONE', #2589, #2139, #3471 ) ;
#1106 = CARTESIAN_POINT ( 'NONE',  ( 4.000000000000000000, 5.444198298232000077, -3.799999999999999822 ) ) ;
#1107 = PLANE ( 'NONE',  #2474 ) ;
#1108 = ORIENTED_EDGE ( 'NONE', *, *, #2960, .F. ) ;
#1109 = DIRECTION ( 'NONE',  ( 1.000000000000000000, 0.0000000000000000000, 0.0000000000000000000 ) ) ;
#1110 = VERTEX_POINT ( 'NONE', #2645 ) ;
#1111 = VECTOR ( 'NONE', #4542, 1000.000000000000000 ) ;
#1112 = AXIS2_PLACEMENT_3D ( 'NONE', #2581, #2156, #3399 ) ;
#1113 = CARTESIAN_POINT ( 'NONE',  ( 3.200000000000000178, -1.100000000000000089, -0.2000000000000000111 ) ) ;
#1114 = DIRECTION ( 'NONE',  ( 0.0000000000000000000, 0.0000000000000000000, 1.000000000000000000 ) ) ;
#1115 = VERTEX_POINT ( 'NONE', #4749 ) ;
#1116 = CARTESIAN_POINT ( 'NONE',  ( 1.300000000000000044, 6.343184738968999703, -0.7153331275076000306 ) ) ;
#1117 = AXIS2_PLACEMENT_3D ( 'NONE', #2962, #919, #1264 ) ;
#1118 = DIRECTION ( 'NONE',  ( 0.0000000000000000000, 0.0000000000000000000, -1.000000000000000000 ) ) ;
#1119 = EDGE_CURVE ( 'NONE', #3565, #3809, #1178, .T. ) ;
#1120 = CARTESIAN_POINT ( 'NONE',  ( 1.500000000000000000, 3.950000000000000178, 1.899999999999999911 ) ) ;
#1121 = AXIS2_PLACEMENT_3D ( 'NONE', #2088, #429, #2594 ) ;
#1122 = LINE ( 'NONE', #2055, #4106 ) ;
#1123 = ORIENTED_EDGE ( 'NONE', *, *, #2475, .F. ) ;
#1124 = DIRECTION ( 'NONE',  ( -1.000000000000000000, 0.0000000000000000000, 0.0000000000000000000 ) ) ;
#1125 = EDGE_CURVE ( 'NONE', #3495, #3436, #3553, .T. ) ;
#1126 = CARTESIAN_POINT ( 'NONE',  ( -5.799999999999999822, 1.100000000000000089, -1.199999999999999956 ) ) ;
#1127 = ADVANCED_FACE ( 'NONE', ( #277 ), #5311, .T. ) ;
#1128 = ADVANCED_FACE ( 'NONE', ( #5284 ), #5393, .F. ) ;
#1129 = FACE_OUTER_BOUND ( 'NONE', #621, .T. ) ;
#1130 = DIRECTION ( 'NONE',  ( -1.000000000000000000, 0.0000000000000000000, 0.0000000000000000000 ) ) ;
#1131 = ORIENTED_EDGE ( 'NONE', *, *, #3847, .T. ) ;
#1132 = ORIENTED_EDGE ( 'NONE', *, *, #403, .F. ) ;
#1133 = CARTESIAN_POINT ( 'NONE',  ( 7.900000000000000355, 1.199999999999999956, 0.2500000000000000000 ) ) ;
#1134 = CARTESIAN_POINT ( 'NONE',  ( 4.000000000000000000, 5.819737305159000229, 1.730106731643000106 ) ) ;
#1135 = DIRECTION ( 'NONE',  ( 0.0000000000000000000, 0.7071067811865477948, 0.7071067811865473507 ) ) ;
#1136 = FACE_OUTER_BOUND ( 'NONE', #3572, .T. ) ;
#1137 = ORIENTED_EDGE ( 'NONE', *, *, #1554, .F. ) ;
#1138 = ORIENTED_EDGE ( 'NONE', *, *, #338, .F. ) ;
#1139 = EDGE_CURVE ( 'NONE', #1110, #879, #2357, .T. ) ;
#1140 = CARTESIAN_POINT ( 'NONE',  ( -2.000000000000000000, 7.500000000000000000, -3.550000000000000266 ) ) ;
#1141 = VECTOR ( 'NONE', #1021, 1000.000000000000000 ) ;
#1142 = CARTESIAN_POINT ( 'NONE',  ( 4.250000000000000000, 3.950000000000000178, 1.899999999999999911 ) ) ;
#1143 = VERTEX_POINT ( 'NONE', #194 ) ;
#1144 = ORIENTED_EDGE ( 'NONE', *, *, #512, .F. ) ;
#1145 = CARTESIAN_POINT ( 'NONE',  ( 3.799999999999999822, 0.0000000000000000000, 0.0000000000000000000 ) ) ;
#1146 = DIRECTION ( 'NONE',  ( 0.0000000000000000000, 1.000000000000000000, 0.0000000000000000000 ) ) ;
#1147 = ORIENTED_EDGE ( 'NONE', *, *, #973, .F. ) ;
#1148 = CARTESIAN_POINT ( 'NONE',  ( 2.000000000000000000, 0.0000000000000000000, 0.0000000000000000000 ) ) ;
#1149 = ORIENTED_EDGE ( 'NONE', *, *, #1930, .F. ) ;
#1150 = ADVANCED_FACE ( 'NONE', ( #2805 ), #4051, .F. ) ;
#1151 = CARTESIAN_POINT ( 'NONE',  ( 4.250000000000000000, 7.500000000000000000, 1.899999999999999911 ) ) ;
#1152 = FACE_OUTER_BOUND ( 'NONE', #4498, .T. ) ;
#1153 = DIRECTION ( 'NONE',  ( 0.0000000000000000000, 0.0000000000000000000, -1.000000000000000000 ) ) ;
#1154 = CARTESIAN_POINT ( 'NONE',  ( -6.049999999999999822, 1.100000000000000089, -3.550000000000000266 ) ) ;
#1155 = ADVANCED_FACE ( 'NONE', ( #4481 ), #616, .T. ) ;
#1156 = PLANE ( 'NONE',  #4552 ) ;
#1157 = VERTEX_POINT ( 'NONE', #4084 ) ;
#1158 = VERTEX_POINT ( 'NONE', #1518 ) ;
#1159 = EDGE_CURVE ( 'NONE', #5080, #1470, #2891, .T. ) ;
#1160 = DIRECTION ( 'NONE',  ( 0.0000000000000000000, -0.7071067811865475727, -0.7071067811865475727 ) ) ;
#1161 = CARTESIAN_POINT ( 'NONE',  ( 7.900000000000000355, 5.299999999999999822, -0.2500000000000000000 ) ) ;
#1162 = LINE ( 'NONE', #2439, #2632 ) ;
#1163 = EDGE_CURVE ( 'NONE', #2979, #4385, #695, .T. ) ;
#1164 = ORIENTED_EDGE ( 'NONE', *, *, #851, .T. ) ;
#1165 = EDGE_LOOP ( 'NONE', ( #3658, #4735, #3017, #626 ) ) ;
#1166 = ORIENTED_EDGE ( 'NONE', *, *, #1859, .F. ) ;
#1167 = CARTESIAN_POINT ( 'NONE',  ( -4.500000000000000000, 7.250000000000000000, -3.550000000000000266 ) ) ;
#1168 = DIRECTION ( 'NONE',  ( 0.0000000000000000000, 0.7510780138546006013, -0.6602134632861014207 ) ) ;
#1169 = VERTEX_POINT ( 'NONE', #1116 ) ;
#1170 = CIRCLE ( 'NONE', #4327, 0.2500000000000002220 ) ;
#1171 = ORIENTED_EDGE ( 'NONE', *, *, #2924, .T. ) ;
#1172 = VECTOR ( 'NONE', #1219, 1000.000000000000000 ) ;
#1173 = LINE ( 'NONE', #5003, #471 ) ;
#1174 = CARTESIAN_POINT ( 'NONE',  ( -0.6999999999999999556, 0.0000000000000000000, 0.0000000000000000000 ) ) ;
#1175 = ORIENTED_EDGE ( 'NONE', *, *, #2656, .T. ) ;
#1176 = DIRECTION ( 'NONE',  ( 0.0000000000000000000, -1.000000000000000000, 0.0000000000000000000 ) ) ;
#1177 = ORIENTED_EDGE ( 'NONE', *, *, #1751, .F. ) ;
#1178 = CIRCLE ( 'NONE', #1458, 0.2500000000000000000 ) ;
#1179 = CARTESIAN_POINT ( 'NONE',  ( 3.799999999999999822, 6.545008898986999668, -1.199999999999999956 ) ) ;
#1180 = CARTESIAN_POINT ( 'NONE',  ( 5.799999999999999822, 1.100000000000000089, -3.050000000000000266 ) ) ;
#1181 = DIRECTION ( 'NONE',  ( 1.000000000000000000, 0.0000000000000000000, 0.0000000000000000000 ) ) ;
#1182 = FACE_OUTER_BOUND ( 'NONE', #1630, .T. ) ;
#1183 = AXIS2_PLACEMENT_3D ( 'NONE', #4974, #1118, #2423 ) ;
#1184 = DIRECTION ( 'NONE',  ( 0.0000000000000000000, 1.000000000000000000, 0.0000000000000000000 ) ) ;
#1185 = EDGE_LOOP ( 'NONE', ( #4680, #2324, #262, #4348 ) ) ;
#1186 = CYLINDRICAL_SURFACE ( 'NONE', #5040, 0.9715120994360998408 ) ;
#1187 = VECTOR ( 'NONE', #4010, 1000.000000000000000 ) ;
#1188 = PLANE ( 'NONE',  #2729 ) ;
#1189 = DIRECTION ( 'NONE',  ( -1.000000000000000000, 0.0000000000000000000, 0.0000000000000000000 ) ) ;
#1190 = EDGE_CURVE ( 'NONE', #3978, #1536, #5497, .T. ) ;
#1191 = ADVANCED_FACE ( 'NONE', ( #2422 ), #4503, .F. ) ;
#1192 = AXIS2_PLACEMENT_3D ( 'NONE', #2610, #1321, #3098 ) ;
#1193 = LINE ( 'NONE', #2355, #3357 ) ;
#1194 = AXIS2_PLACEMENT_3D ( 'NONE', #2907, #4985, #1636 ) ;
#1195 = ORIENTED_EDGE ( 'NONE', *, *, #4993, .T. ) ;
#1196 = ORIENTED_EDGE ( 'NONE', *, *, #510, .F. ) ;
#1197 =( LENGTH_UNIT ( ) NAMED_UNIT ( * ) SI_UNIT ( .MILLI., .METRE. ) );
#1198 = ORIENTED_EDGE ( 'NONE', *, *, #1704, .F. ) ;
#1199 = CIRCLE ( 'NONE', #2094, 0.7000000000000007327 ) ;
#1200 = ADVANCED_FACE ( 'NONE', ( #2728 ), #638, .T. ) ;
#1201 = VECTOR ( 'NONE', #2398, 1000.000000000000000 ) ;
#1202 = FACE_OUTER_BOUND ( 'NONE', #4496, .T. ) ;
#1203 = EDGE_CURVE ( 'NONE', #3515, #2669, #1365, .T. ) ;
#1204 = EDGE_CURVE ( 'NONE', #1624, #1660, #5223, .T. ) ;
#1205 = CARTESIAN_POINT ( 'NONE',  ( -4.000000000000000000, 5.444198298232000077, -3.299999999999999822 ) ) ;
#1206 = AXIS2_PLACEMENT_3D ( 'NONE', #5158, #928, #521 ) ;
#1207 = ORIENTED_EDGE ( 'NONE', *, *, #5431, .T. ) ;
#1208 = ORIENTED_EDGE ( 'NONE', *, *, #4331, .F. ) ;
#1209 = EDGE_CURVE ( 'NONE', #2108, #3057, #3527, .T. ) ;
#1210 = DIRECTION ( 'NONE',  ( 0.0000000000000000000, -1.000000000000000000, 0.0000000000000000000 ) ) ;
#1211 = VERTEX_POINT ( 'NONE', #2287 ) ;
#1212 = CARTESIAN_POINT ( 'NONE',  ( 5.799999999999999822, 1.100000000000000089, -1.199999999999999956 ) ) ;
#1213 = LINE ( 'NONE', #2116, #4248 ) ;
#1214 = LINE ( 'NONE', #678, #763 ) ;
#1215 = DIRECTION ( 'NONE',  ( 0.0000000000000000000, -1.000000000000000000, 0.0000000000000000000 ) ) ;
#1216 = VECTOR ( 'NONE', #1011, 1000.000000000000000 ) ;
#1217 = ORIENTED_EDGE ( 'NONE', *, *, #19, .T. ) ;
#1218 = ORIENTED_EDGE ( 'NONE', *, *, #2375, .T. ) ;
#1219 = DIRECTION ( 'NONE',  ( 0.0000000000000000000, 0.0000000000000000000, 1.000000000000000000 ) ) ;
#1220 = CIRCLE ( 'NONE', #3564, 0.2500000000000002220 ) ;
#1221 = DIRECTION ( 'NONE',  ( 0.0000000000000000000, 0.6696584809786011450, 0.7426691853399012277 ) ) ;
#1222 = CARTESIAN_POINT ( 'NONE',  ( 5.799999999999999822, 7.700000000000000178, -1.199999999999999956 ) ) ;
#1223 = LINE ( 'NONE', #409, #4786 ) ;
#1224 = VERTEX_POINT ( 'NONE', #3130 ) ;
#1225 = ORIENTED_EDGE ( 'NONE', *, *, #5147, .T. ) ;
#1226 = DIRECTION ( 'NONE',  ( 0.0000000000000000000, 1.000000000000000000, 0.0000000000000000000 ) ) ;
#1227 = LINE ( 'NONE', #4192, #3361 ) ;
#1228 = DIRECTION ( 'NONE',  ( 0.0000000000000000000, 1.000000000000000000, 0.0000000000000000000 ) ) ;
#1229 = ORIENTED_EDGE ( 'NONE', *, *, #4573, .T. ) ;
#1230 = ORIENTED_EDGE ( 'NONE', *, *, #3921, .F. ) ;
#1231 = EDGE_CURVE ( 'NONE', #3370, #5481, #4457, .T. ) ;
#1232 = EDGE_CURVE ( 'NONE', #2100, #724, #4340, .T. ) ;
#1233 = MECHANICAL_DESIGN_GEOMETRIC_PRESENTATION_REPRESENTATION (  '', ( #1953 ), #692 ) ;
#1234 = ORIENTED_EDGE ( 'NONE', *, *, #4342, .F. ) ;
#1235 = FACE_OUTER_BOUND ( 'NONE', #5385, .T. ) ;
#1236 = DIRECTION ( 'NONE',  ( 0.0000000000000000000, -0.7071067811865474617, 0.7071067811865474617 ) ) ;
#1237 = VERTEX_POINT ( 'NONE', #5285 ) ;
#1238 = CARTESIAN_POINT ( 'NONE',  ( -6.299999999999999822, 1.100000000000000089, -3.299999999999999822 ) ) ;
#1239 = CARTESIAN_POINT ( 'NONE',  ( 4.000000000000000000, 7.540000000000000036, 1.649999999999999911 ) ) ;
#1240 = LINE ( 'NONE', #864, #53 ) ;
#1241 = DIRECTION ( 'NONE',  ( 0.0000000000000000000, 0.8191520442890162235, 0.5735764363510111874 ) ) ;
#1242 = PLANE ( 'NONE',  #3652 ) ;
#1243 = ORIENTED_EDGE ( 'NONE', *, *, #718, .T. ) ;
#1244 = CARTESIAN_POINT ( 'NONE',  ( 0.6999999999999999556, 0.0000000000000000000, -0.2000000000000000111 ) ) ;
#1245 = CYLINDRICAL_SURFACE ( 'NONE', #3100, 0.7000000000000007327 ) ;
#1246 = LINE ( 'NONE', #793, #4606 ) ;
#1247 = DIRECTION ( 'NONE',  ( 0.0000000000000000000, 0.0000000000000000000, -1.000000000000000000 ) ) ;
#1248 = ORIENTED_EDGE ( 'NONE', *, *, #3614, .T. ) ;
#1249 = ORIENTED_EDGE ( 'NONE', *, *, #4976, .T. ) ;
#1250 = ORIENTED_EDGE ( 'NONE', *, *, #2542, .T. ) ;
#1251 =( LENGTH_UNIT ( ) NAMED_UNIT ( * ) SI_UNIT ( .MILLI., .METRE. ) );
#1252 = CARTESIAN_POINT ( 'NONE',  ( -1.750000000000000000, 3.950000000000000178, 1.649999999999999911 ) ) ;
#1253 = DIRECTION ( 'NONE',  ( 0.0000000000000000000, 0.0000000000000000000, 1.000000000000000000 ) ) ;
#1254 = CARTESIAN_POINT ( 'NONE',  ( 6.299999999999999822, 8.500000000000000000, 1.399999999999999911 ) ) ;
#1255 = VERTEX_POINT ( 'NONE', #3185 ) ;
#1256 = EDGE_LOOP ( 'NONE', ( #1548, #2389, #186, #1332 ) ) ;
#1257 = DIRECTION ( 'NONE',  ( 0.0000000000000000000, 0.0000000000000000000, 1.000000000000000000 ) ) ;
#1258 = CARTESIAN_POINT ( 'NONE',  ( 1.300000000000000044, 5.561421773962999637, -0.8007318521937000222 ) ) ;
#1259 = VECTOR ( 'NONE', #3396, 1000.000000000000000 ) ;
#1260 = ORIENTED_EDGE ( 'NONE', *, *, #1869, .F. ) ;
#1261 = DIRECTION ( 'NONE',  ( 0.0000000000000000000, 0.0000000000000000000, 1.000000000000000000 ) ) ;
#1262 = DIRECTION ( 'NONE',  ( 0.0000000000000000000, 0.0000000000000000000, -1.000000000000000000 ) ) ;
#1263 = CIRCLE ( 'NONE', #897, 0.2500000000000002220 ) ;
#1264 = DIRECTION ( 'NONE',  ( 0.0000000000000000000, -1.000000000000000000, 0.0000000000000000000 ) ) ;
#1265 = DIRECTION ( 'NONE',  ( 0.0000000000000000000, 0.0000000000000000000, 1.000000000000000000 ) ) ;
#1266 = AXIS2_PLACEMENT_3D ( 'NONE', #3966, #4725, #863 ) ;
#1267 = DIRECTION ( 'NONE',  ( 0.0000000000000000000, 0.0000000000000000000, 1.000000000000000000 ) ) ;
#1268 = ORIENTED_EDGE ( 'NONE', *, *, #5029, .T. ) ;
#1269 = FACE_OUTER_BOUND ( 'NONE', #87, .T. ) ;
#1270 = CIRCLE ( 'NONE', #3078, 0.5000000000000001110 ) ;
#1271 = ADVANCED_FACE ( 'NONE', ( #4916 ), #2337, .F. ) ;
#1272 = CARTESIAN_POINT ( 'NONE',  ( -7.649999999999999467, 0.0000000000000000000, 0.2500000000000000000 ) ) ;
#1273 = CARTESIAN_POINT ( 'NONE',  ( 3.200000000000000178, -1.100000000000000089, -0.2000000000000000111 ) ) ;
#1274 = CARTESIAN_POINT ( 'NONE',  ( 1.300000000000000044, 0.0000000000000000000, -0.2000000000000000111 ) ) ;
#1275 = ORIENTED_EDGE ( 'NONE', *, *, #3827, .T. ) ;
#1276 = VERTEX_POINT ( 'NONE', #947 ) ;
#1277 = AXIS2_PLACEMENT_3D ( 'NONE', #3453, #3861, #5160 ) ;
#1278 = ORIENTED_EDGE ( 'NONE', *, *, #164, .F. ) ;
#1279 = CARTESIAN_POINT ( 'NONE',  ( 1.300000000000000044, 5.446706486693000393, -0.6369014433359000416 ) ) ;
#1280 = EDGE_CURVE ( 'NONE', #1211, #5002, #3968, .T. ) ;
#1281 = CARTESIAN_POINT ( 'NONE',  ( 3.200000000000000178, 5.927851611461999681, -0.2999999999999999889 ) ) ;
#1282 = VECTOR ( 'NONE', #4205, 1000.000000000000114 ) ;
#1283 = VECTOR ( 'NONE', #90, 1000.000000000000000 ) ;
#1284 = CYLINDRICAL_SURFACE ( 'NONE', #4450, 0.2500000000000002220 ) ;
#1285 = VERTEX_POINT ( 'NONE', #998 ) ;
#1286 = ORIENTED_EDGE ( 'NONE', *, *, #1554, .T. ) ;
#1287 = AXIS2_PLACEMENT_3D ( 'NONE', #3034, #4712, #4301 ) ;
#1288 = AXIS2_PLACEMENT_3D ( 'NONE', #1685, #805, #3878 ) ;
#1289 = ORIENTED_EDGE ( 'NONE', *, *, #3036, .T. ) ;
#1290 = PLANE ( 'NONE',  #4436 ) ;
#1291 = DIRECTION ( 'NONE',  ( -1.000000000000000000, 0.0000000000000000000, 0.0000000000000000000 ) ) ;
#1292 = AXIS2_PLACEMENT_3D ( 'NONE', #2259, #4489, #178 ) ;
#1293 = DIRECTION ( 'NONE',  ( -1.000000000000000000, 0.0000000000000000000, 0.0000000000000000000 ) ) ;
#1294 = AXIS2_PLACEMENT_3D ( 'NONE', #17, #2951, #2976 ) ;
#1295 = CARTESIAN_POINT ( 'NONE',  ( -0.6999999999999999556, 5.927851611461999681, -0.2999999999999999889 ) ) ;
#1296 = DIRECTION ( 'NONE',  ( 0.0000000000000000000, 0.0000000000000000000, -1.000000000000000000 ) ) ;
#1297 = AXIS2_PLACEMENT_3D ( 'NONE', #910, #3124, #5197 ) ;
#1298 = EDGE_CURVE ( 'NONE', #1449, #2352, #2448, .T. ) ;
#1299 = CARTESIAN_POINT ( 'NONE',  ( 3.200000000000000178, 6.545008898986999668, -1.199999999999999956 ) ) ;
#1300 = CARTESIAN_POINT ( 'NONE',  ( 6.049999999999999822, 8.500000000000000000, -3.799999999999999822 ) ) ;
#1301 = DIRECTION ( 'NONE',  ( -1.000000000000000000, 0.0000000000000000000, 0.0000000000000000000 ) ) ;
#1302 = ORIENTED_EDGE ( 'NONE', *, *, #1091, .T. ) ;
#1303 = DIRECTION ( 'NONE',  ( 1.000000000000000000, 0.0000000000000000000, 0.0000000000000000000 ) ) ;
#1304 = EDGE_CURVE ( 'NONE', #3165, #2069, #595, .T. ) ;
#1305 = EDGE_CURVE ( 'NONE', #1812, #5205, #4028, .T. ) ;
#1306 = VECTOR ( 'NONE', #2847, 1000.000000000000000 ) ;
#1307 = FACE_OUTER_BOUND ( 'NONE', #3245, .T. ) ;
#1308 = CARTESIAN_POINT ( 'NONE',  ( -6.049999999999999822, 0.0000000000000000000, -3.299999999999999822 ) ) ;
#1309 = ORIENTED_EDGE ( 'NONE', *, *, #2884, .T. ) ;
#1310 = ORIENTED_EDGE ( 'NONE', *, *, #3095, .T. ) ;
#1311 = AXIS2_PLACEMENT_3D ( 'NONE', #38, #1301, #3503 ) ;
#1312 = ORIENTED_EDGE ( 'NONE', *, *, #447, .T. ) ;
#1313 = DIRECTION ( 'NONE',  ( 0.0000000000000000000, 0.0000000000000000000, 1.000000000000000000 ) ) ;
#1314 = EDGE_CURVE ( 'NONE', #5450, #1680, #118, .T. ) ;
#1315 = DIRECTION ( 'NONE',  ( 0.0000000000000000000, -0.8191520442890162235, -0.5735764363510111874 ) ) ;
#1316 = CARTESIAN_POINT ( 'NONE',  ( -4.250000000000000000, 3.950000000000000178, -11.23052000000000028 ) ) ;
#1317 = ORIENTED_EDGE ( 'NONE', *, *, #4739, .T. ) ;
#1318 = EDGE_CURVE ( 'NONE', #5471, #2343, #4071, .T. ) ;
#1319 = ORIENTED_EDGE ( 'NONE', *, *, #1330, .T. ) ;
#1320 = VERTEX_POINT ( 'NONE', #5343 ) ;
#1321 = DIRECTION ( 'NONE',  ( -1.000000000000000000, 0.0000000000000000000, 0.0000000000000000000 ) ) ;
#1322 = DIRECTION ( 'NONE',  ( 0.0000000000000000000, 0.0000000000000000000, -1.000000000000000000 ) ) ;
#1323 = LINE ( 'NONE', #3016, #918 ) ;
#1324 = ORIENTED_EDGE ( 'NONE', *, *, #4608, .F. ) ;
#1325 = DIRECTION ( 'NONE',  ( 0.0000000000000000000, -1.000000000000000000, 0.0000000000000000000 ) ) ;
#1326 = DIRECTION ( 'NONE',  ( 0.0000000000000000000, 0.0000000000000000000, 1.000000000000000000 ) ) ;
#1327 = CARTESIAN_POINT ( 'NONE',  ( -2.000000000000000000, 7.200000000000000178, 1.649999999999999911 ) ) ;
#1328 = AXIS2_PLACEMENT_3D ( 'NONE', #5176, #1325, #4748 ) ;
#1329 = CARTESIAN_POINT ( 'NONE',  ( -6.550000000000000711, 5.299999999999999822, -0.2500000000000000000 ) ) ;
#1330 = EDGE_CURVE ( 'NONE', #2626, #384, #4054, .T. ) ;
#1331 = FACE_OUTER_BOUND ( 'NONE', #3181, .T. ) ;
#1332 = ORIENTED_EDGE ( 'NONE', *, *, #682, .T. ) ;
#1333 = FACE_OUTER_BOUND ( 'NONE', #4045, .T. ) ;
#1334 = FACE_BOUND ( 'NONE', #67, .T. ) ;
#1335 = EDGE_CURVE ( 'NONE', #1703, #3853, #3603, .T. ) ;
#1336 = CARTESIAN_POINT ( 'NONE',  ( 3.799999999999999822, 5.561421773962999637, -0.8007318521937000222 ) ) ;
#1337 = ORIENTED_EDGE ( 'NONE', *, *, #4670, .T. ) ;
#1338 = ORIENTED_EDGE ( 'NONE', *, *, #1203, .T. ) ;
#1339 = CYLINDRICAL_SURFACE ( 'NONE', #546, 1.225492168375000412 ) ;
#1340 = CARTESIAN_POINT ( 'NONE',  ( -4.500000000000000000, 3.950000000000000178, 1.899999999999999911 ) ) ;
#1341 = DIRECTION ( 'NONE',  ( 0.0000000000000000000, 0.0000000000000000000, 1.000000000000000000 ) ) ;
#1342 = EDGE_CURVE ( 'NONE', #3166, #854, #539, .T. ) ;
#1343 = ORIENTED_EDGE ( 'NONE', *, *, #4167, .F. ) ;
#1344 = ORIENTED_EDGE ( 'NONE', *, *, #5291, .F. ) ;
#1345 = ORIENTED_EDGE ( 'NONE', *, *, #2716, .T. ) ;
#1346 = PLANE ( 'NONE',  #4888 ) ;
#1347 = ADVANCED_FACE ( 'NONE', ( #2365 ), #3524, .F. ) ;
#1348 = CARTESIAN_POINT ( 'NONE',  ( -3.799999999999999822, 6.545008898986999668, -1.199999999999999956 ) ) ;
#1349 = FACE_OUTER_BOUND ( 'NONE', #990, .T. ) ;
#1350 = ORIENTED_EDGE ( 'NONE', *, *, #1491, .T. ) ;
#1351 = CYLINDRICAL_SURFACE ( 'NONE', #2981, 0.2500000000000002220 ) ;
#1352 = DIRECTION ( 'NONE',  ( 1.000000000000000000, 0.0000000000000000000, 0.0000000000000000000 ) ) ;
#1353 = CARTESIAN_POINT ( 'NONE',  ( -2.000000000000000000, 5.438904667305999752, 1.649999999999999911 ) ) ;
#1354 = LINE ( 'NONE', #4782, #847 ) ;
#1355 = ORIENTED_EDGE ( 'NONE', *, *, #2245, .F. ) ;
#1356 = VECTOR ( 'NONE', #2852, 1000.000000000000000 ) ;
#1357 = FACE_OUTER_BOUND ( 'NONE', #3905, .T. ) ;
#1358 = CARTESIAN_POINT ( 'NONE',  ( 3.799999999999999822, 0.0000000000000000000, 0.0000000000000000000 ) ) ;
#1359 = DIRECTION ( 'NONE',  ( 1.000000000000000000, 0.0000000000000000000, 0.0000000000000000000 ) ) ;
#1360 = VECTOR ( 'NONE', #2567, 1000.000000000000000 ) ;
#1361 = ORIENTED_EDGE ( 'NONE', *, *, #2846, .F. ) ;
#1362 = EDGE_LOOP ( 'NONE', ( #4798, #4518, #3863, #4418 ) ) ;
#1363 = ORIENTED_EDGE ( 'NONE', *, *, #3412, .F. ) ;
#1364 = LINE ( 'NONE', #580, #1447 ) ;
#1365 = CIRCLE ( 'NONE', #2082, 0.2500000000000002220 ) ;
#1366 = CARTESIAN_POINT ( 'NONE',  ( 0.6999999999999999556, 0.0000000000000000000, 0.0000000000000000000 ) ) ;
#1367 = CIRCLE ( 'NONE', #3531, 0.2500000000000002220 ) ;
#1368 = ORIENTED_EDGE ( 'NONE', *, *, #3036, .F. ) ;
#1369 = ORIENTED_EDGE ( 'NONE', *, *, #5262, .T. ) ;
#1370 = ADVANCED_FACE ( 'NONE', ( #4560 ), #1628, .F. ) ;
#1371 = EDGE_LOOP ( 'NONE', ( #4603, #5289, #165, #1225 ) ) ;
#1372 = ORIENTED_EDGE ( 'NONE', *, *, #946, .F. ) ;
#1373 = FACE_OUTER_BOUND ( 'NONE', #930, .T. ) ;
#1374 = EDGE_CURVE ( 'NONE', #5501, #3393, #2397, .T. ) ;
#1375 = EDGE_CURVE ( 'NONE', #2759, #1611, #1173, .T. ) ;
#1376 = CARTESIAN_POINT ( 'NONE',  ( -3.799999999999999822, -1.100000000000000089, 0.0000000000000000000 ) ) ;
#1377 = DIRECTION ( 'NONE',  ( 0.0000000000000000000, 0.0000000000000000000, -1.000000000000000000 ) ) ;
#1378 = VECTOR ( 'NONE', #3656, 1000.000000000000000 ) ;
#1379 = ORIENTED_EDGE ( 'NONE', *, *, #1305, .F. ) ;
#1380 = AXIS2_PLACEMENT_3D ( 'NONE', #4626, #2431, #345 ) ;
#1381 = DIRECTION ( 'NONE',  ( 0.0000000000000000000, -1.000000000000000000, 0.0000000000000000000 ) ) ;
#1382 = VECTOR ( 'NONE', #4966, 1000.000000000000000 ) ;
#1383 = VECTOR ( 'NONE', #2956, 1000.000000000000000 ) ;
#1384 = DIRECTION ( 'NONE',  ( 1.000000000000000000, 0.0000000000000000000, 0.0000000000000000000 ) ) ;
#1385 = DIRECTION ( 'NONE',  ( 0.0000000000000000000, 1.000000000000000000, 0.0000000000000000000 ) ) ;
#1386 = CARTESIAN_POINT ( 'NONE',  ( 3.200000000000000178, 4.642518405394000069, -1.199999999999999956 ) ) ;
#1387 = LINE ( 'NONE', #200, #5350 ) ;
#1388 = AXIS2_PLACEMENT_3D ( 'NONE', #3137, #2374, #4406 ) ;
#1389 = VERTEX_POINT ( 'NONE', #720 ) ;
#1390 = VECTOR ( 'NONE', #5538, 1000.000000000000114 ) ;
#1391 = ADVANCED_FACE ( 'NONE', ( #5456 ), #1520, .F. ) ;
#1392 = CYLINDRICAL_SURFACE ( 'NONE', #5123, 0.2500000000000002220 ) ;
#1393 = DIRECTION ( 'NONE',  ( -0.0000000000000000000, 1.000000000000000000, 0.0000000000000000000 ) ) ;
#1394 = CARTESIAN_POINT ( 'NONE',  ( 4.500000000000000000, 7.250000000000000000, 1.649999999999999911 ) ) ;
#1395 = DIRECTION ( 'NONE',  ( -1.000000000000000000, 0.0000000000000000000, 0.0000000000000000000 ) ) ;
#1396 = ORIENTED_EDGE ( 'NONE', *, *, #3785, .F. ) ;
#1397 = ORIENTED_EDGE ( 'NONE', *, *, #246, .T. ) ;
#1398 = CYLINDRICAL_SURFACE ( 'NONE', #5304, 1.221512099435999588 ) ;
#1399 = CARTESIAN_POINT ( 'NONE',  ( -4.500000000000000000, 3.950000000000000178, 1.649999999999999911 ) ) ;
#1400 = CARTESIAN_POINT ( 'NONE',  ( -7.400000000000000355, 1.199999999999999956, 0.2500000000000000000 ) ) ;
#1401 = VERTEX_POINT ( 'NONE', #4942 ) ;
#1402 = ORIENTED_EDGE ( 'NONE', *, *, #1815, .F. ) ;
#1403 = VECTOR ( 'NONE', #838, 1000.000000000000000 ) ;
#1404 = ORIENTED_EDGE ( 'NONE', *, *, #3169, .F. ) ;
#1405 = CARTESIAN_POINT ( 'NONE',  ( 4.000000000000000000, 3.950000000000000178, -3.550000000000000266 ) ) ;
#1406 = CARTESIAN_POINT ( 'NONE',  ( 3.799999999999999822, 6.545008898986999668, -1.199999999999999956 ) ) ;
#1407 = CARTESIAN_POINT ( 'NONE',  ( -6.550000000000000711, 5.299999999999999822, 0.0000000000000000000 ) ) ;
#1408 = ORIENTED_EDGE ( 'NONE', *, *, #2106, .T. ) ;
#1409 = CARTESIAN_POINT ( 'NONE',  ( 1.300000000000000044, 4.642518405394000069, -1.199999999999999956 ) ) ;
#1410 = CARTESIAN_POINT ( 'NONE',  ( 4.250000000000000000, 7.250000000000000000, -3.550000000000000266 ) ) ;
#1411 = FACE_OUTER_BOUND ( 'NONE', #4479, .T. ) ;
#1412 = FACE_OUTER_BOUND ( 'NONE', #4936, .T. ) ;
#1413 = EDGE_CURVE ( 'NONE', #2766, #3958, #1542, .T. ) ;
#1414 = ORIENTED_EDGE ( 'NONE', *, *, #351, .T. ) ;
#1415 = CARTESIAN_POINT ( 'NONE',  ( 1.300000000000000044, -1.100000000000000089, 0.0000000000000000000 ) ) ;
#1416 = VECTOR ( 'NONE', #689, 1000.000000000000000 ) ;
#1417 = FACE_BOUND ( 'NONE', #1927, .T. ) ;
#1418 = DIRECTION ( 'NONE',  ( 0.0000000000000000000, 0.7071067811865477948, 0.7071067811865472397 ) ) ;
#1419 = DIRECTION ( 'NONE',  ( -1.000000000000000000, 0.0000000000000000000, 0.0000000000000000000 ) ) ;
#1420 = ORIENTED_EDGE ( 'NONE', *, *, #3006, .F. ) ;
#1421 = MECHANICAL_DESIGN_GEOMETRIC_PRESENTATION_REPRESENTATION (  '', ( #4912 ), #3398 ) ;
#1422 = ORIENTED_EDGE ( 'NONE', *, *, #453, .F. ) ;
#1423 = CARTESIAN_POINT ( 'NONE',  ( 6.550000000000000711, 6.500000000000000000, 0.0000000000000000000 ) ) ;
#1424 = LINE ( 'NONE', #1044, #3454 ) ;
#1425 = LINE ( 'NONE', #3171, #4622 ) ;
#1426 = ORIENTED_EDGE ( 'NONE', *, *, #1030, .T. ) ;
#1427 = DIRECTION ( 'NONE',  ( 0.0000000000000000000, 0.0000000000000000000, -1.000000000000000000 ) ) ;
#1428 = ORIENTED_EDGE ( 'NONE', *, *, #1030, .F. ) ;
#1429 = ORIENTED_EDGE ( 'NONE', *, *, #1759, .T. ) ;
#1430 = DIRECTION ( 'NONE',  ( 0.0000000000000000000, 0.7071067811865477948, 0.7071067811865472397 ) ) ;
#1431 = PLANE ( 'NONE',  #3535 ) ;
#1432 = ADVANCED_FACE ( 'NONE', ( #4535 ), #3746, .T. ) ;
#1433 = CARTESIAN_POINT ( 'NONE',  ( 6.550000000000000711, 6.500000000000000000, 0.0000000000000000000 ) ) ;
#1434 = ORIENTED_EDGE ( 'NONE', *, *, #1930, .T. ) ;
#1435 = CARTESIAN_POINT ( 'NONE',  ( 3.200000000000000178, 0.0000000000000000000, 0.0000000000000000000 ) ) ;
#1436 = EDGE_CURVE ( 'NONE', #962, #4970, #756, .T. ) ;
#1437 = EDGE_CURVE ( 'NONE', #914, #2979, #199, .T. ) ;
#1438 = DIRECTION ( 'NONE',  ( 0.0000000000000000000, 0.0000000000000000000, -1.000000000000000000 ) ) ;
#1439 = LINE ( 'NONE', #951, #1028 ) ;
#1440 = ORIENTED_EDGE ( 'NONE', *, *, #2561, .T. ) ;
#1441 = DIRECTION ( 'NONE',  ( -1.000000000000000000, 0.0000000000000000000, 0.0000000000000000000 ) ) ;
#1442 = EDGE_CURVE ( 'NONE', #5409, #100, #2481, .T. ) ;
#1443 = DIRECTION ( 'NONE',  ( 1.000000000000000000, 0.0000000000000000000, 0.0000000000000000000 ) ) ;
#1444 = EDGE_CURVE ( 'NONE', #2759, #3896, #5396, .T. ) ;
#1445 = EDGE_CURVE ( 'NONE', #420, #1754, #559, .T. ) ;
#1446 = DIRECTION ( 'NONE',  ( 0.0000000000000000000, -0.5735764363510792441, 0.8191520442889685949 ) ) ;
#1447 = VECTOR ( 'NONE', #3928, 1000.000000000000000 ) ;
#1448 = DIRECTION ( 'NONE',  ( 0.0000000000000000000, -0.7071067811865474617, 0.7071067811865474617 ) ) ;
#1449 = VERTEX_POINT ( 'NONE', #4143 ) ;
#1450 = ORIENTED_EDGE ( 'NONE', *, *, #3714, .T. ) ;
#1451 = DIRECTION ( 'NONE',  ( 0.0000000000000000000, 0.0000000000000000000, -1.000000000000000000 ) ) ;
#1452 = ADVANCED_FACE ( 'NONE', ( #281 ), #4642, .T. ) ;
#1453 = EDGE_CURVE ( 'NONE', #554, #4325, #3350, .T. ) ;
#1454 = VECTOR ( 'NONE', #1694, 1000.000000000000000 ) ;
#1455 = CARTESIAN_POINT ( 'NONE',  ( -0.6999999999999999556, 0.0000000000000000000, 0.0000000000000000000 ) ) ;
#1456 = CARTESIAN_POINT ( 'NONE',  ( 0.6999999999999999556, 6.343184738968999703, -0.7153331275076000306 ) ) ;
#1457 = ORIENTED_EDGE ( 'NONE', *, *, #4769, .T. ) ;
#1458 = AXIS2_PLACEMENT_3D ( 'NONE', #2614, #4806, #1830 ) ;
#1459 = CARTESIAN_POINT ( 'NONE',  ( 3.200000000000000178, 4.642518405394000069, -1.199999999999999956 ) ) ;
#1460 = ORIENTED_EDGE ( 'NONE', *, *, #3993, .T. ) ;
#1461 = EDGE_CURVE ( 'NONE', #611, #4153, #2195, .T. ) ;
#1462 = EDGE_LOOP ( 'NONE', ( #47, #3081, #5194, #3276 ) ) ;
#1463 = CARTESIAN_POINT ( 'NONE',  ( 3.799999999999999822, 4.642518405394000069, -1.199999999999999956 ) ) ;
#1464 = DIRECTION ( 'NONE',  ( -1.000000000000000000, 0.0000000000000000000, 0.0000000000000000000 ) ) ;
#1465 = VECTOR ( 'NONE', #5121, 1000.000000000000000 ) ;
#1466 = DIRECTION ( 'NONE',  ( 0.0000000000000000000, -1.000000000000000000, 0.0000000000000000000 ) ) ;
#1467 = DIRECTION ( 'NONE',  ( -1.000000000000000000, 0.0000000000000000000, 0.0000000000000000000 ) ) ;
#1468 = LINE ( 'NONE', #4891, #5240 ) ;
#1469 = AXIS2_PLACEMENT_3D ( 'NONE', #5286, #4458, #197 ) ;
#1470 = VERTEX_POINT ( 'NONE', #3405 ) ;
#1471 = DIRECTION ( 'NONE',  ( 0.0000000000000000000, -1.000000000000000000, 0.0000000000000000000 ) ) ;
#1472 = ORIENTED_EDGE ( 'NONE', *, *, #1894, .T. ) ;
#1473 = LINE ( 'NONE', #1036, #1715 ) ;
#1474 = AXIS2_PLACEMENT_3D ( 'NONE', #1455, #2300, #1931 ) ;
#1475 = VECTOR ( 'NONE', #4664, 1000.000000000000000 ) ;
#1476 = CARTESIAN_POINT ( 'NONE',  ( 0.6999999999999999556, 6.201763382732000451, -0.8567544837448999306 ) ) ;
#1477 = CARTESIAN_POINT ( 'NONE',  ( 1.500000000000000000, 7.250000000000000000, -3.799999999999999822 ) ) ;
#1478 = VECTOR ( 'NONE', #5120, 1000.000000000000000 ) ;
#1479 = VECTOR ( 'NONE', #3035, 1000.000000000000000 ) ;
#1480 = DIRECTION ( 'NONE',  ( 0.0000000000000000000, -1.000000000000000000, 0.0000000000000000000 ) ) ;
#1481 = ORIENTED_EDGE ( 'NONE', *, *, #3307, .F. ) ;
#1482 = ORIENTED_EDGE ( 'NONE', *, *, #1681, .T. ) ;
#1483 = ADVANCED_FACE ( 'NONE', ( #5541 ), #2138, .F. ) ;
#1484 = CARTESIAN_POINT ( 'NONE',  ( 1.500000000000000000, 5.700000000000000178, -3.799999999999999822 ) ) ;
#1485 = CARTESIAN_POINT ( 'NONE',  ( 6.550000000000000711, 8.500000000000000000, -3.299999999999999822 ) ) ;
#1486 = FACE_OUTER_BOUND ( 'NONE', #4524, .T. ) ;
#1487 = ADVANCED_FACE ( 'NONE', ( #1235 ), #3015, .T. ) ;
#1488 = ORIENTED_EDGE ( 'NONE', *, *, #3090, .F. ) ;
#1489 = DIRECTION ( 'NONE',  ( 0.0000000000000000000, -1.000000000000000000, -1.266228134301000063E-14 ) ) ;
#1490 = ORIENTED_EDGE ( 'NONE', *, *, #4257, .T. ) ;
#1491 = EDGE_CURVE ( 'NONE', #1736, #5425, #1270, .T. ) ;
#1492 = DIRECTION ( 'NONE',  ( -1.000000000000000000, 0.0000000000000000000, 0.0000000000000000000 ) ) ;
#1493 = CYLINDRICAL_SURFACE ( 'NONE', #4355, 0.2500000000000000000 ) ;
#1494 = EDGE_CURVE ( 'NONE', #772, #3063, #2588, .T. ) ;
#1495 = VERTEX_POINT ( 'NONE', #2078 ) ;
#1496 = VECTOR ( 'NONE', #3109, 1000.000000000000000 ) ;
#1497 = DIRECTION ( 'NONE',  ( 0.0000000000000000000, -1.000000000000000000, 0.0000000000000000000 ) ) ;
#1498 = CARTESIAN_POINT ( 'NONE',  ( -1.750000000000000000, 7.500000000000000000, 1.899999999999999911 ) ) ;
#1499 = VERTEX_POINT ( 'NONE', #3498 ) ;
#1500 = CARTESIAN_POINT ( 'NONE',  ( 2.000000000000000000, 6.549418683239000671, 2.371512099436000387 ) ) ;
#1501 = VERTEX_POINT ( 'NONE', #1708 ) ;
#1502 = CARTESIAN_POINT ( 'NONE',  ( -6.049999999999999822, 1.100000000000000089, -3.299999999999999822 ) ) ;
#1503 = CARTESIAN_POINT ( 'NONE',  ( 1.300000000000000044, 0.0000000000000000000, -0.2000000000000000111 ) ) ;
#1504 = LINE ( 'NONE', #3162, #5412 ) ;
#1505 = DIRECTION ( 'NONE',  ( 0.0000000000000000000, 0.0000000000000000000, -1.000000000000000000 ) ) ;
#1506 = ORIENTED_EDGE ( 'NONE', *, *, #5291, .T. ) ;
#1507 = EDGE_LOOP ( 'NONE', ( #2184, #2690, #1144, #313 ) ) ;
#1508 = DIRECTION ( 'NONE',  ( 0.0000000000000000000, 0.0000000000000000000, 1.000000000000000000 ) ) ;
#1509 = EDGE_CURVE ( 'NONE', #4631, #4679, #858, .T. ) ;
#1510 = PRODUCT_DEFINITION_CONTEXT ( 'detailed design', #737, 'design' ) ;
#1511 = EDGE_CURVE ( 'NONE', #4468, #2017, #2801, .T. ) ;
#1512 = ORIENTED_EDGE ( 'NONE', *, *, #4599, .F. ) ;
#1513 = CARTESIAN_POINT ( 'NONE',  ( 6.550000000000000711, 0.0000000000000000000, 1.399999999999999911 ) ) ;
#1514 = ORIENTED_EDGE ( 'NONE', *, *, #278, .T. ) ;
#1515 = DIRECTION ( 'NONE',  ( 0.0000000000000000000, 0.0000000000000000000, -1.000000000000000000 ) ) ;
#1516 = EDGE_CURVE ( 'NONE', #1785, #2824, #1367, .T. ) ;
#1517 = DIRECTION ( 'NONE',  ( -1.000000000000000000, 0.0000000000000000000, 0.0000000000000000000 ) ) ;
#1518 = CARTESIAN_POINT ( 'NONE',  ( 7.900000000000000355, 0.0000000000000000000, 1.750000000000000000 ) ) ;
#1519 = EDGE_CURVE ( 'NONE', #899, #2945, #1089, .T. ) ;
#1520 = PLANE ( 'NONE',  #5228 ) ;
#1521 = DIRECTION ( 'NONE',  ( 0.0000000000000000000, 0.0000000000000000000, 1.000000000000000000 ) ) ;
#1522 = ORIENTED_EDGE ( 'NONE', *, *, #2199, .F. ) ;
#1523 = LINE ( 'NONE', #1090, #2758 ) ;
#1524 = VERTEX_POINT ( 'NONE', #3877 ) ;
#1525 = LINE ( 'NONE', #1180, #4077 ) ;
#1526 = DIRECTION ( 'NONE',  ( 0.0000000000000000000, 1.000000000000000000, 0.0000000000000000000 ) ) ;
#1527 = CARTESIAN_POINT ( 'NONE',  ( -7.649999999999999467, 0.0000000000000000000, 0.2500000000000000000 ) ) ;
#1528 = CARTESIAN_POINT ( 'NONE',  ( 3.200000000000000178, 4.991207764517999301, -1.199999999999999956 ) ) ;
#1529 = ORIENTED_EDGE ( 'NONE', *, *, #3818, .F. ) ;
#1530 = VERTEX_POINT ( 'NONE', #1741 ) ;
#1531 = CARTESIAN_POINT ( 'NONE',  ( 6.049999999999999822, 0.0000000000000000000, 1.899999999999999911 ) ) ;
#1532 = AXIS2_PLACEMENT_3D ( 'NONE', #4634, #774, #4219 ) ;
#1533 = CARTESIAN_POINT ( 'NONE',  ( 0.6999999999999999556, -1.100000000000000089, 0.0000000000000000000 ) ) ;
#1534 = ORIENTED_EDGE ( 'NONE', *, *, #5287, .T. ) ;
#1535 = SURFACE_STYLE_FILL_AREA ( #4850 ) ;
#1536 = VERTEX_POINT ( 'NONE', #5092 ) ;
#1537 = CARTESIAN_POINT ( 'NONE',  ( 4.000000000000000000, 5.444198298232000077, 1.899999999999999911 ) ) ;
#1538 = LINE ( 'NONE', #1596, #5516 ) ;
#1539 = AXIS2_PLACEMENT_3D ( 'NONE', #809, #314, #2033 ) ;
#1540 = CARTESIAN_POINT ( 'NONE',  ( 2.000000000000000000, 5.438904667305999752, 1.399999999999999911 ) ) ;
#1541 = ADVANCED_FACE ( 'NONE', ( #26 ), #911, .F. ) ;
#1542 = LINE ( 'NONE', #4170, #5407 ) ;
#1543 = DIRECTION ( 'NONE',  ( 1.000000000000000000, 0.0000000000000000000, 0.0000000000000000000 ) ) ;
#1544 = ORIENTED_EDGE ( 'NONE', *, *, #1335, .F. ) ;
#1545 = EDGE_CURVE ( 'NONE', #3534, #3013, #2532, .T. ) ;
#1546 = CIRCLE ( 'NONE', #2269, 0.2500000000000000000 ) ;
#1547 = LINE ( 'NONE', #3294, #677 ) ;
#1548 = ORIENTED_EDGE ( 'NONE', *, *, #3060, .F. ) ;
#1549 = DIRECTION ( 'NONE',  ( 0.0000000000000000000, 0.0000000000000000000, 1.000000000000000000 ) ) ;
#1550 = CARTESIAN_POINT ( 'NONE',  ( 6.550000000000000711, 1.199999999999999956, 0.0000000000000000000 ) ) ;
#1551 = AXIS2_PLACEMENT_3D ( 'NONE', #3692, #5099, #2005 ) ;
#1552 = CARTESIAN_POINT ( 'NONE',  ( -4.000000000000000000, 7.500000000000000000, 1.649999999999999911 ) ) ;
#1553 = DIRECTION ( 'NONE',  ( -1.000000000000000000, 0.0000000000000000000, 0.0000000000000000000 ) ) ;
#1554 = EDGE_CURVE ( 'NONE', #3464, #2521, #3970, .T. ) ;
#1555 = CARTESIAN_POINT ( 'NONE',  ( 22.65865754888000083, 5.438904667305999752, 1.399999999999999911 ) ) ;
#1556 = VECTOR ( 'NONE', #5108, 1000.000000000000000 ) ;
#1557 = ORIENTED_EDGE ( 'NONE', *, *, #1759, .F. ) ;
#1558 = AXIS2_PLACEMENT_3D ( 'NONE', #2, #2593, #4289 ) ;
#1559 = EDGE_LOOP ( 'NONE', ( #474, #3737, #4989, #3295, #2212, #3355, #1049, #995, #5398, #972 ) ) ;
#1560 = DIRECTION ( 'NONE',  ( 1.000000000000000000, 0.0000000000000000000, 0.0000000000000000000 ) ) ;
#1561 = DIRECTION ( 'NONE',  ( -1.000000000000000000, 0.0000000000000000000, 0.0000000000000000000 ) ) ;
#1562 = VECTOR ( 'NONE', #2597, 1000.000000000000000 ) ;
#1563 = DIRECTION ( 'NONE',  ( 0.0000000000000000000, -1.000000000000000000, 0.0000000000000000000 ) ) ;
#1564 = LINE ( 'NONE', #4132, #2459 ) ;
#1565 = ORIENTED_EDGE ( 'NONE', *, *, #3202, .F. ) ;
#1566 = ORIENTED_EDGE ( 'NONE', *, *, #2068, .F. ) ;
#1567 = AXIS2_PLACEMENT_3D ( 'NONE', #1400, #3120, #608 ) ;
#1568 = DIRECTION ( 'NONE',  ( 0.0000000000000000000, 0.0000000000000000000, -1.000000000000000000 ) ) ;
#1569 = PLANE ( 'NONE',  #2102 ) ;
#1570 = ORIENTED_EDGE ( 'NONE', *, *, #63, .F. ) ;
#1571 = VERTEX_POINT ( 'NONE', #4773 ) ;
#1572 = VECTOR ( 'NONE', #3440, 1000.000000000000000 ) ;
#1573 = ADVANCED_FACE ( 'NONE', ( #831, #5173, #2563, #4283, #3851, #3042, #5564, #4745, #884 ), #2612, .F. ) ;
#1574 = CARTESIAN_POINT ( 'NONE',  ( -1.750000000000000000, 3.700000000000000178, 1.899999999999999911 ) ) ;
#1575 = ORIENTED_EDGE ( 'NONE', *, *, #4307, .T. ) ;
#1576 = AXIS2_PLACEMENT_3D ( 'NONE', #4033, #1804, #2232 ) ;
#1577 = LINE ( 'NONE', #3662, #335 ) ;
#1578 = VERTEX_POINT ( 'NONE', #5414 ) ;
#1579 = CARTESIAN_POINT ( 'NONE',  ( 0.0000000000000000000, 1.100000000000000089, -3.799999999999999822 ) ) ;
#1580 = CARTESIAN_POINT ( 'NONE',  ( -1.500000000000000000, 3.950000000000000178, -3.799999999999999822 ) ) ;
#1581 = LINE ( 'NONE', #4984, #1306 ) ;
#1582 = DIRECTION ( 'NONE',  ( 0.0000000000000000000, 0.0000000000000000000, 1.000000000000000000 ) ) ;
#1583 = ADVANCED_FACE ( 'NONE', ( #2277 ), #3250, .F. ) ;
#1584 = DIRECTION ( 'NONE',  ( 1.000000000000000000, 0.0000000000000000000, 0.0000000000000000000 ) ) ;
#1585 = EDGE_LOOP ( 'NONE', ( #2434, #2887, #323, #1512, #3758, #3082, #3002, #2893, #5195, #3322, #3128 ) ) ;
#1586 = ORIENTED_EDGE ( 'NONE', *, *, #19, .F. ) ;
#1587 = DIRECTION ( 'NONE',  ( 0.0000000000000000000, -1.000000000000000000, 0.0000000000000000000 ) ) ;
#1588 = DIRECTION ( 'NONE',  ( -1.000000000000000000, 0.0000000000000000000, 0.0000000000000000000 ) ) ;
#1589 = CARTESIAN_POINT ( 'NONE',  ( -4.000000000000000000, 5.444198298232000077, -3.550000000000000266 ) ) ;
#1590 = CARTESIAN_POINT ( 'NONE',  ( -4.500000000000000000, 7.500000000000000000, -3.799999999999999822 ) ) ;
#1591 = ORIENTED_EDGE ( 'NONE', *, *, #5262, .F. ) ;
#1592 = VERTEX_POINT ( 'NONE', #1406 ) ;
#1593 = EDGE_LOOP ( 'NONE', ( #3215, #3980, #1928, #1692, #2121, #2246, #430, #4474 ) ) ;
#1594 = CARTESIAN_POINT ( 'NONE',  ( -1.500000000000000000, 3.950000000000000178, 1.899999999999999911 ) ) ;
#1595 = AXIS2_PLACEMENT_3D ( 'NONE', #312, #4200, #1176 ) ;
#1596 = CARTESIAN_POINT ( 'NONE',  ( 4.000000000000000000, 5.444198298232000077, 1.899999999999999911 ) ) ;
#1597 = ORIENTED_EDGE ( 'NONE', *, *, #4267, .F. ) ;
#1598 = ORIENTED_EDGE ( 'NONE', *, *, #5076, .T. ) ;
#1599 = LINE ( 'NONE', #3292, #3985 ) ;
#1600 = ORIENTED_EDGE ( 'NONE', *, *, #1442, .F. ) ;
#1601 = CARTESIAN_POINT ( 'NONE',  ( -0.6999999999999999556, 4.642518405394000069, -1.199999999999999956 ) ) ;
#1602 = VERTEX_POINT ( 'NONE', #168 ) ;
#1603 = DIRECTION ( 'NONE',  ( 1.000000000000000000, 0.0000000000000000000, 0.0000000000000000000 ) ) ;
#1604 = CARTESIAN_POINT ( 'NONE',  ( -1.750000000000000000, 7.250000000000000000, 9.330519999999999925 ) ) ;
#1605 = EDGE_CURVE ( 'NONE', #1157, #5450, #560, .T. ) ;
#1606 = PLANE ( 'NONE',  #4279 ) ;
#1607 = DIRECTION ( 'NONE',  ( 0.0000000000000000000, 0.0000000000000000000, -1.000000000000000000 ) ) ;
#1608 = CARTESIAN_POINT ( 'NONE',  ( 6.550000000000000711, 1.199999999999999956, 0.0000000000000000000 ) ) ;
#1609 = ORIENTED_EDGE ( 'NONE', *, *, #2490, .T. ) ;
#1610 = EDGE_CURVE ( 'NONE', #4709, #3422, #4396, .T. ) ;
#1611 = VERTEX_POINT ( 'NONE', #3996 ) ;
#1612 = CARTESIAN_POINT ( 'NONE',  ( -4.000000000000000000, 6.549418683239000671, 2.371512099436000387 ) ) ;
#1613 = EDGE_CURVE ( 'NONE', #4209, #3663, #563, .T. ) ;
#1614 = EDGE_CURVE ( 'NONE', #611, #3557, #4367, .T. ) ;
#1615 = DIRECTION ( 'NONE',  ( 0.0000000000000000000, 1.000000000000000000, 0.0000000000000000000 ) ) ;
#1616 = DIRECTION ( 'NONE',  ( 0.0000000000000000000, 1.000000000000000000, 0.0000000000000000000 ) ) ;
#1617 = CARTESIAN_POINT ( 'NONE',  ( -4.000000000000000000, 5.444198298232000077, -3.799999999999999822 ) ) ;
#1618 = ORIENTED_EDGE ( 'NONE', *, *, #1461, .F. ) ;
#1619 = VERTEX_POINT ( 'NONE', #4022 ) ;
#1620 = FILL_AREA_STYLE_COLOUR ( '', #4029 ) ;
#1621 = EDGE_LOOP ( 'NONE', ( #1857, #2909, #1108, #717 ) ) ;
#1622 = DIRECTION ( 'NONE',  ( 1.000000000000000000, 0.0000000000000000000, 0.0000000000000000000 ) ) ;
#1623 = DIRECTION ( 'NONE',  ( -1.000000000000000000, 0.0000000000000000000, 0.0000000000000000000 ) ) ;
#1624 = VERTEX_POINT ( 'NONE', #3962 ) ;
#1625 = EDGE_CURVE ( 'NONE', #2860, #1735, #4959, .T. ) ;
#1626 = ORIENTED_EDGE ( 'NONE', *, *, #2854, .T. ) ;
#1627 = VECTOR ( 'NONE', #2786, 1000.000000000000000 ) ;
#1628 = PLANE ( 'NONE',  #2536 ) ;
#1629 = CARTESIAN_POINT ( 'NONE',  ( -1.750000000000000000, 3.950000000000000178, -3.799999999999999822 ) ) ;
#1630 = EDGE_LOOP ( 'NONE', ( #4068, #4732, #2609, #2688, #5050, #1514, #2970, #1699 ) ) ;
#1631 = DIRECTION ( 'NONE',  ( 0.0000000000000000000, 1.000000000000000000, 0.0000000000000000000 ) ) ;
#1632 = ORIENTED_EDGE ( 'NONE', *, *, #4784, .F. ) ;
#1633 = AXIS2_PLACEMENT_3D ( 'NONE', #1083, #2336, #1884 ) ;
#1634 = CARTESIAN_POINT ( 'NONE',  ( 1.750000000000000000, 7.250000000000000000, 1.899999999999999911 ) ) ;
#1635 = LINE ( 'NONE', #5547, #1846 ) ;
#1636 = DIRECTION ( 'NONE',  ( 0.0000000000000000000, -0.5735764363510117425, 0.8191520442890158904 ) ) ;
#1637 = VECTOR ( 'NONE', #2781, 1000.000000000000000 ) ;
#1638 = DIRECTION ( 'NONE',  ( 0.0000000000000000000, 0.8191520442890162235, 0.5735764363510111874 ) ) ;
#1639 = ORIENTED_EDGE ( 'NONE', *, *, #1919, .T. ) ;
#1640 = VERTEX_POINT ( 'NONE', #4801 ) ;
#1641 = CARTESIAN_POINT ( 'NONE',  ( 0.6999999999999999556, 0.0000000000000000000, -0.2000000000000000111 ) ) ;
#1642 = AXIS2_PLACEMENT_3D ( 'NONE', #3113, #5242, #1359 ) ;
#1643 = CARTESIAN_POINT ( 'NONE',  ( -4.500000000000000000, 5.700000000000000178, -3.799999999999999822 ) ) ;
#1644 = VECTOR ( 'NONE', #5222, 1000.000000000000000 ) ;
#1645 = DIRECTION ( 'NONE',  ( -1.000000000000000000, 0.0000000000000000000, 0.0000000000000000000 ) ) ;
#1646 = VECTOR ( 'NONE', #2617, 1000.000000000000000 ) ;
#1647 = ORIENTED_EDGE ( 'NONE', *, *, #1163, .F. ) ;
#1648 = EDGE_CURVE ( 'NONE', #2352, #2446, #1855, .T. ) ;
#1649 = ORIENTED_EDGE ( 'NONE', *, *, #5557, .F. ) ;
#1650 = APPLICATION_PROTOCOL_DEFINITION ( 'draft international standard', 'automotive_design', 1998, #5239 ) ;
#1651 = DIRECTION ( 'NONE',  ( 0.0000000000000000000, 0.0000000000000000000, -1.000000000000000000 ) ) ;
#1652 = AXIS2_PLACEMENT_3D ( 'NONE', #3511, #1901, #3143 ) ;
#1653 = VECTOR ( 'NONE', #1908, 1000.000000000000000 ) ;
#1654 = LINE ( 'NONE', #4658, #4259 ) ;
#1655 = DIRECTION ( 'NONE',  ( 0.0000000000000000000, 0.0000000000000000000, 1.000000000000000000 ) ) ;
#1656 = ADVANCED_FACE ( 'NONE', ( #4420 ), #1431, .F. ) ;
#1657 = VECTOR ( 'NONE', #4731, 1000.000000000000000 ) ;
#1658 = VERTEX_POINT ( 'NONE', #1824 ) ;
#1659 = CIRCLE ( 'NONE', #1294, 1.221512099436000032 ) ;
#1660 = VERTEX_POINT ( 'NONE', #3574 ) ;
#1661 = EDGE_CURVE ( 'NONE', #1682, #4398, #1728, .T. ) ;
#1662 = CARTESIAN_POINT ( 'NONE',  ( -7.400000000000000355, 1.199999999999999956, 0.2500000000000000000 ) ) ;
#1663 = CARTESIAN_POINT ( 'NONE',  ( 2.000000000000000000, 7.540000000000000036, 1.649999999999999911 ) ) ;
#1664 = VERTEX_POINT ( 'NONE', #2668 ) ;
#1665 = FACE_OUTER_BOUND ( 'NONE', #3407, .T. ) ;
#1666 = CARTESIAN_POINT ( 'NONE',  ( 28.49687999999999732, 5.444198298232000077, 1.399999999999999911 ) ) ;
#1667 = DIRECTION ( 'NONE',  ( 0.0000000000000000000, 0.7071067811865477948, 0.7071067811865473507 ) ) ;
#1668 = AXIS2_PLACEMENT_3D ( 'NONE', #2939, #3244, #5073 ) ;
#1669 = PLANE ( 'NONE',  #1311 ) ;
#1670 = ORIENTED_EDGE ( 'NONE', *, *, #5394, .F. ) ;
#1671 = DIRECTION ( 'NONE',  ( 0.0000000000000000000, 1.000000000000000000, 0.0000000000000000000 ) ) ;
#1672 = VECTOR ( 'NONE', #3685, 1000.000000000000000 ) ;
#1673 = LINE ( 'NONE', #1161, #3801 ) ;
#1674 = VERTEX_POINT ( 'NONE', #4131 ) ;
#1675 = VERTEX_POINT ( 'NONE', #942 ) ;
#1676 = CARTESIAN_POINT ( 'NONE',  ( -4.500000000000000000, 3.950000000000000178, 1.899999999999999911 ) ) ;
#1677 = CARTESIAN_POINT ( 'NONE',  ( 7.400000000000000355, 0.0000000000000000000, 0.0000000000000000000 ) ) ;
#1678 = EDGE_CURVE ( 'NONE', #4107, #3783, #3148, .T. ) ;
#1679 = CARTESIAN_POINT ( 'NONE',  ( -3.799999999999999822, -1.100000000000000089, -0.2000000000000000111 ) ) ;
#1680 = VERTEX_POINT ( 'NONE', #1796 ) ;
#1681 = EDGE_CURVE ( 'NONE', #3783, #4978, #5224, .T. ) ;
#1682 = VERTEX_POINT ( 'NONE', #1106 ) ;
#1683 = ADVANCED_FACE ( 'NONE', ( #993, #4551, #686 ), #2411, .F. ) ;
#1684 = DIRECTION ( 'NONE',  ( -1.000000000000000000, 0.0000000000000000000, 0.0000000000000000000 ) ) ;
#1685 = CARTESIAN_POINT ( 'NONE',  ( -6.049999999999999822, 21.53600000000000136, 1.399999999999999911 ) ) ;
#1686 = VERTEX_POINT ( 'NONE', #3280 ) ;
#1687 = FACE_OUTER_BOUND ( 'NONE', #2221, .T. ) ;
#1688 = EDGE_CURVE ( 'NONE', #3797, #4006, #2640, .T. ) ;
#1689 = CARTESIAN_POINT ( 'NONE',  ( -3.799999999999999822, 6.545008898986999668, -1.199999999999999956 ) ) ;
#1690 = DIRECTION ( 'NONE',  ( 0.0000000000000000000, 1.000000000000000000, 0.0000000000000000000 ) ) ;
#1691 = CARTESIAN_POINT ( 'NONE',  ( 7.400000000000000355, 1.199999999999999956, -0.2500000000000000000 ) ) ;
#1692 = ORIENTED_EDGE ( 'NONE', *, *, #5057, .T. ) ;
#1693 = EDGE_CURVE ( 'NONE', #129, #5471, #1246, .T. ) ;
#1694 = DIRECTION ( 'NONE',  ( 1.000000000000000000, 0.0000000000000000000, 0.0000000000000000000 ) ) ;
#1695 = LINE ( 'NONE', #4352, #1478 ) ;
#1696 = DIRECTION ( 'NONE',  ( 0.0000000000000000000, 0.0000000000000000000, 1.000000000000000000 ) ) ;
#1697 = EDGE_LOOP ( 'NONE', ( #4356, #4584, #4182, #2452 ) ) ;
#1698 = ORIENTED_EDGE ( 'NONE', *, *, #4093, .T. ) ;
#1699 = ORIENTED_EDGE ( 'NONE', *, *, #3059, .T. ) ;
#1700 = DIRECTION ( 'NONE',  ( -0.5773502691896257311, -0.5773502691896257311, 0.5773502691896257311 ) ) ;
#1701 = PLANE ( 'NONE',  #4790 ) ;
#1702 = LINE ( 'NONE', #1254, #1744 ) ;
#1703 = VERTEX_POINT ( 'NONE', #3368 ) ;
#1704 = EDGE_CURVE ( 'NONE', #2919, #5042, #5077, .T. ) ;
#1705 = ORIENTED_EDGE ( 'NONE', *, *, #4852, .F. ) ;
#1706 = ORIENTED_EDGE ( 'NONE', *, *, #1304, .T. ) ;
#1707 = CYLINDRICAL_SURFACE ( 'NONE', #582, 0.2500000000000002220 ) ;
#1708 = CARTESIAN_POINT ( 'NONE',  ( -4.250000000000000000, 3.700000000000000178, -3.550000000000000266 ) ) ;
#1709 = CARTESIAN_POINT ( 'NONE',  ( -2.000000000000000000, 7.500000000000000000, 1.649999999999999911 ) ) ;
#1710 = EDGE_CURVE ( 'NONE', #1041, #4709, #5527, .T. ) ;
#1711 = VERTEX_POINT ( 'NONE', #4630 ) ;
#1712 = CARTESIAN_POINT ( 'NONE',  ( -0.6999999999999999556, 6.201763382732000451, -0.8567544837448999306 ) ) ;
#1713 = EDGE_CURVE ( 'NONE', #3625, #5501, #295, .T. ) ;
#1714 = CARTESIAN_POINT ( 'NONE',  ( 5.799999999999999822, 7.700000000000000178, -3.050000000000000266 ) ) ;
#1715 = VECTOR ( 'NONE', #2762, 1000.000000000000000 ) ;
#1716 = LINE ( 'NONE', #2202, #2119 ) ;
#1717 = LINE ( 'NONE', #1300, #2188 ) ;
#1718 = ADVANCED_FACE ( 'NONE', ( #5045 ), #2968, .F. ) ;
#1719 = AXIS2_PLACEMENT_3D ( 'NONE', #2696, #509, #4371 ) ;
#1720 = DIRECTION ( 'NONE',  ( 0.0000000000000000000, 0.0000000000000000000, 1.000000000000000000 ) ) ;
#1721 = VERTEX_POINT ( 'NONE', #5448 ) ;
#1722 = CARTESIAN_POINT ( 'NONE',  ( -4.250000000000000000, 7.500000000000000000, -3.799999999999999822 ) ) ;
#1723 = CARTESIAN_POINT ( 'NONE',  ( -3.200000000000000178, 6.545008898986999668, -1.199999999999999956 ) ) ;
#1724 = FACE_OUTER_BOUND ( 'NONE', #2791, .T. ) ;
#1725 = EDGE_CURVE ( 'NONE', #1619, #4176, #2856, .T. ) ;
#1726 = ORIENTED_EDGE ( 'NONE', *, *, #2263, .T. ) ;
#1727 = ORIENTED_EDGE ( 'NONE', *, *, #2712, .F. ) ;
#1728 = CIRCLE ( 'NONE', #4867, 0.5000000000000000000 ) ;
#1729 = ORIENTED_EDGE ( 'NONE', *, *, #5354, .T. ) ;
#1730 = CARTESIAN_POINT ( 'NONE',  ( 6.049999999999999822, 1.100000000000000089, 1.399999999999999911 ) ) ;
#1731 = DIRECTION ( 'NONE',  ( 0.0000000000000000000, 0.0000000000000000000, -1.000000000000000000 ) ) ;
#1732 = VECTOR ( 'NONE', #515, 1000.000000000000000 ) ;
#1733 = VECTOR ( 'NONE', #402, 1000.000000000000000 ) ;
#1734 = DIRECTION ( 'NONE',  ( 0.0000000000000000000, 0.0000000000000000000, -1.000000000000000000 ) ) ;
#1735 = VERTEX_POINT ( 'NONE', #379 ) ;
#1736 = VERTEX_POINT ( 'NONE', #2916 ) ;
#1737 = CIRCLE ( 'NONE', #2280, 0.2500000000000002220 ) ;
#1738 = AXIS2_PLACEMENT_3D ( 'NONE', #4746, #450, #2641 ) ;
#1739 = VERTEX_POINT ( 'NONE', #4655 ) ;
#1740 = ORIENTED_EDGE ( 'NONE', *, *, #2132, .F. ) ;
#1741 = CARTESIAN_POINT ( 'NONE',  ( -4.500000000000000000, 7.250000000000000000, 1.899999999999999911 ) ) ;
#1742 = AXIS2_PLACEMENT_3D ( 'NONE', #843, #4755, #896 ) ;
#1743 = LINE ( 'NONE', #5141, #1475 ) ;
#1744 = VECTOR ( 'NONE', #387, 1000.000000000000000 ) ;
#1745 = ORIENTED_EDGE ( 'NONE', *, *, #1704, .T. ) ;
#1746 = LINE ( 'NONE', #4645, #4117 ) ;
#1747 = CARTESIAN_POINT ( 'NONE',  ( 6.049999999999999822, 21.53600000000000136, -3.299999999999999822 ) ) ;
#1748 = ADVANCED_FACE ( 'NONE', ( #3310 ), #2093, .F. ) ;
#1749 = AXIS2_PLACEMENT_3D ( 'NONE', #1094, #676, #3432 ) ;
#1750 = CARTESIAN_POINT ( 'NONE',  ( 6.049999999999999822, 8.500000000000000000, 1.649999999999999911 ) ) ;
#1751 = EDGE_CURVE ( 'NONE', #3312, #2876, #4214, .T. ) ;
#1752 = CARTESIAN_POINT ( 'NONE',  ( -6.550000000000000711, 1.199999999999999956, -0.2500000000000000000 ) ) ;
#1753 = CYLINDRICAL_SURFACE ( 'NONE', #1763, 0.5000000000000000000 ) ;
#1754 = VERTEX_POINT ( 'NONE', #3814 ) ;
#1755 = CARTESIAN_POINT ( 'NONE',  ( 1.500000000000000000, 3.950000000000000178, 1.899999999999999911 ) ) ;
#1756 = EDGE_CURVE ( 'NONE', #3030, #4127, #1673, .T. ) ;
#1757 = VECTOR ( 'NONE', #3021, 1000.000000000000000 ) ;
#1758 = CARTESIAN_POINT ( 'NONE',  ( 1.300000000000000044, 6.343184738968999703, -0.7153331275076000306 ) ) ;
#1759 = EDGE_CURVE ( 'NONE', #1499, #1658, #819, .T. ) ;
#1760 = FACE_OUTER_BOUND ( 'NONE', #437, .T. ) ;
#1761 = ORIENTED_EDGE ( 'NONE', *, *, #2542, .F. ) ;
#1762 = ORIENTED_EDGE ( 'NONE', *, *, #448, .T. ) ;
#1763 = AXIS2_PLACEMENT_3D ( 'NONE', #3836, #5180, #3478 ) ;
#1764 = ORIENTED_EDGE ( 'NONE', *, *, #2604, .F. ) ;
#1765 = ORIENTED_EDGE ( 'NONE', *, *, #3451, .F. ) ;
#1766 = ADVANCED_FACE ( 'NONE', ( #2598 ), #3949, .F. ) ;
#1767 = ADVANCED_FACE ( 'NONE', ( #9 ), #870, .F. ) ;
#1768 = DIRECTION ( 'NONE',  ( 0.0000000000000000000, 0.0000000000000000000, 1.000000000000000000 ) ) ;
#1769 = ORIENTED_EDGE ( 'NONE', *, *, #852, .F. ) ;
#1770 = EDGE_LOOP ( 'NONE', ( #1506, #1943, #1138, #293 ) ) ;
#1771 = ORIENTED_EDGE ( 'NONE', *, *, #860, .T. ) ;
#1772 = CARTESIAN_POINT ( 'NONE',  ( 0.6999999999999999556, 5.905096863084000169, -0.5600879640965999995 ) ) ;
#1773 = DIRECTION ( 'NONE',  ( -1.000000000000000000, 0.0000000000000000000, 0.0000000000000000000 ) ) ;
#1774 = VERTEX_POINT ( 'NONE', #3054 ) ;
#1775 = DIRECTION ( 'NONE',  ( 0.0000000000000000000, 0.0000000000000000000, -1.000000000000000000 ) ) ;
#1776 = CARTESIAN_POINT ( 'NONE',  ( -4.000000000000000000, 7.500000000000000000, 1.649999999999999911 ) ) ;
#1777 = CARTESIAN_POINT ( 'NONE',  ( 4.000000000000000000, 5.444198298232000077, 1.899999999999999911 ) ) ;
#1778 = DIRECTION ( 'NONE',  ( 1.000000000000000000, 0.0000000000000000000, 0.0000000000000000000 ) ) ;
#1779 = ORIENTED_EDGE ( 'NONE', *, *, #279, .T. ) ;
#1780 = FACE_OUTER_BOUND ( 'NONE', #2799, .T. ) ;
#1781 = CARTESIAN_POINT ( 'NONE',  ( 6.550000000000000711, 8.500000000000000000, -3.799999999999999822 ) ) ;
#1782 = CARTESIAN_POINT ( 'NONE',  ( -6.550000000000000711, 1.199999999999999956, 0.0000000000000000000 ) ) ;
#1783 = VERTEX_POINT ( 'NONE', #1394 ) ;
#1784 = ORIENTED_EDGE ( 'NONE', *, *, #3790, .T. ) ;
#1785 = VERTEX_POINT ( 'NONE', #46 ) ;
#1786 = ADVANCED_FACE ( 'NONE', ( #1760 ), #3483, .F. ) ;
#1787 = DIRECTION ( 'NONE',  ( 0.0000000000000000000, 1.000000000000000000, 0.0000000000000000000 ) ) ;
#1788 = EDGE_CURVE ( 'NONE', #2473, #217, #96, .T. ) ;
#1789 = CARTESIAN_POINT ( 'NONE',  ( 1.750000000000000000, 7.500000000000000000, -3.799999999999999822 ) ) ;
#1790 = DIRECTION ( 'NONE',  ( 1.000000000000000000, 0.0000000000000000000, 0.0000000000000000000 ) ) ;
#1791 = ORIENTED_EDGE ( 'NONE', *, *, #3309, .T. ) ;
#1792 = ORIENTED_EDGE ( 'NONE', *, *, #4342, .T. ) ;
#1793 = VERTEX_POINT ( 'NONE', #4382 ) ;
#1794 = VERTEX_POINT ( 'NONE', #1336 ) ;
#1795 = CARTESIAN_POINT ( 'NONE',  ( 0.6999999999999999556, 3.500000000000000000, -2.000000000000000000 ) ) ;
#1796 = CARTESIAN_POINT ( 'NONE',  ( 4.000000000000000000, 7.200000000000000178, -3.550000000000000266 ) ) ;
#1797 = CARTESIAN_POINT ( 'NONE',  ( 7.400000000000000355, 0.0000000000000000000, -0.2500000000000000000 ) ) ;
#1798 = EDGE_CURVE ( 'NONE', #3946, #3850, #2180, .T. ) ;
#1799 = VERTEX_POINT ( 'NONE', #545 ) ;
#1800 = DIRECTION ( 'NONE',  ( 0.0000000000000000000, 0.0000000000000000000, -1.000000000000000000 ) ) ;
#1801 = AXIS2_PLACEMENT_3D ( 'NONE', #4957, #4927, #1069 ) ;
#1802 = DIRECTION ( 'NONE',  ( 1.000000000000000000, 0.0000000000000000000, 0.0000000000000000000 ) ) ;
#1803 = CARTESIAN_POINT ( 'NONE',  ( 3.200000000000000178, 0.0000000000000000000, -0.2000000000000000111 ) ) ;
#1804 = DIRECTION ( 'NONE',  ( 0.0000000000000000000, 0.0000000000000000000, 1.000000000000000000 ) ) ;
#1805 = AXIS2_PLACEMENT_3D ( 'NONE', #1612, #3759, #2494 ) ;
#1806 = LINE ( 'NONE', #895, #2170 ) ;
#1807 = LINE ( 'NONE', #5207, #1657 ) ;
#1808 = DIRECTION ( 'NONE',  ( 0.0000000000000000000, -1.000000000000000000, 0.0000000000000000000 ) ) ;
#1809 = VECTOR ( 'NONE', #4258, 1000.000000000000000 ) ;
#1810 = EDGE_CURVE ( 'NONE', #899, #4687, #3976, .T. ) ;
#1811 = ORIENTED_EDGE ( 'NONE', *, *, #3158, .F. ) ;
#1812 = VERTEX_POINT ( 'NONE', #955 ) ;
#1813 = DIRECTION ( 'NONE',  ( 1.000000000000000000, 0.0000000000000000000, 0.0000000000000000000 ) ) ;
#1814 = AXIS2_PLACEMENT_3D ( 'NONE', #3474, #5177, #1326 ) ;
#1815 = EDGE_CURVE ( 'NONE', #1571, #3364, #3924, .T. ) ;
#1816 = LINE ( 'NONE', #3987, #2014 ) ;
#1817 = AXIS2_PLACEMENT_3D ( 'NONE', #2112, #4310, #1322 ) ;
#1818 = ORIENTED_EDGE ( 'NONE', *, *, #1648, .T. ) ;
#1819 = VERTEX_POINT ( 'NONE', #1782 ) ;
#1820 = EDGE_CURVE ( 'NONE', #3468, #4651, #2625, .T. ) ;
#1821 = VECTOR ( 'NONE', #1808, 1000.000000000000000 ) ;
#1822 = ORIENTED_EDGE ( 'NONE', *, *, #1209, .T. ) ;
#1823 = CARTESIAN_POINT ( 'NONE',  ( 1.750000000000000000, 3.700000000000000178, -11.23052000000000028 ) ) ;
#1824 = CARTESIAN_POINT ( 'NONE',  ( -1.300000000000000044, -1.100000000000000089, -0.2000000000000000111 ) ) ;
#1825 = ADVANCED_FACE ( 'NONE', ( #1724 ), #2260, .F. ) ;
#1826 = DIRECTION ( 'NONE',  ( 0.0000000000000000000, -1.000000000000000000, 0.0000000000000000000 ) ) ;
#1827 = VECTOR ( 'NONE', #3316, 1000.000000000000000 ) ;
#1828 = ORIENTED_EDGE ( 'NONE', *, *, #433, .F. ) ;
#1829 = AXIS2_PLACEMENT_3D ( 'NONE', #2782, #5371, #1521 ) ;
#1830 = DIRECTION ( 'NONE',  ( 0.0000000000000000000, 0.0000000000000000000, -1.000000000000000000 ) ) ;
#1831 = ADVANCED_FACE ( 'NONE', ( #2575 ), #4294, .F. ) ;
#1832 = AXIS2_PLACEMENT_3D ( 'NONE', #4157, #735, #1615 ) ;
#1833 = AXIS2_PLACEMENT_3D ( 'NONE', #5542, #2197, #2984 ) ;
#1834 = DIRECTION ( 'NONE',  ( 0.0000000000000000000, 0.0000000000000000000, -1.000000000000000000 ) ) ;
#1835 = DIRECTION ( 'NONE',  ( -1.000000000000000000, 0.0000000000000000000, 0.0000000000000000000 ) ) ;
#1836 = CARTESIAN_POINT ( 'NONE',  ( -3.200000000000000178, 4.642518405394000069, -1.199999999999999956 ) ) ;
#1837 = VERTEX_POINT ( 'NONE', #2149 ) ;
#1838 = VECTOR ( 'NONE', #1875, 1000.000000000000000 ) ;
#1839 = DIRECTION ( 'NONE',  ( 0.0000000000000000000, 1.000000000000000000, 0.0000000000000000000 ) ) ;
#1840 = FACE_OUTER_BOUND ( 'NONE', #861, .T. ) ;
#1841 = DIRECTION ( 'NONE',  ( -1.000000000000000000, 0.0000000000000000000, 0.0000000000000000000 ) ) ;
#1842 = CARTESIAN_POINT ( 'NONE',  ( -4.000000000000000000, 3.950000000000000178, 1.649999999999999911 ) ) ;
#1843 = ORIENTED_EDGE ( 'NONE', *, *, #1955, .T. ) ;
#1844 = ORIENTED_EDGE ( 'NONE', *, *, #367, .T. ) ;
#1845 = LINE ( 'NONE', #3566, #3602 ) ;
#1846 = VECTOR ( 'NONE', #2646, 1000.000000000000000 ) ;
#1847 = LINE ( 'NONE', #4471, #2109 ) ;
#1848 = AXIS2_PLACEMENT_3D ( 'NONE', #2965, #404, #4671 ) ;
#1849 = FACE_OUTER_BOUND ( 'NONE', #2381, .T. ) ;
#1850 = ORIENTED_EDGE ( 'NONE', *, *, #3006, .T. ) ;
#1851 = ADVANCED_FACE ( 'NONE', ( #494 ), #71, .T. ) ;
#1852 = EDGE_CURVE ( 'NONE', #1022, #129, #4523, .T. ) ;
#1853 = ORIENTED_EDGE ( 'NONE', *, *, #5319, .T. ) ;
#1854 = LINE ( 'NONE', #2162, #3729 ) ;
#1855 = LINE ( 'NONE', #536, #475 ) ;
#1856 = LINE ( 'NONE', #1939, #303 ) ;
#1857 = ORIENTED_EDGE ( 'NONE', *, *, #984, .F. ) ;
#1858 = DIRECTION ( 'NONE',  ( 1.000000000000000000, 0.0000000000000000000, 0.0000000000000000000 ) ) ;
#1859 = EDGE_CURVE ( 'NONE', #3057, #1675, #3080, .T. ) ;
#1860 = DIRECTION ( 'NONE',  ( 0.0000000000000000000, 1.000000000000000000, 0.0000000000000000000 ) ) ;
#1861 = LINE ( 'NONE', #3580, #4612 ) ;
#1862 = EDGE_CURVE ( 'NONE', #4571, #4000, #259, .T. ) ;
#1863 = LINE ( 'NONE', #3156, #2933 ) ;
#1864 = VERTEX_POINT ( 'NONE', #1924 ) ;
#1865 = LINE ( 'NONE', #3920, #2702 ) ;
#1866 = AXIS2_PLACEMENT_3D ( 'NONE', #5278, #31, #2141 ) ;
#1867 = LINE ( 'NONE', #2320, #219 ) ;
#1868 = DIRECTION ( 'NONE',  ( 1.000000000000000000, 0.0000000000000000000, 0.0000000000000000000 ) ) ;
#1869 = EDGE_CURVE ( 'NONE', #3809, #4468, #4434, .T. ) ;
#1870 = CARTESIAN_POINT ( 'NONE',  ( -6.550000000000000711, 5.299999999999999822, 0.0000000000000000000 ) ) ;
#1871 = ORIENTED_EDGE ( 'NONE', *, *, #3827, .F. ) ;
#1872 = ORIENTED_EDGE ( 'NONE', *, *, #3823, .F. ) ;
#1873 = DIRECTION ( 'NONE',  ( 1.000000000000000000, 0.0000000000000000000, 0.0000000000000000000 ) ) ;
#1874 = DIRECTION ( 'NONE',  ( 0.0000000000000000000, 0.0000000000000000000, 1.000000000000000000 ) ) ;
#1875 = DIRECTION ( 'NONE',  ( 0.0000000000000000000, -1.000000000000000000, 0.0000000000000000000 ) ) ;
#1876 = ORIENTED_EDGE ( 'NONE', *, *, #2339, .T. ) ;
#1877 = PRESENTATION_STYLE_ASSIGNMENT (( #270 ) ) ;
#1878 = ORIENTED_EDGE ( 'NONE', *, *, #553, .F. ) ;
#1879 = ORIENTED_EDGE ( 'NONE', *, *, #2348, .T. ) ;
#1880 = DIRECTION ( 'NONE',  ( 1.000000000000000000, 0.0000000000000000000, 0.0000000000000000000 ) ) ;
#1881 = CARTESIAN_POINT ( 'NONE',  ( 0.6999999999999999556, 0.0000000000000000000, -0.2000000000000000111 ) ) ;
#1882 = CARTESIAN_POINT ( 'NONE',  ( -4.500000000000000000, 7.500000000000000000, 1.899999999999999911 ) ) ;
#1883 = ORIENTED_EDGE ( 'NONE', *, *, #1605, .T. ) ;
#1884 = DIRECTION ( 'NONE',  ( 0.0000000000000000000, 0.0000000000000000000, 1.000000000000000000 ) ) ;
#1885 = CARTESIAN_POINT ( 'NONE',  ( -6.049999999999999822, 8.500000000000000000, -3.299999999999999822 ) ) ;
#1886 = ADVANCED_FACE ( 'NONE', ( #4465 ), #3138, .T. ) ;
#1887 = EDGE_CURVE ( 'NONE', #3789, #4153, #574, .T. ) ;
#1888 = VERTEX_POINT ( 'NONE', #4124 ) ;
#1889 = CARTESIAN_POINT ( 'NONE',  ( 0.6999999999999999556, 0.0000000000000000000, -0.2000000000000000111 ) ) ;
#1890 = VERTEX_POINT ( 'NONE', #2737 ) ;
#1891 = CARTESIAN_POINT ( 'NONE',  ( -5.799999999999999822, 7.700000000000000178, -3.050000000000000266 ) ) ;
#1892 = CYLINDRICAL_SURFACE ( 'NONE', #3183, 0.2500000000000002220 ) ;
#1893 = DIRECTION ( 'NONE',  ( -1.000000000000000000, 0.0000000000000000000, 0.0000000000000000000 ) ) ;
#1894 = EDGE_CURVE ( 'NONE', #420, #613, #4952, .T. ) ;
#1895 = AXIS2_PLACEMENT_3D ( 'NONE', #1484, #4597, #1508 ) ;
#1896 = DIRECTION ( 'NONE',  ( -1.000000000000000000, 0.0000000000000000000, 0.0000000000000000000 ) ) ;
#1897 = ORIENTED_EDGE ( 'NONE', *, *, #2678, .F. ) ;
#1898 = CARTESIAN_POINT ( 'NONE',  ( -0.6999999999999999556, 4.991207764517999301, -1.199999999999999956 ) ) ;
#1899 = EDGE_CURVE ( 'NONE', #4217, #3534, #4097, .T. ) ;
#1900 = CIRCLE ( 'NONE', #1805, 0.9715120994360998408 ) ;
#1901 = DIRECTION ( 'NONE',  ( 1.000000000000000000, 0.0000000000000000000, 0.0000000000000000000 ) ) ;
#1902 = CARTESIAN_POINT ( 'NONE',  ( 1.300000000000000044, 5.848209992139000057, -1.210307874338000023 ) ) ;
#1903 = VERTEX_POINT ( 'NONE', #3587 ) ;
#1904 =( LENGTH_UNIT ( ) NAMED_UNIT ( * ) SI_UNIT ( .MILLI., .METRE. ) );
#1905 = ORIENTED_EDGE ( 'NONE', *, *, #170, .F. ) ;
#1906 = LINE ( 'NONE', #3255, #755 ) ;
#1907 = AXIS2_PLACEMENT_3D ( 'NONE', #4002, #148, #3579 ) ;
#1908 = DIRECTION ( 'NONE',  ( 0.0000000000000000000, 0.0000000000000000000, -1.000000000000000000 ) ) ;
#1909 = ORIENTED_EDGE ( 'NONE', *, *, #3132, .F. ) ;
#1910 = VECTOR ( 'NONE', #3193, 1000.000000000000114 ) ;
#1911 = DIRECTION ( 'NONE',  ( 0.0000000000000000000, 0.0000000000000000000, 1.000000000000000000 ) ) ;
#1912 = CARTESIAN_POINT ( 'NONE',  ( 7.400000000000000355, 0.0000000000000000000, -0.2500000000000000000 ) ) ;
#1913 = AXIS2_PLACEMENT_3D ( 'NONE', #4079, #991, #222 ) ;
#1914 = CARTESIAN_POINT ( 'NONE',  ( -5.649999999999999467, 7.849999999999999645, -2.125000000000000000 ) ) ;
#1915 = VECTOR ( 'NONE', #5013, 1000.000000000000000 ) ;
#1916 = ORIENTED_EDGE ( 'NONE', *, *, #4607, .F. ) ;
#1917 = DIRECTION ( 'NONE',  ( 0.0000000000000000000, 0.0000000000000000000, 1.000000000000000000 ) ) ;
#1918 = EDGE_LOOP ( 'NONE', ( #3788, #2606, #3591, #1249 ) ) ;
#1919 = EDGE_CURVE ( 'NONE', #1022, #962, #2705, .T. ) ;
#1920 = CARTESIAN_POINT ( 'NONE',  ( 5.649999999999999467, 7.849999999999999645, -2.125000000000000000 ) ) ;
#1921 = AXIS2_PLACEMENT_3D ( 'NONE', #530, #2242, #104 ) ;
#1922 = VECTOR ( 'NONE', #2164, 1000.000000000000000 ) ;
#1923 = FACE_OUTER_BOUND ( 'NONE', #5432, .T. ) ;
#1924 = CARTESIAN_POINT ( 'NONE',  ( 4.250000000000000000, 7.500000000000000000, 1.899999999999999911 ) ) ;
#1925 = VECTOR ( 'NONE', #4598, 1000.000000000000000 ) ;
#1926 = DIRECTION ( 'NONE',  ( 0.0000000000000000000, 0.0000000000000000000, -1.000000000000000000 ) ) ;
#1927 = EDGE_LOOP ( 'NONE', ( #4324, #1059, #4602, #1843, #424, #5209, #2273, #4338, #4126, #3446, #526, #3394 ) ) ;
#1928 = ORIENTED_EDGE ( 'NONE', *, *, #2608, .T. ) ;
#1929 = DIRECTION ( 'NONE',  ( -1.000000000000000000, 0.0000000000000000000, 0.0000000000000000000 ) ) ;
#1930 = EDGE_CURVE ( 'NONE', #534, #588, #1546, .T. ) ;
#1931 = DIRECTION ( 'NONE',  ( 0.0000000000000000000, 0.0000000000000000000, 1.000000000000000000 ) ) ;
#1932 = DIRECTION ( 'NONE',  ( 0.0000000000000000000, 0.0000000000000000000, -1.000000000000000000 ) ) ;
#1933 = ORIENTED_EDGE ( 'NONE', *, *, #5507, .F. ) ;
#1934 = DIRECTION ( 'NONE',  ( 0.0000000000000000000, 0.0000000000000000000, 1.000000000000000000 ) ) ;
#1935 = ADVANCED_FACE ( 'NONE', ( #4841 ), #3667, .F. ) ;
#1936 = ORIENTED_EDGE ( 'NONE', *, *, #5086, .F. ) ;
#1937 = DIRECTION ( 'NONE',  ( 0.0000000000000000000, 1.000000000000000000, 0.0000000000000000000 ) ) ;
#1938 = AXIS2_PLACEMENT_3D ( 'NONE', #2350, #4067, #1926 ) ;
#1939 = CARTESIAN_POINT ( 'NONE',  ( 3.200000000000000178, 0.0000000000000000000, -0.2000000000000000111 ) ) ;
#1940 = ORIENTED_EDGE ( 'NONE', *, *, #5360, .T. ) ;
#1941 = CARTESIAN_POINT ( 'NONE',  ( 6.049999999999999822, -14.53599999999999959, 1.399999999999999911 ) ) ;
#1942 = FACE_OUTER_BOUND ( 'NONE', #4547, .T. ) ;
#1943 = ORIENTED_EDGE ( 'NONE', *, *, #2245, .T. ) ;
#1944 = LINE ( 'NONE', #723, #4809 ) ;
#1945 = ORIENTED_EDGE ( 'NONE', *, *, #1516, .F. ) ;
#1946 = LINE ( 'NONE', #4566, #3792 ) ;
#1947 = CARTESIAN_POINT ( 'NONE',  ( -1.300000000000000044, 5.561421773962999637, -0.8007318521937000222 ) ) ;
#1948 = CARTESIAN_POINT ( 'NONE',  ( -1.750000000000000000, 7.250000000000000000, -11.23052000000000028 ) ) ;
#1949 = CARTESIAN_POINT ( 'NONE',  ( -6.550000000000000711, 5.299999999999999822, -0.2500000000000000000 ) ) ;
#1950 = VERTEX_POINT ( 'NONE', #4037 ) ;
#1951 = ORIENTED_EDGE ( 'NONE', *, *, #4019, .T. ) ;
#1952 = LINE ( 'NONE', #3671, #3337 ) ;
#1953 = STYLED_ITEM ( 'NONE', ( #1877 ), #5496 ) ;
#1954 = LINE ( 'NONE', #1979, #658 ) ;
#1955 = EDGE_CURVE ( 'NONE', #372, #1793, #5378, .T. ) ;
#1956 = LINE ( 'NONE', #2882, #5520 ) ;
#1957 = EDGE_CURVE ( 'NONE', #3364, #2868, #204, .T. ) ;
#1958 = EDGE_CURVE ( 'NONE', #5409, #4100, #5233, .T. ) ;
#1959 = VERTEX_POINT ( 'NONE', #3219 ) ;
#1960 = CARTESIAN_POINT ( 'NONE',  ( 7.400000000000000355, 1.199999999999999956, -0.2500000000000000000 ) ) ;
#1961 = ORIENTED_EDGE ( 'NONE', *, *, #811, .T. ) ;
#1962 = DIRECTION ( 'NONE',  ( -1.000000000000000000, 0.0000000000000000000, 0.0000000000000000000 ) ) ;
#1963 = DIRECTION ( 'NONE',  ( 0.0000000000000000000, -1.000000000000000000, 0.0000000000000000000 ) ) ;
#1964 = EDGE_LOOP ( 'NONE', ( #300, #2660, #5032, #1784 ) ) ;
#1965 = DIRECTION ( 'NONE',  ( 0.0000000000000000000, 0.7510780138546502283, 0.6602134632860447994 ) ) ;
#1966 = DIRECTION ( 'NONE',  ( 1.000000000000000000, 0.0000000000000000000, 0.0000000000000000000 ) ) ;
#1967 = PLANE ( 'NONE',  #4265 ) ;
#1968 = ORIENTED_EDGE ( 'NONE', *, *, #5321, .F. ) ;
#1969 = CARTESIAN_POINT ( 'NONE',  ( 6.049999999999999822, 8.500000000000000000, 1.899999999999999911 ) ) ;
#1970 = EDGE_LOOP ( 'NONE', ( #4693, #1428, #2021, #2620 ) ) ;
#1971 = FACE_OUTER_BOUND ( 'NONE', #3029, .T. ) ;
#1972 = PLANE ( 'NONE',  #3626 ) ;
#1973 = LINE ( 'NONE', #761, #2742 ) ;
#1974 = CARTESIAN_POINT ( 'NONE',  ( -7.900000000000000355, 1.199999999999999956, 0.2500000000000000000 ) ) ;
#1975 = DIRECTION ( 'NONE',  ( 1.000000000000000000, 0.0000000000000000000, 0.0000000000000000000 ) ) ;
#1976 = ORIENTED_EDGE ( 'NONE', *, *, #718, .F. ) ;
#1977 = ORIENTED_EDGE ( 'NONE', *, *, #1693, .F. ) ;
#1978 = FACE_OUTER_BOUND ( 'NONE', #4392, .T. ) ;
#1979 = CARTESIAN_POINT ( 'NONE',  ( 3.799999999999999822, 5.561421773962999637, -0.8007318521937000222 ) ) ;
#1980 = AXIS2_PLACEMENT_3D ( 'NONE', #1730, #2630, #3142 ) ;
#1981 = FACE_OUTER_BOUND ( 'NONE', #1991, .T. ) ;
#1982 = ORIENTED_EDGE ( 'NONE', *, *, #2143, .T. ) ;
#1983 = DIRECTION ( 'NONE',  ( 0.0000000000000000000, 1.000000000000000000, 0.0000000000000000000 ) ) ;
#1984 = VERTEX_POINT ( 'NONE', #2406 ) ;
#1985 = VECTOR ( 'NONE', #2543, 1000.000000000000000 ) ;
#1986 = LINE ( 'NONE', #1463, #1382 ) ;
#1987 = EDGE_CURVE ( 'NONE', #4217, #724, #1504, .T. ) ;
#1988 = LINE ( 'NONE', #3707, #5250 ) ;
#1989 = AXIS2_PLACEMENT_3D ( 'NONE', #3104, #1800, #564 ) ;
#1990 = VERTEX_POINT ( 'NONE', #3615 ) ;
#1991 = EDGE_LOOP ( 'NONE', ( #2316, #4902, #2932, #1566 ) ) ;
#1992 = AXIS2_PLACEMENT_3D ( 'NONE', #114, #3549, #2828 ) ;
#1993 = EDGE_CURVE ( 'NONE', #2265, #588, #120, .T. ) ;
#1994 = DIRECTION ( 'NONE',  ( -1.000000000000000000, 0.0000000000000000000, 0.0000000000000000000 ) ) ;
#1995 = DIRECTION ( 'NONE',  ( 0.0000000000000000000, 1.000000000000000000, 0.0000000000000000000 ) ) ;
#1996 = EDGE_LOOP ( 'NONE', ( #1876, #3123, #549, #349, #3341, #3775 ) ) ;
#1997 = AXIS2_PLACEMENT_3D ( 'NONE', #142, #3125, #4828 ) ;
#1998 = CARTESIAN_POINT ( 'NONE',  ( -6.049999999999999822, 0.0000000000000000000, 1.399999999999999911 ) ) ;
#1999 = ORIENTED_EDGE ( 'NONE', *, *, #4870, .F. ) ;
#2000 = ADVANCED_FACE ( 'NONE', ( #2346 ), #206, .T. ) ;
#2001 = DIRECTION ( 'NONE',  ( 0.0000000000000000000, 1.000000000000000000, 0.0000000000000000000 ) ) ;
#2002 = CIRCLE ( 'NONE', #1297, 0.5000000000000004441 ) ;
#2003 = CIRCLE ( 'NONE', #1001, 0.5000000000000004441 ) ;
#2004 = CARTESIAN_POINT ( 'NONE',  ( 7.649999999999999467, 0.0000000000000000000, 0.2500000000000000000 ) ) ;
#2005 = DIRECTION ( 'NONE',  ( 0.0000000000000000000, 1.000000000000000000, 0.0000000000000000000 ) ) ;
#2006 = VECTOR ( 'NONE', #3931, 1000.000000000000000 ) ;
#2007 = ORIENTED_EDGE ( 'NONE', *, *, #1751, .T. ) ;
#2008 = CIRCLE ( 'NONE', #1833, 0.5000000000000004441 ) ;
#2009 = ORIENTED_EDGE ( 'NONE', *, *, #2726, .T. ) ;
#2010 = PLANE ( 'NONE',  #366 ) ;
#2011 = FACE_OUTER_BOUND ( 'NONE', #3222, .T. ) ;
#2012 = VECTOR ( 'NONE', #3112, 1000.000000000000000 ) ;
#2013 = UNCERTAINTY_MEASURE_WITH_UNIT (LENGTH_MEASURE( 1.000000000000000082E-05 ), #1904, 'distance_accuracy_value', 'NONE');
#2014 = VECTOR ( 'NONE', #133, 1000.000000000000000 ) ;
#2015 = DIRECTION ( 'NONE',  ( 0.0000000000000000000, 0.0000000000000000000, 1.000000000000000000 ) ) ;
#2016 = DIRECTION ( 'NONE',  ( 0.0000000000000000000, -1.000000000000000000, 0.0000000000000000000 ) ) ;
#2017 = VERTEX_POINT ( 'NONE', #4513 ) ;
#2018 = ORIENTED_EDGE ( 'NONE', *, *, #4095, .F. ) ;
#2019 = CIRCLE ( 'NONE', #1913, 0.5000000000000004441 ) ;
#2020 = CARTESIAN_POINT ( 'NONE',  ( -3.200000000000000178, 5.561421773962999637, -0.8007318521937000222 ) ) ;
#2021 = ORIENTED_EDGE ( 'NONE', *, *, #1798, .F. ) ;
#2022 = ADVANCED_FACE ( 'NONE', ( #648 ), #235, .F. ) ;
#2023 = ORIENTED_EDGE ( 'NONE', *, *, #3923, .T. ) ;
#2024 = VECTOR ( 'NONE', #4591, 1000.000000000000000 ) ;
#2025 = DIRECTION ( 'NONE',  ( 1.000000000000000000, 0.0000000000000000000, 0.0000000000000000000 ) ) ;
#2026 = PLANE ( 'NONE',  #4173 ) ;
#2027 = ORIENTED_EDGE ( 'NONE', *, *, #3681, .T. ) ;
#2028 = CIRCLE ( 'NONE', #4992, 0.2500000000000000000 ) ;
#2029 = PLANE ( 'NONE',  #1595 ) ;
#2030 = ADVANCED_FACE ( 'NONE', ( #1182 ), #4180, .T. ) ;
#2031 = ADVANCED_FACE ( 'NONE', ( #289 ), #4592, .F. ) ;
#2032 = VERTEX_POINT ( 'NONE', #762 ) ;
#2033 = DIRECTION ( 'NONE',  ( 0.0000000000000000000, 0.6696584809786011450, 0.7426691853399012277 ) ) ;
#2034 = DIRECTION ( 'NONE',  ( 0.0000000000000000000, 1.000000000000000000, 0.0000000000000000000 ) ) ;
#2035 = DIRECTION ( 'NONE',  ( -1.000000000000000000, 0.0000000000000000000, 0.0000000000000000000 ) ) ;
#2036 = CARTESIAN_POINT ( 'NONE',  ( -2.000000000000000000, 5.444198298232000077, -3.799999999999999822 ) ) ;
#2037 = CARTESIAN_POINT ( 'NONE',  ( 0.6999999999999999556, 4.642518405394000069, -1.199999999999999956 ) ) ;
#2038 = ORIENTED_EDGE ( 'NONE', *, *, #3647, .F. ) ;
#2039 = ORIENTED_EDGE ( 'NONE', *, *, #641, .F. ) ;
#2040 = CARTESIAN_POINT ( 'NONE',  ( -1.300000000000000044, 6.343184738968999703, -0.7153331275076000306 ) ) ;
#2041 = LINE ( 'NONE', #4675, #1925 ) ;
#2042 = EDGE_CURVE ( 'NONE', #2505, #3393, #318, .T. ) ;
#2043 = CARTESIAN_POINT ( 'NONE',  ( -4.500000000000000000, 7.250000000000000000, 1.649999999999999911 ) ) ;
#2044 = ORIENTED_EDGE ( 'NONE', *, *, #3655, .T. ) ;
#2045 = ORIENTED_EDGE ( 'NONE', *, *, #440, .T. ) ;
#2046 = ORIENTED_EDGE ( 'NONE', *, *, #4641, .T. ) ;
#2047 = DIRECTION ( 'NONE',  ( -1.000000000000000000, 0.0000000000000000000, 0.0000000000000000000 ) ) ;
#2048 = VECTOR ( 'NONE', #556, 1000.000000000000000 ) ;
#2049 = LINE ( 'NONE', #3768, #4178 ) ;
#2050 = ORIENTED_EDGE ( 'NONE', *, *, #376, .F. ) ;
#2051 = VERTEX_POINT ( 'NONE', #1154 ) ;
#2052 = CARTESIAN_POINT ( 'NONE',  ( 0.6999999999999999556, 5.446706486693000393, -0.6369014433359000416 ) ) ;
#2053 = LINE ( 'NONE', #697, #834 ) ;
#2054 = VERTEX_POINT ( 'NONE', #1974 ) ;
#2055 = CARTESIAN_POINT ( 'NONE',  ( 6.049999999999999822, 8.500000000000000000, -3.550000000000000266 ) ) ;
#2056 = ORIENTED_EDGE ( 'NONE', *, *, #5491, .F. ) ;
#2057 = LINE ( 'NONE', #5568, #1809 ) ;
#2058 = DIRECTION ( 'NONE',  ( 0.0000000000000000000, 0.7071067811865474617, -0.7071067811865474617 ) ) ;
#2059 = CARTESIAN_POINT ( 'NONE',  ( -1.500000000000000000, 3.950000000000000178, -3.799999999999999822 ) ) ;
#2060 = EDGE_CURVE ( 'NONE', #2565, #2032, #2873, .T. ) ;
#2061 = EDGE_CURVE ( 'NONE', #1794, #1237, #5060, .T. ) ;
#2062 = CARTESIAN_POINT ( 'NONE',  ( -3.200000000000000178, 5.561421773962999637, -0.8007318521937000222 ) ) ;
#2063 = DIRECTION ( 'NONE',  ( -1.000000000000000000, 0.0000000000000000000, 0.0000000000000000000 ) ) ;
#2064 = ORIENTED_EDGE ( 'NONE', *, *, #272, .T. ) ;
#2065 = LINE ( 'NONE', #1722, #2978 ) ;
#2066 = EDGE_CURVE ( 'NONE', #1530, #1674, #210, .T. ) ;
#2067 = CARTESIAN_POINT ( 'NONE',  ( 4.000000000000000000, 3.950000000000000178, -3.799999999999999822 ) ) ;
#2068 = EDGE_CURVE ( 'NONE', #2069, #3958, #5144, .T. ) ;
#2069 = VERTEX_POINT ( 'NONE', #2036 ) ;
#2070 = CARTESIAN_POINT ( 'NONE',  ( -2.000000000000000000, 7.200000000000000178, 1.649999999999999911 ) ) ;
#2071 = EDGE_CURVE ( 'NONE', #4391, #4651, #2721, .T. ) ;
#2072 = LINE ( 'NONE', #3767, #3631 ) ;
#2073 = DIRECTION ( 'NONE',  ( 0.0000000000000000000, 0.7071067811865477948, 0.7071067811865472397 ) ) ;
#2074 = ORIENTED_EDGE ( 'NONE', *, *, #2964, .T. ) ;
#2075 = AXIS2_PLACEMENT_3D ( 'NONE', #5411, #4991, #5017 ) ;
#2076 = ORIENTED_EDGE ( 'NONE', *, *, #2204, .T. ) ;
#2077 = VECTOR ( 'NONE', #1441, 1000.000000000000000 ) ;
#2078 = CARTESIAN_POINT ( 'NONE',  ( 0.6999999999999999556, 5.561421773962999637, -0.8007318521937000222 ) ) ;
#2079 = DIRECTION ( 'NONE',  ( -0.0000000000000000000, 0.7071067811865475727, 0.7071067811865475727 ) ) ;
#2080 = ORIENTED_EDGE ( 'NONE', *, *, #3520, .T. ) ;
#2081 = DIRECTION ( 'NONE',  ( 0.0000000000000000000, 1.000000000000000000, 0.0000000000000000000 ) ) ;
#2082 = AXIS2_PLACEMENT_3D ( 'NONE', #2396, #1055, #3659 ) ;
#2083 = DIRECTION ( 'NONE',  ( 0.0000000000000000000, 0.0000000000000000000, -1.000000000000000000 ) ) ;
#2084 = DIRECTION ( 'NONE',  ( -1.000000000000000000, 0.0000000000000000000, 0.0000000000000000000 ) ) ;
#2085 = CARTESIAN_POINT ( 'NONE',  ( -1.300000000000000044, 4.642518405394000069, -1.199999999999999956 ) ) ;
#2086 = VECTOR ( 'NONE', #3682, 1000.000000000000000 ) ;
#2087 = ADVANCED_FACE ( 'NONE', ( #5039 ), #5438, .F. ) ;
#2088 = CARTESIAN_POINT ( 'NONE',  ( -1.750000000000000000, 3.950000000000000178, -3.550000000000000266 ) ) ;
#2089 = EDGE_CURVE ( 'NONE', #4631, #1774, #3449, .T. ) ;
#2090 = LINE ( 'NONE', #767, #1454 ) ;
#2091 = VECTOR ( 'NONE', #2496, 1000.000000000000000 ) ;
#2092 = LINE ( 'NONE', #326, #126 ) ;
#2093 = PLANE ( 'NONE',  #23 ) ;
#2094 = AXIS2_PLACEMENT_3D ( 'NONE', #5479, #1622, #4220 ) ;
#2095 = DIRECTION ( 'NONE',  ( 0.0000000000000000000, -1.000000000000000000, 0.0000000000000000000 ) ) ;
#2096 = EDGE_CURVE ( 'NONE', #3189, #2219, #4351, .T. ) ;
#2097 = VERTEX_POINT ( 'NONE', #2489 ) ;
#2098 = ORIENTED_EDGE ( 'NONE', *, *, #4803, .T. ) ;
#2099 = DIRECTION ( 'NONE',  ( 1.000000000000000000, 0.0000000000000000000, 0.0000000000000000000 ) ) ;
#2100 = VERTEX_POINT ( 'NONE', #2062 ) ;
#2101 = ADVANCED_FACE ( 'NONE', ( #1129 ), #3779, .T. ) ;
#2102 = AXIS2_PLACEMENT_3D ( 'NONE', #3229, #4139, #4967 ) ;
#2103 = DIRECTION ( 'NONE',  ( 0.0000000000000000000, 1.000000000000000000, 0.0000000000000000000 ) ) ;
#2104 = CARTESIAN_POINT ( 'NONE',  ( -6.049999999999999822, 8.500000000000000000, 1.399999999999999911 ) ) ;
#2105 = EDGE_CURVE ( 'NONE', #363, #2521, #3712, .T. ) ;
#2106 = EDGE_CURVE ( 'NONE', #898, #1812, #4569, .T. ) ;
#2107 = VECTOR ( 'NONE', #3241, 1000.000000000000114 ) ;
#2108 = VERTEX_POINT ( 'NONE', #4669 ) ;
#2109 = VECTOR ( 'NONE', #2769, 1000.000000000000000 ) ;
#2110 = ORIENTED_EDGE ( 'NONE', *, *, #5220, .T. ) ;
#2111 = ORIENTED_EDGE ( 'NONE', *, *, #5537, .F. ) ;
#2112 = CARTESIAN_POINT ( 'NONE',  ( 7.400000000000000355, 1.199999999999999956, 0.2500000000000000000 ) ) ;
#2113 = LINE ( 'NONE', #885, #127 ) ;
#2114 = ORIENTED_EDGE ( 'NONE', *, *, #3782, .T. ) ;
#2115 = DIRECTION ( 'NONE',  ( 0.0000000000000000000, 0.7071067811865475727, -0.7071067811865475727 ) ) ;
#2116 = CARTESIAN_POINT ( 'NONE',  ( 4.000000000000000000, 3.950000000000000178, -3.550000000000000266 ) ) ;
#2117 = DIRECTION ( 'NONE',  ( 0.0000000000000000000, 1.000000000000000000, 0.0000000000000000000 ) ) ;
#2118 = LINE ( 'NONE', #1803, #2633 ) ;
#2119 = VECTOR ( 'NONE', #837, 1000.000000000000000 ) ;
#2120 = FACE_OUTER_BOUND ( 'NONE', #5301, .T. ) ;
#2121 = ORIENTED_EDGE ( 'NONE', *, *, #877, .T. ) ;
#2122 = CARTESIAN_POINT ( 'NONE',  ( 4.500000000000000000, 3.950000000000000178, -3.799999999999999822 ) ) ;
#2123 = AXIS2_PLACEMENT_3D ( 'NONE', #2619, #3023, #4728 ) ;
#2124 = PLANE ( 'NONE',  #1206 ) ;
#2125 = CARTESIAN_POINT ( 'NONE',  ( 6.550000000000000711, 8.500000000000000000, -3.299999999999999822 ) ) ;
#2126 = PLANE ( 'NONE',  #565 ) ;
#2127 = ORIENTED_EDGE ( 'NONE', *, *, #5336, .T. ) ;
#2128 = ORIENTED_EDGE ( 'NONE', *, *, #2089, .T. ) ;
#2129 = DIRECTION ( 'NONE',  ( 0.0000000000000000000, 0.0000000000000000000, 1.000000000000000000 ) ) ;
#2130 = EDGE_CURVE ( 'NONE', #4743, #1799, #703, .T. ) ;
#2131 = FACE_OUTER_BOUND ( 'NONE', #21, .T. ) ;
#2132 = EDGE_CURVE ( 'NONE', #3496, #255, #2118, .T. ) ;
#2133 = EDGE_CURVE ( 'NONE', #3423, #5080, #1717, .T. ) ;
#2134 = FACE_OUTER_BOUND ( 'NONE', #156, .T. ) ;
#2135 = ORIENTED_EDGE ( 'NONE', *, *, #2334, .T. ) ;
#2136 = VERTEX_POINT ( 'NONE', #1329 ) ;
#2137 = ORIENTED_EDGE ( 'NONE', *, *, #5225, .T. ) ;
#2138 = PLANE ( 'NONE',  #3349 ) ;
#2139 = DIRECTION ( 'NONE',  ( -1.000000000000000000, 0.0000000000000000000, 0.0000000000000000000 ) ) ;
#2140 = ORIENTED_EDGE ( 'NONE', *, *, #902, .F. ) ;
#2141 = DIRECTION ( 'NONE',  ( 0.0000000000000000000, 0.7071067811865477948, 0.7071067811865472397 ) ) ;
#2142 = LINE ( 'NONE', #1151, #4948 ) ;
#2143 = EDGE_CURVE ( 'NONE', #3536, #4118, #4317, .T. ) ;
#2144 = LINE ( 'NONE', #35, #4189 ) ;
#2145 = CARTESIAN_POINT ( 'NONE',  ( 2.000000000000000000, 7.535071816667000100, -3.550000000000000266 ) ) ;
#2146 = ORIENTED_EDGE ( 'NONE', *, *, #4812, .T. ) ;
#2147 = DIRECTION ( 'NONE',  ( 0.0000000000000000000, 1.000000000000000000, 0.0000000000000000000 ) ) ;
#2148 = CARTESIAN_POINT ( 'NONE',  ( -4.000000000000000000, 7.535071816667000100, -3.550000000000000266 ) ) ;
#2149 = CARTESIAN_POINT ( 'NONE',  ( 4.250000000000000000, 7.500000000000000000, -3.799999999999999822 ) ) ;
#2150 = ORIENTED_EDGE ( 'NONE', *, *, #3307, .T. ) ;
#2151 = ORIENTED_EDGE ( 'NONE', *, *, #4977, .T. ) ;
#2152 = ORIENTED_EDGE ( 'NONE', *, *, #1056, .F. ) ;
#2153 = CARTESIAN_POINT ( 'NONE',  ( 7.649999999999999467, 1.199999999999999956, 1.750000000000000000 ) ) ;
#2154 = ADVANCED_FACE ( 'NONE', ( #5152 ), #2991, .F. ) ;
#2155 = LINE ( 'NONE', #3867, #5238 ) ;
#2156 = DIRECTION ( 'NONE',  ( 0.0000000000000000000, 0.0000000000000000000, -1.000000000000000000 ) ) ;
#2157 = VERTEX_POINT ( 'NONE', #1777 ) ;
#2158 = EDGE_CURVE ( 'NONE', #2226, #3565, #3049, .T. ) ;
#2159 = EDGE_LOOP ( 'NONE', ( #2954, #5484, #253, #5058 ) ) ;
#2160 = ORIENTED_EDGE ( 'NONE', *, *, #1519, .F. ) ;
#2161 = EDGE_LOOP ( 'NONE', ( #3906, #2440, #731, #5128 ) ) ;
#2162 = CARTESIAN_POINT ( 'NONE',  ( -0.6999999999999999556, 5.561421773962999637, -0.8007318521937000222 ) ) ;
#2163 = DIRECTION ( 'NONE',  ( 0.0000000000000000000, -0.5735764363510117425, 0.8191520442890158904 ) ) ;
#2164 = DIRECTION ( 'NONE',  ( -1.000000000000000000, 0.0000000000000000000, 0.0000000000000000000 ) ) ;
#2165 = ORIENTED_EDGE ( 'NONE', *, *, #4804, .T. ) ;
#2166 = EDGE_CURVE ( 'NONE', #2097, #4506, #3884, .T. ) ;
#2167 = DIRECTION ( 'NONE',  ( 0.0000000000000000000, -1.000000000000000000, 0.0000000000000000000 ) ) ;
#2168 = CARTESIAN_POINT ( 'NONE',  ( 7.649999999999999467, 1.199999999999999956, 1.750000000000000000 ) ) ;
#2169 = ADVANCED_FACE ( 'NONE', ( #5179 ), #3411, .T. ) ;
#2170 = VECTOR ( 'NONE', #4404, 1000.000000000000000 ) ;
#2171 = DIRECTION ( 'NONE',  ( 0.0000000000000000000, 0.0000000000000000000, 1.000000000000000000 ) ) ;
#2172 = LINE ( 'NONE', #3476, #482 ) ;
#2173 = ADVANCED_FACE ( 'NONE', ( #3916 ), #5203, .T. ) ;
#2174 = VECTOR ( 'NONE', #3680, 1000.000000000000000 ) ;
#2175 = FACE_OUTER_BOUND ( 'NONE', #2447, .T. ) ;
#2176 = VERTEX_POINT ( 'NONE', #4699 ) ;
#2177 = CARTESIAN_POINT ( 'NONE',  ( -4.250000000000000000, 3.950000000000000178, -11.23052000000000028 ) ) ;
#2178 = VECTOR ( 'NONE', #1384, 1000.000000000000000 ) ;
#2179 = DIRECTION ( 'NONE',  ( 0.0000000000000000000, 0.0000000000000000000, -1.000000000000000000 ) ) ;
#2180 = LINE ( 'NONE', #4756, #1465 ) ;
#2181 = ORIENTED_EDGE ( 'NONE', *, *, #2205, .F. ) ;
#2182 = ORIENTED_EDGE ( 'NONE', *, *, #34, .T. ) ;
#2183 = AXIS2_PLACEMENT_3D ( 'NONE', #2943, #3735, #1189 ) ;
#2184 = ORIENTED_EDGE ( 'NONE', *, *, #1955, .F. ) ;
#2185 = DIRECTION ( 'NONE',  ( 0.0000000000000000000, 1.000000000000000000, 0.0000000000000000000 ) ) ;
#2186 = CARTESIAN_POINT ( 'NONE',  ( -1.750000000000000000, 3.700000000000000178, -11.23052000000000028 ) ) ;
#2187 = AXIS2_PLACEMENT_3D ( 'NONE', #2497, #3392, #2095 ) ;
#2188 = VECTOR ( 'NONE', #5549, 1000.000000000000000 ) ;
#2189 = CARTESIAN_POINT ( 'NONE',  ( 7.649999999999999467, 1.199999999999999956, 0.2500000000000000000 ) ) ;
#2190 = ORIENTED_EDGE ( 'NONE', *, *, #2826, .F. ) ;
#2191 = EDGE_LOOP ( 'NONE', ( #2595, #1434, #4885, #2562, #1591, #1999, #2135, #4740, #958 ) ) ;
#2192 = VECTOR ( 'NONE', #3262, 1000.000000000000114 ) ;
#2193 = VERTEX_POINT ( 'NONE', #1752 ) ;
#2194 = CARTESIAN_POINT ( 'NONE',  ( 1.300000000000000044, 6.545008898986999668, -1.199999999999999956 ) ) ;
#2195 = LINE ( 'NONE', #3433, #5316 ) ;
#2196 = AXIS2_PLACEMENT_3D ( 'NONE', #2736, #4123, #4951 ) ;
#2197 = DIRECTION ( 'NONE',  ( 0.0000000000000000000, 1.000000000000000000, 0.0000000000000000000 ) ) ;
#2198 = VECTOR ( 'NONE', #5506, 1000.000000000000000 ) ;
#2199 = EDGE_CURVE ( 'NONE', #630, #2739, #2172, .T. ) ;
#2200 = ORIENTED_EDGE ( 'NONE', *, *, #4302, .T. ) ;
#2201 = DIRECTION ( 'NONE',  ( 0.0000000000000000000, 0.0000000000000000000, -1.000000000000000000 ) ) ;
#2202 = CARTESIAN_POINT ( 'NONE',  ( 2.000000000000000000, 5.444198298232000077, -3.799999999999999822 ) ) ;
#2203 = CARTESIAN_POINT ( 'NONE',  ( -6.550000000000000711, 0.0000000000000000000, 0.0000000000000000000 ) ) ;
#2204 = EDGE_CURVE ( 'NONE', #3468, #2824, #3525, .T. ) ;
#2205 = EDGE_CURVE ( 'NONE', #3464, #1903, #891, .T. ) ;
#2206 = CARTESIAN_POINT ( 'NONE',  ( 3.200000000000000178, 0.0000000000000000000, -0.2000000000000000111 ) ) ;
#2207 = EDGE_LOOP ( 'NONE', ( #1081, #2038, #2330, #5135 ) ) ;
#2208 = DIRECTION ( 'NONE',  ( 1.000000000000000000, 0.0000000000000000000, 0.0000000000000000000 ) ) ;
#2209 = CARTESIAN_POINT ( 'NONE',  ( 5.500000000000000000, 8.000000000000000000, -2.750000000000000000 ) ) ;
#2210 = CARTESIAN_POINT ( 'NONE',  ( -6.049999999999999822, 8.500000000000000000, 1.649999999999999911 ) ) ;
#2211 = ORIENTED_EDGE ( 'NONE', *, *, #5183, .T. ) ;
#2212 = ORIENTED_EDGE ( 'NONE', *, *, #889, .T. ) ;
#2213 = CIRCLE ( 'NONE', #939, 0.2500000000000002220 ) ;
#2214 = EDGE_LOOP ( 'NONE', ( #2211, #1698, #4632, #3290 ) ) ;
#2215 = DIRECTION ( 'NONE',  ( 1.000000000000000000, 0.0000000000000000000, 0.0000000000000000000 ) ) ;
#2216 = EDGE_CURVE ( 'NONE', #1115, #925, #4374, .T. ) ;
#2217 = FACE_BOUND ( 'NONE', #4017, .T. ) ;
#2218 = DIRECTION ( 'NONE',  ( 0.0000000000000000000, 0.0000000000000000000, -1.000000000000000000 ) ) ;
#2219 = VERTEX_POINT ( 'NONE', #5232 ) ;
#2220 = ORIENTED_EDGE ( 'NONE', *, *, #301, .F. ) ;
#2221 = EDGE_LOOP ( 'NONE', ( #4099, #2359, #1727, #2551 ) ) ;
#2222 = ORIENTED_EDGE ( 'NONE', *, *, #1869, .T. ) ;
#2223 = CARTESIAN_POINT ( 'NONE',  ( -0.6999999999999999556, 5.848209992139000057, -1.210307874338000023 ) ) ;
#2224 = DIRECTION ( 'NONE',  ( 0.0000000000000000000, 0.0000000000000000000, 1.000000000000000000 ) ) ;
#2225 = CARTESIAN_POINT ( 'NONE',  ( 3.799999999999999822, 6.545008898986999668, -1.199999999999999956 ) ) ;
#2226 = VERTEX_POINT ( 'NONE', #2203 ) ;
#2227 = AXIS2_PLACEMENT_3D ( 'NONE', #3854, #2272, #4724 ) ;
#2228 = CARTESIAN_POINT ( 'NONE',  ( 1.750000000000000000, 3.950000000000000178, -3.799999999999999822 ) ) ;
#2229 = DIRECTION ( 'NONE',  ( 0.0000000000000000000, 1.000000000000000000, 0.0000000000000000000 ) ) ;
#2230 = CARTESIAN_POINT ( 'NONE',  ( 1.750000000000000000, 7.250000000000000000, -3.799999999999999822 ) ) ;
#2231 = DIRECTION ( 'NONE',  ( 0.0000000000000000000, -0.8191520442890162235, -0.5735764363510111874 ) ) ;
#2232 = DIRECTION ( 'NONE',  ( 1.000000000000000000, 0.0000000000000000000, 0.0000000000000000000 ) ) ;
#2233 = ORIENTED_EDGE ( 'NONE', *, *, #4215, .F. ) ;
#2234 = DIRECTION ( 'NONE',  ( 0.0000000000000000000, -1.000000000000000000, 0.0000000000000000000 ) ) ;
#2235 = EDGE_CURVE ( 'NONE', #157, #1799, #3073, .T. ) ;
#2236 = CARTESIAN_POINT ( 'NONE',  ( 4.500000000000000000, 7.250000000000000000, -3.550000000000000266 ) ) ;
#2237 = ORIENTED_EDGE ( 'NONE', *, *, #2449, .F. ) ;
#2238 = ORIENTED_EDGE ( 'NONE', *, *, #4817, .T. ) ;
#2239 = EDGE_CURVE ( 'NONE', #5161, #372, #2367, .T. ) ;
#2240 = CARTESIAN_POINT ( 'NONE',  ( 1.500000000000000000, 7.250000000000000000, -3.799999999999999822 ) ) ;
#2241 = EDGE_CURVE ( 'NONE', #1401, #2565, #3106, .T. ) ;
#2242 = DIRECTION ( 'NONE',  ( -1.000000000000000000, 0.0000000000000000000, 0.0000000000000000000 ) ) ;
#2243 = FACE_OUTER_BOUND ( 'NONE', #3669, .T. ) ;
#2244 = VERTEX_POINT ( 'NONE', #2254 ) ;
#2245 = EDGE_CURVE ( 'NONE', #898, #3773, #618, .T. ) ;
#2246 = ORIENTED_EDGE ( 'NONE', *, *, #784, .T. ) ;
#2247 = ORIENTED_EDGE ( 'NONE', *, *, #4769, .F. ) ;
#2248 = DIRECTION ( 'NONE',  ( -1.000000000000000000, 0.0000000000000000000, 0.0000000000000000000 ) ) ;
#2249 = DIRECTION ( 'NONE',  ( 0.0000000000000000000, 1.000000000000000000, 0.0000000000000000000 ) ) ;
#2250 = CARTESIAN_POINT ( 'NONE',  ( 1.300000000000000044, -1.100000000000000089, 0.0000000000000000000 ) ) ;
#2251 = ORIENTED_EDGE ( 'NONE', *, *, #2960, .T. ) ;
#2252 = CYLINDRICAL_SURFACE ( 'NONE', #4065, 0.5000000000000000000 ) ;
#2253 = VECTOR ( 'NONE', #2185, 1000.000000000000000 ) ;
#2254 = CARTESIAN_POINT ( 'NONE',  ( 7.900000000000000355, 1.199999999999999956, 1.750000000000000000 ) ) ;
#2255 = CARTESIAN_POINT ( 'NONE',  ( -3.200000000000000178, 0.0000000000000000000, 0.0000000000000000000 ) ) ;
#2256 = ORIENTED_EDGE ( 'NONE', *, *, #4640, .T. ) ;
#2257 = VECTOR ( 'NONE', #840, 1000.000000000000000 ) ;
#2258 = PLANE ( 'NONE',  #4677 ) ;
#2259 = CARTESIAN_POINT ( 'NONE',  ( 1.750000000000000000, 3.950000000000000178, -3.550000000000000266 ) ) ;
#2260 = CYLINDRICAL_SURFACE ( 'NONE', #5322, 0.2500000000000002220 ) ;
#2261 = VECTOR ( 'NONE', #5201, 1000.000000000000114 ) ;
#2262 = CARTESIAN_POINT ( 'NONE',  ( 0.6999999999999999556, 5.927851611461999681, -0.2999999999999999889 ) ) ;
#2263 = EDGE_CURVE ( 'NONE', #2473, #3850, #3087, .T. ) ;
#2264 = ORIENTED_EDGE ( 'NONE', *, *, #3847, .F. ) ;
#2265 = VERTEX_POINT ( 'NONE', #1032 ) ;
#2266 = CARTESIAN_POINT ( 'NONE',  ( 6.550000000000000711, 5.299999999999999822, 0.0000000000000000000 ) ) ;
#2267 = PLANE ( 'NONE',  #1287 ) ;
#2268 = DIRECTION ( 'NONE',  ( -1.000000000000000000, 0.0000000000000000000, 0.0000000000000000000 ) ) ;
#2269 = AXIS2_PLACEMENT_3D ( 'NONE', #3561, #1893, #4064 ) ;
#2270 = ADVANCED_FACE ( 'NONE', ( #1411 ), #4003, .T. ) ;
#2271 = ORIENTED_EDGE ( 'NONE', *, *, #2106, .F. ) ;
#2272 = DIRECTION ( 'NONE',  ( 0.0000000000000000000, 1.000000000000000000, 0.0000000000000000000 ) ) ;
#2273 = ORIENTED_EDGE ( 'NONE', *, *, #4579, .F. ) ;
#2274 = VECTOR ( 'NONE', #5234, 1000.000000000000000 ) ;
#2275 = VECTOR ( 'NONE', #1607, 1000.000000000000000 ) ;
#2276 = EDGE_LOOP ( 'NONE', ( #2056, #1102, #4783, #5211 ) ) ;
#2277 = FACE_OUTER_BOUND ( 'NONE', #166, .T. ) ;
#2278 = ADVANCED_FACE ( 'NONE', ( #119 ), #4505, .T. ) ;
#2279 = CARTESIAN_POINT ( 'NONE',  ( -4.000000000000000000, 3.950000000000000178, -3.550000000000000266 ) ) ;
#2280 = AXIS2_PLACEMENT_3D ( 'NONE', #665, #247, #1962 ) ;
#2281 = ORIENTED_EDGE ( 'NONE', *, *, #99, .T. ) ;
#2282 = VECTOR ( 'NONE', #3800, 1000.000000000000000 ) ;
#2283 = LINE ( 'NONE', #5146, #5129 ) ;
#2284 = AXIS2_PLACEMENT_3D ( 'NONE', #2468, #2437, #264 ) ;
#2285 = VECTOR ( 'NONE', #1210, 1000.000000000000000 ) ;
#2286 = EDGE_CURVE ( 'NONE', #3422, #772, #1861, .T. ) ;
#2287 = CARTESIAN_POINT ( 'NONE',  ( -3.200000000000000178, 6.343184738968999703, -0.7153331275076000306 ) ) ;
#2288 = DIRECTION ( 'NONE',  ( 0.0000000000000000000, 0.7510780138546502283, 0.6602134632860447994 ) ) ;
#2289 = FACE_OUTER_BOUND ( 'NONE', #4794, .T. ) ;
#2290 = ORIENTED_EDGE ( 'NONE', *, *, #3231, .T. ) ;
#2291 = VECTOR ( 'NONE', #1790, 1000.000000000000000 ) ;
#2292 = DIRECTION ( 'NONE',  ( 0.0000000000000000000, 0.0000000000000000000, 1.000000000000000000 ) ) ;
#2293 = CARTESIAN_POINT ( 'NONE',  ( -1.750000000000000000, 3.700000000000000178, -3.799999999999999822 ) ) ;
#2294 = CARTESIAN_POINT ( 'NONE',  ( 2.000000000000000000, 3.950000000000000178, -3.799999999999999822 ) ) ;
#2295 = FACE_OUTER_BOUND ( 'NONE', #796, .T. ) ;
#2296 = ORIENTED_EDGE ( 'NONE', *, *, #1678, .F. ) ;
#2297 = VERTEX_POINT ( 'NONE', #227 ) ;
#2298 = DIRECTION ( 'NONE',  ( 0.0000000000000000000, 0.0000000000000000000, 1.000000000000000000 ) ) ;
#2299 = VECTOR ( 'NONE', #1896, 1000.000000000000000 ) ;
#2300 = DIRECTION ( 'NONE',  ( -1.000000000000000000, 0.0000000000000000000, 0.0000000000000000000 ) ) ;
#2301 = DIRECTION ( 'NONE',  ( 1.000000000000000000, 0.0000000000000000000, 0.0000000000000000000 ) ) ;
#2302 = AXIS2_PLACEMENT_3D ( 'NONE', #2255, #4811, #1917 ) ;
#2303 = ORIENTED_EDGE ( 'NONE', *, *, #4976, .F. ) ;
#2304 = DIRECTION ( 'NONE',  ( 0.0000000000000000000, -0.8191520442890162235, -0.5735764363510111874 ) ) ;
#2305 = ORIENTED_EDGE ( 'NONE', *, *, #3709, .F. ) ;
#2306 = PLANE ( 'NONE',  #3465 ) ;
#2307 = ADVANCED_FACE ( 'NONE', ( #4055 ), #4862, .F. ) ;
#2308 = EDGE_CURVE ( 'NONE', #4325, #1495, #2003, .T. ) ;
#2309 = DIRECTION ( 'NONE',  ( 0.0000000000000000000, -1.000000000000000000, 0.0000000000000000000 ) ) ;
#2310 = DIRECTION ( 'NONE',  ( 0.0000000000000000000, 0.0000000000000000000, -1.000000000000000000 ) ) ;
#2311 = VERTEX_POINT ( 'NONE', #2757 ) ;
#2312 = DIRECTION ( 'NONE',  ( 0.0000000000000000000, 0.0000000000000000000, -1.000000000000000000 ) ) ;
#2313 = CARTESIAN_POINT ( 'NONE',  ( -4.000000000000000000, 5.444198298232000077, -3.799999999999999822 ) ) ;
#2314 = CARTESIAN_POINT ( 'NONE',  ( 0.6999999999999999556, 5.848209992139000057, -1.210307874338000023 ) ) ;
#2315 = DIRECTION ( 'NONE',  ( 1.000000000000000000, 0.0000000000000000000, 0.0000000000000000000 ) ) ;
#2316 = ORIENTED_EDGE ( 'NONE', *, *, #1304, .F. ) ;
#2317 = ADVANCED_FACE ( 'NONE', ( #1942 ), #3637, .F. ) ;
#2318 = CYLINDRICAL_SURFACE ( 'NONE', #719, 0.2500000000000002220 ) ;
#2319 = VECTOR ( 'NONE', #4564, 1000.000000000000000 ) ;
#2320 = CARTESIAN_POINT ( 'NONE',  ( 3.200000000000000178, 6.545008898986999668, -1.199999999999999956 ) ) ;
#2321 = DIRECTION ( 'NONE',  ( -0.0000000000000000000, 0.7071067811865475727, 0.7071067811865475727 ) ) ;
#2322 = CARTESIAN_POINT ( 'NONE',  ( 3.799999999999999822, 5.446706486693000393, -0.6369014433359000416 ) ) ;
#2323 = ORIENTED_EDGE ( 'NONE', *, *, #522, .F. ) ;
#2324 = ORIENTED_EDGE ( 'NONE', *, *, #3374, .F. ) ;
#2325 = PLANE ( 'NONE',  #3516 ) ;
#2326 = CARTESIAN_POINT ( 'NONE',  ( -4.000000000000000000, 7.500000000000000000, -3.550000000000000266 ) ) ;
#2327 = CARTESIAN_POINT ( 'NONE',  ( 4.500000000000000000, 7.250000000000000000, -3.550000000000000266 ) ) ;
#2328 = ORIENTED_EDGE ( 'NONE', *, *, #5536, .F. ) ;
#2329 = LINE ( 'NONE', #187, #4298 ) ;
#2330 = ORIENTED_EDGE ( 'NONE', *, *, #4072, .T. ) ;
#2331 = ORIENTED_EDGE ( 'NONE', *, *, #2914, .T. ) ;
#2332 = LINE ( 'NONE', #1113, #3538 ) ;
#2333 = CARTESIAN_POINT ( 'NONE',  ( 6.550000000000000711, 6.500000000000000000, 0.0000000000000000000 ) ) ;
#2334 = EDGE_CURVE ( 'NONE', #3514, #2157, #3627, .T. ) ;
#2335 = VERTEX_POINT ( 'NONE', #3606 ) ;
#2336 = DIRECTION ( 'NONE',  ( -1.000000000000000000, 0.0000000000000000000, 0.0000000000000000000 ) ) ;
#2337 = PLANE ( 'NONE',  #1907 ) ;
#2338 = DIRECTION ( 'NONE',  ( 0.0000000000000000000, 0.0000000000000000000, 1.000000000000000000 ) ) ;
#2339 = EDGE_CURVE ( 'NONE', #3495, #1674, #5314, .T. ) ;
#2340 = ORIENTED_EDGE ( 'NONE', *, *, #513, .F. ) ;
#2341 = CARTESIAN_POINT ( 'NONE',  ( 6.049999999999999822, 0.0000000000000000000, -3.799999999999999822 ) ) ;
#2342 = EDGE_CURVE ( 'NONE', #5155, #1888, #1468, .T. ) ;
#2343 = VERTEX_POINT ( 'NONE', #4917 ) ;
#2344 = CARTESIAN_POINT ( 'NONE',  ( 5.500000000000000000, 8.000000000000000000, -1.500000000000000000 ) ) ;
#2345 = DIRECTION ( 'NONE',  ( 0.0000000000000000000, 0.0000000000000000000, 1.000000000000000000 ) ) ;
#2346 = FACE_OUTER_BOUND ( 'NONE', #4998, .T. ) ;
#2347 = ADVANCED_FACE ( 'NONE', ( #1058 ), #3555, .T. ) ;
#2348 = EDGE_CURVE ( 'NONE', #3364, #2176, #3235, .T. ) ;
#2349 = CIRCLE ( 'NONE', #2697, 0.5000000000000000000 ) ;
#2350 = CARTESIAN_POINT ( 'NONE',  ( 7.900000000000000355, 5.299999999999999822, 0.0000000000000000000 ) ) ;
#2351 = ORIENTED_EDGE ( 'NONE', *, *, #3543, .F. ) ;
#2352 = VERTEX_POINT ( 'NONE', #2931 ) ;
#2353 = DIRECTION ( 'NONE',  ( 0.0000000000000000000, 1.000000000000000000, 0.0000000000000000000 ) ) ;
#2354 = VECTOR ( 'NONE', #4511, 1000.000000000000114 ) ;
#2355 = CARTESIAN_POINT ( 'NONE',  ( -6.049999999999999822, 8.500000000000000000, 1.899999999999999911 ) ) ;
#2356 = ORIENTED_EDGE ( 'NONE', *, *, #5018, .F. ) ;
#2357 = CIRCLE ( 'NONE', #4772, 0.2500000000000000555 ) ;
#2358 =( NAMED_UNIT ( * ) SI_UNIT ( $, .STERADIAN. ) SOLID_ANGLE_UNIT ( ) );
#2359 = ORIENTED_EDGE ( 'NONE', *, *, #851, .F. ) ;
#2360 = DIRECTION ( 'NONE',  ( 0.0000000000000000000, -1.000000000000000000, 0.0000000000000000000 ) ) ;
#2361 = AXIS2_PLACEMENT_3D ( 'NONE', #360, #3909, #2982 ) ;
#2362 = DIRECTION ( 'NONE',  ( -1.000000000000000000, 0.0000000000000000000, 0.0000000000000000000 ) ) ;
#2363 = ORIENTED_EDGE ( 'NONE', *, *, #3444, .F. ) ;
#2364 = AXIS2_PLACEMENT_3D ( 'NONE', #4923, #2321, #1868 ) ;
#2365 = FACE_OUTER_BOUND ( 'NONE', #3819, .T. ) ;
#2366 = VECTOR ( 'NONE', #3573, 1000.000000000000000 ) ;
#2367 = CIRCLE ( 'NONE', #5511, 0.2500000000000002220 ) ;
#2368 = VERTEX_POINT ( 'NONE', #4536 ) ;
#2369 = DIRECTION ( 'NONE',  ( 1.000000000000000000, 0.0000000000000000000, 0.0000000000000000000 ) ) ;
#2370 = ORIENTED_EDGE ( 'NONE', *, *, #34, .F. ) ;
#2371 = DIRECTION ( 'NONE',  ( -0.0000000000000000000, 1.000000000000000000, 0.0000000000000000000 ) ) ;
#2372 = VECTOR ( 'NONE', #1874, 1000.000000000000000 ) ;
#2373 = VECTOR ( 'NONE', #3343, 1000.000000000000000 ) ;
#2374 = DIRECTION ( 'NONE',  ( 0.0000000000000000000, 0.0000000000000000000, 1.000000000000000000 ) ) ;
#2375 = EDGE_CURVE ( 'NONE', #1158, #2244, #1599, .T. ) ;
#2376 = EDGE_CURVE ( 'NONE', #3978, #1530, #2451, .T. ) ;
#2377 = CARTESIAN_POINT ( 'NONE',  ( -6.550000000000000711, 0.0000000000000000000, -3.299999999999999822 ) ) ;
#2378 = VECTOR ( 'NONE', #3860, 1000.000000000000000 ) ;
#2379 = AXIS2_PLACEMENT_3D ( 'NONE', #1366, #2268, #3622 ) ;
#2380 = DIRECTION ( 'NONE',  ( 0.0000000000000000000, 0.0000000000000000000, 1.000000000000000000 ) ) ;
#2381 = EDGE_LOOP ( 'NONE', ( #3674, #3609, #4226, #694 ) ) ;
#2382 = ORIENTED_EDGE ( 'NONE', *, *, #3930, .F. ) ;
#2383 = LINE ( 'NONE', #263, #4938 ) ;
#2384 = ADVANCED_FACE ( 'NONE', ( #2808 ), #2026, .T. ) ;
#2385 = CARTESIAN_POINT ( 'NONE',  ( -4.250000000000000000, 7.500000000000000000, -3.799999999999999822 ) ) ;
#2386 = LINE ( 'NONE', #3251, #3102 ) ;
#2387 = ORIENTED_EDGE ( 'NONE', *, *, #5076, .F. ) ;
#2388 = CARTESIAN_POINT ( 'NONE',  ( 2.000000000000000000, 7.200000000000000178, 1.649999999999999911 ) ) ;
#2389 = ORIENTED_EDGE ( 'NONE', *, *, #3583, .F. ) ;
#2390 = EDGE_CURVE ( 'NONE', #1721, #3051, #5457, .T. ) ;
#2391 = FACE_OUTER_BOUND ( 'NONE', #1185, .T. ) ;
#2392 = VECTOR ( 'NONE', #4011, 1000.000000000000000 ) ;
#2393 = DIRECTION ( 'NONE',  ( 1.000000000000000000, 0.0000000000000000000, 0.0000000000000000000 ) ) ;
#2394 = ORIENTED_EDGE ( 'NONE', *, *, #2648, .F. ) ;
#2395 = VECTOR ( 'NONE', #788, 1000.000000000000000 ) ;
#2396 = CARTESIAN_POINT ( 'NONE',  ( 4.250000000000000000, 3.950000000000000178, -3.550000000000000266 ) ) ;
#2397 = LINE ( 'NONE', #226, #113 ) ;
#2398 = DIRECTION ( 'NONE',  ( 0.0000000000000000000, 0.0000000000000000000, -1.000000000000000000 ) ) ;
#2399 = ORIENTED_EDGE ( 'NONE', *, *, #4977, .F. ) ;
#2400 = DIRECTION ( 'NONE',  ( 1.000000000000000000, 0.0000000000000000000, 0.0000000000000000000 ) ) ;
#2401 = ORIENTED_EDGE ( 'NONE', *, *, #4311, .T. ) ;
#2402 = EDGE_CURVE ( 'NONE', #1524, #4506, #4116, .T. ) ;
#2403 = CARTESIAN_POINT ( 'NONE',  ( -3.799999999999999822, 6.343184738968999703, -0.7153331275076000306 ) ) ;
#2404 = CARTESIAN_POINT ( 'NONE',  ( -1.750000000000000000, 7.500000000000000000, 1.899999999999999911 ) ) ;
#2405 = DIRECTION ( 'NONE',  ( -1.000000000000000000, 0.0000000000000000000, 0.0000000000000000000 ) ) ;
#2406 = CARTESIAN_POINT ( 'NONE',  ( 4.000000000000000000, 3.950000000000000178, -3.799999999999999822 ) ) ;
#2407 = DIRECTION ( 'NONE',  ( 0.0000000000000000000, 0.0000000000000000000, 1.000000000000000000 ) ) ;
#2408 = ORIENTED_EDGE ( 'NONE', *, *, #3444, .T. ) ;
#2409 = ORIENTED_EDGE ( 'NONE', *, *, #3748, .F. ) ;
#2410 = CARTESIAN_POINT ( 'NONE',  ( 4.500000000000000000, 7.250000000000000000, -3.799999999999999822 ) ) ;
#2411 = PLANE ( 'NONE',  #3083 ) ;
#2412 = AXIS2_PLACEMENT_3D ( 'NONE', #2500, #712, #1226 ) ;
#2413 = DIRECTION ( 'NONE',  ( 0.0000000000000000000, 0.0000000000000000000, 1.000000000000000000 ) ) ;
#2414 = ORIENTED_EDGE ( 'NONE', *, *, #2810, .T. ) ;
#2415 = CARTESIAN_POINT ( 'NONE',  ( 0.6999999999999999556, 5.561421773962999637, -0.8007318521937000222 ) ) ;
#2416 = VERTEX_POINT ( 'NONE', #1174 ) ;
#2417 = EDGE_CURVE ( 'NONE', #2529, #5133, #3683, .T. ) ;
#2418 = CARTESIAN_POINT ( 'NONE',  ( 4.500000000000000000, 7.250000000000000000, 1.899999999999999911 ) ) ;
#2419 = CARTESIAN_POINT ( 'NONE',  ( -6.550000000000000711, 5.299999999999999822, -0.2500000000000000000 ) ) ;
#2420 = ADVANCED_FACE ( 'NONE', ( #5004 ), #1967, .F. ) ;
#2421 = ORIENTED_EDGE ( 'NONE', *, *, #267, .F. ) ;
#2422 = FACE_OUTER_BOUND ( 'NONE', #845, .T. ) ;
#2423 = DIRECTION ( 'NONE',  ( 1.000000000000000000, 0.0000000000000000000, 0.0000000000000000000 ) ) ;
#2424 = DIRECTION ( 'NONE',  ( 1.000000000000000000, 0.0000000000000000000, 0.0000000000000000000 ) ) ;
#2425 = ORIENTED_EDGE ( 'NONE', *, *, #4803, .F. ) ;
#2426 = DIRECTION ( 'NONE',  ( 0.0000000000000000000, 0.0000000000000000000, 1.000000000000000000 ) ) ;
#2427 = ORIENTED_EDGE ( 'NONE', *, *, #841, .F. ) ;
#2428 = DIRECTION ( 'NONE',  ( -1.000000000000000000, 0.0000000000000000000, 0.0000000000000000000 ) ) ;
#2429 = DIRECTION ( 'NONE',  ( 1.000000000000000000, 0.0000000000000000000, 0.0000000000000000000 ) ) ;
#2430 = DIRECTION ( 'NONE',  ( -1.000000000000000000, 0.0000000000000000000, 0.0000000000000000000 ) ) ;
#2431 = DIRECTION ( 'NONE',  ( -1.000000000000000000, 0.0000000000000000000, 0.0000000000000000000 ) ) ;
#2432 = PRODUCT_RELATED_PRODUCT_CATEGORY ( 'part', '', ( #5103 ) ) ;
#2433 = DIRECTION ( 'NONE',  ( 0.0000000000000000000, 0.0000000000000000000, 1.000000000000000000 ) ) ;
#2434 = ORIENTED_EDGE ( 'NONE', *, *, #5561, .F. ) ;
#2435 = EDGE_LOOP ( 'NONE', ( #667, #3959, #2137, #2657 ) ) ;
#2436 = PLANE ( 'NONE',  #1801 ) ;
#2437 = DIRECTION ( 'NONE',  ( 1.000000000000000000, 0.0000000000000000000, 0.0000000000000000000 ) ) ;
#2438 = EDGE_CURVE ( 'NONE', #1984, #1682, #3717, .T. ) ;
#2439 = CARTESIAN_POINT ( 'NONE',  ( -4.000000000000000000, 5.444198298232000077, -3.550000000000000266 ) ) ;
#2440 = ORIENTED_EDGE ( 'NONE', *, *, #2071, .F. ) ;
#2441 = EDGE_LOOP ( 'NONE', ( #2045, #3380, #4770, #5503 ) ) ;
#2442 = CARTESIAN_POINT ( 'NONE',  ( 5.500000000000000000, 8.000000000000000000, -2.750000000000000000 ) ) ;
#2443 = EDGE_CURVE ( 'NONE', #4313, #673, #215, .T. ) ;
#2444 = EDGE_CURVE ( 'NONE', #3830, #3770, #4975, .T. ) ;
#2445 = LINE ( 'NONE', #274, #4534 ) ;
#2446 = VERTEX_POINT ( 'NONE', #5031 ) ;
#2447 = EDGE_LOOP ( 'NONE', ( #750, #4165, #699, #24 ) ) ;
#2448 = CIRCLE ( 'NONE', #4777, 0.2500000000000002220 ) ;
#2449 = EDGE_CURVE ( 'NONE', #925, #3030, #2840, .T. ) ;
#2450 = DIRECTION ( 'NONE',  ( -1.000000000000000000, 0.0000000000000000000, 0.0000000000000000000 ) ) ;
#2451 = LINE ( 'NONE', #2897, #3718 ) ;
#2452 = ORIENTED_EDGE ( 'NONE', *, *, #301, .T. ) ;
#2453 = VECTOR ( 'NONE', #2015, 1000.000000000000000 ) ;
#2454 = CARTESIAN_POINT ( 'NONE',  ( 4.000000000000000000, 7.535071816667000100, -3.550000000000000266 ) ) ;
#2455 = VERTEX_POINT ( 'NONE', #4198 ) ;
#2456 = DIRECTION ( 'NONE',  ( 0.0000000000000000000, -1.000000000000000000, 0.0000000000000000000 ) ) ;
#2457 = EDGE_CURVE ( 'NONE', #4403, #209, #2053, .T. ) ;
#2458 = CARTESIAN_POINT ( 'NONE',  ( 3.200000000000000178, 0.0000000000000000000, -0.2000000000000000111 ) ) ;
#2459 = VECTOR ( 'NONE', #268, 1000.000000000000000 ) ;
#2460 = AXIS2_PLACEMENT_3D ( 'NONE', #1065, #5352, #2787 ) ;
#2461 = DIRECTION ( 'NONE',  ( -1.000000000000000000, 0.0000000000000000000, 0.0000000000000000000 ) ) ;
#2462 = FACE_OUTER_BOUND ( 'NONE', #1023, .T. ) ;
#2463 = VECTOR ( 'NONE', #3739, 1000.000000000000000 ) ;
#2464 = ORIENTED_EDGE ( 'NONE', *, *, #2342, .F. ) ;
#2465 = VECTOR ( 'NONE', #1146, 1000.000000000000000 ) ;
#2466 = ORIENTED_EDGE ( 'NONE', *, *, #2241, .F. ) ;
#2467 = DIRECTION ( 'NONE',  ( -1.000000000000000000, 0.0000000000000000000, 0.0000000000000000000 ) ) ;
#2468 = CARTESIAN_POINT ( 'NONE',  ( -23.23019101322000068, 5.848209992139000057, -1.210307874338000023 ) ) ;
#2469 = CIRCLE ( 'NONE', #749, 0.5000000000000000000 ) ;
#2470 = VECTOR ( 'NONE', #2796, 1000.000000000000114 ) ;
#2471 = DIRECTION ( 'NONE',  ( -0.0000000000000000000, 1.000000000000000000, 0.0000000000000000000 ) ) ;
#2472 = VERTEX_POINT ( 'NONE', #3382 ) ;
#2473 = VERTEX_POINT ( 'NONE', #1574 ) ;
#2474 = AXIS2_PLACEMENT_3D ( 'NONE', #2829, #4576, #1932 ) ;
#2475 = EDGE_CURVE ( 'NONE', #5015, #1157, #4225, .T. ) ;
#2476 = CARTESIAN_POINT ( 'NONE',  ( -0.6999999999999999556, 6.343184738968999703, -0.7153331275076000306 ) ) ;
#2477 = ORIENTED_EDGE ( 'NONE', *, *, #1899, .T. ) ;
#2478 = ORIENTED_EDGE ( 'NONE', *, *, #975, .T. ) ;
#2479 = EDGE_CURVE ( 'NONE', #3869, #4006, #4643, .T. ) ;
#2480 = AXIS2_PLACEMENT_3D ( 'NONE', #5038, #2405, #258 ) ;
#2481 = LINE ( 'NONE', #2052, #2086 ) ;
#2482 = CARTESIAN_POINT ( 'NONE',  ( 3.200000000000000178, -1.100000000000000089, 0.0000000000000000000 ) ) ;
#2483 = VECTOR ( 'NONE', #5100, 1000.000000000000000 ) ;
#2484 = PLANE ( 'NONE',  #5098 ) ;
#2485 = ORIENTED_EDGE ( 'NONE', *, *, #4412, .T. ) ;
#2486 = CARTESIAN_POINT ( 'NONE',  ( 2.000000000000000000, 5.438904667305999752, 1.649999999999999911 ) ) ;
#2487 = DIRECTION ( 'NONE',  ( 0.0000000000000000000, 1.000000000000000000, 0.0000000000000000000 ) ) ;
#2488 = PLANE ( 'NONE',  #4004 ) ;
#2489 = CARTESIAN_POINT ( 'NONE',  ( 3.799999999999999822, -1.100000000000000089, -0.2000000000000000111 ) ) ;
#2490 = EDGE_CURVE ( 'NONE', #4264, #3990, #4172, .T. ) ;
#2491 = CARTESIAN_POINT ( 'NONE',  ( 6.550000000000000711, 0.0000000000000000000, 0.0000000000000000000 ) ) ;
#2492 = EDGE_LOOP ( 'NONE', ( #150, #1088, #525, #1175 ) ) ;
#2493 = VERTEX_POINT ( 'NONE', #5093 ) ;
#2494 = DIRECTION ( 'NONE',  ( 0.0000000000000000000, -0.7510780138546009344, -0.6602134632861010877 ) ) ;
#2495 = DIRECTION ( 'NONE',  ( 0.0000000000000000000, 0.7071067811865474617, -0.7071067811865474617 ) ) ;
#2496 = DIRECTION ( 'NONE',  ( 0.0000000000000000000, 0.0000000000000000000, 1.000000000000000000 ) ) ;
#2497 = CARTESIAN_POINT ( 'NONE',  ( 0.6999999999999999556, -1.500000000000000000, 0.0000000000000000000 ) ) ;
#2498 = ORIENTED_EDGE ( 'NONE', *, *, #4623, .T. ) ;
#2499 = AXIS2_PLACEMENT_3D ( 'NONE', #3721, #5033, #284 ) ;
#2500 = CARTESIAN_POINT ( 'NONE',  ( 1.750000000000000000, 7.250000000000000000, -11.23052000000000028 ) ) ;
#2501 = VERTEX_POINT ( 'NONE', #5483 ) ;
#2502 = LINE ( 'NONE', #3373, #1100 ) ;
#2503 = CARTESIAN_POINT ( 'NONE',  ( -3.799999999999999822, 6.343184738968999703, -0.7153331275076000306 ) ) ;
#2504 = ORIENTED_EDGE ( 'NONE', *, *, #4167, .T. ) ;
#2505 = VERTEX_POINT ( 'NONE', #3351 ) ;
#2506 = EDGE_CURVE ( 'NONE', #1959, #4403, #5065, .T. ) ;
#2507 = DIRECTION ( 'NONE',  ( 0.0000000000000000000, -1.000000000000000000, 0.0000000000000000000 ) ) ;
#2508 = ORIENTED_EDGE ( 'NONE', *, *, #5018, .T. ) ;
#2509 = CARTESIAN_POINT ( 'NONE',  ( 3.200000000000000178, 6.827851611462000037, -1.199999999999999956 ) ) ;
#2510 = LINE ( 'NONE', #5462, #1084 ) ;
#2511 = CARTESIAN_POINT ( 'NONE',  ( -2.000000000000000000, 6.549418683239000671, 2.371512099436000387 ) ) ;
#2512 = ADVANCED_FACE ( 'NONE', ( #2564 ), #5565, .F. ) ;
#2513 = CARTESIAN_POINT ( 'NONE',  ( 1.500000000000000000, 7.500000000000000000, 1.899999999999999911 ) ) ;
#2514 = VERTEX_POINT ( 'NONE', #4774 ) ;
#2515 = ORIENTED_EDGE ( 'NONE', *, *, #1330, .F. ) ;
#2516 = LINE ( 'NONE', #4235, #4941 ) ;
#2517 = ADVANCED_FACE ( 'NONE', ( #4284 ), #2533, .F. ) ;
#2518 = CARTESIAN_POINT ( 'NONE',  ( -2.000000000000000000, 5.444198298232000077, -3.550000000000000266 ) ) ;
#2519 = DIRECTION ( 'NONE',  ( 1.000000000000000000, 0.0000000000000000000, 0.0000000000000000000 ) ) ;
#2520 = DIRECTION ( 'NONE',  ( 0.0000000000000000000, 0.5735764363510111874, -0.8191520442890162235 ) ) ;
#2521 = VERTEX_POINT ( 'NONE', #3406 ) ;
#2522 = VERTEX_POINT ( 'NONE', #859 ) ;
#2523 = ORIENTED_EDGE ( 'NONE', *, *, #2205, .T. ) ;
#2524 = VECTOR ( 'NONE', #2467, 1000.000000000000000 ) ;
#2525 = CARTESIAN_POINT ( 'NONE',  ( 7.900000000000000355, 0.0000000000000000000, 0.2500000000000000000 ) ) ;
#2526 = LINE ( 'NONE', #4247, #1390 ) ;
#2527 = ORIENTED_EDGE ( 'NONE', *, *, #1437, .F. ) ;
#2528 = AXIS2_PLACEMENT_3D ( 'NONE', #3389, #5102, #68 ) ;
#2529 = VERTEX_POINT ( 'NONE', #1258 ) ;
#2530 = ORIENTED_EDGE ( 'NONE', *, *, #382, .F. ) ;
#2531 = CIRCLE ( 'NONE', #4156, 0.2500000000000000000 ) ;
#2532 = LINE ( 'NONE', #1348, #2539 ) ;
#2533 = PLANE ( 'NONE',  #1738 ) ;
#2534 = ORIENTED_EDGE ( 'NONE', *, *, #3605, .T. ) ;
#2535 = PLANE ( 'NONE',  #3306 ) ;
#2536 = AXIS2_PLACEMENT_3D ( 'NONE', #1145, #2450, #2806 ) ;
#2537 = DIRECTION ( 'NONE',  ( 0.0000000000000000000, -0.7071067811865474617, 0.7071067811865474617 ) ) ;
#2538 = DIRECTION ( 'NONE',  ( 1.000000000000000000, 0.0000000000000000000, 0.0000000000000000000 ) ) ;
#2539 = VECTOR ( 'NONE', #4252, 1000.000000000000000 ) ;
#2540 = DIRECTION ( 'NONE',  ( 0.0000000000000000000, 0.0000000000000000000, 1.000000000000000000 ) ) ;
#2541 = ORIENTED_EDGE ( 'NONE', *, *, #69, .F. ) ;
#2542 = EDGE_CURVE ( 'NONE', #541, #4000, #3182, .T. ) ;
#2543 = DIRECTION ( 'NONE',  ( -1.000000000000000000, 0.0000000000000000000, 0.0000000000000000000 ) ) ;
#2544 = VECTOR ( 'NONE', #679, 1000.000000000000000 ) ;
#2545 = ADVANCED_FACE ( 'NONE', ( #1349 ), #86, .F. ) ;
#2546 = EDGE_CURVE ( 'NONE', #3521, #4679, #3852, .T. ) ;
#2547 = FACE_OUTER_BOUND ( 'NONE', #4110, .T. ) ;
#2548 = VECTOR ( 'NONE', #1315, 1000.000000000000114 ) ;
#2549 = CARTESIAN_POINT ( 'NONE',  ( -0.6999999999999999556, 6.201763382732000451, -0.8567544837448999306 ) ) ;
#2550 = AXIS2_PLACEMENT_3D ( 'NONE', #4648, #5522, #1667 ) ;
#2551 = ORIENTED_EDGE ( 'NONE', *, *, #542, .T. ) ;
#2552 = ORIENTED_EDGE ( 'NONE', *, *, #3344, .T. ) ;
#2553 = SHAPE_DEFINITION_REPRESENTATION ( #2900, #3297 ) ;
#2554 = ORIENTED_EDGE ( 'NONE', *, *, #3, .F. ) ;
#2555 = VECTOR ( 'NONE', #1064, 1000.000000000000000 ) ;
#2556 = VECTOR ( 'NONE', #5515, 1000.000000000000000 ) ;
#2557 = DIRECTION ( 'NONE',  ( 0.0000000000000000000, -1.000000000000000000, 0.0000000000000000000 ) ) ;
#2558 = DIRECTION ( 'NONE',  ( 0.0000000000000000000, 1.000000000000000000, 0.0000000000000000000 ) ) ;
#2559 = EDGE_LOOP ( 'NONE', ( #1450, #465, #789, #5310 ) ) ;
#2560 = AXIS2_PLACEMENT_3D ( 'NONE', #3822, #3375, #3061 ) ;
#2561 = EDGE_CURVE ( 'NONE', #534, #879, #833, .T. ) ;
#2562 = ORIENTED_EDGE ( 'NONE', *, *, #902, .T. ) ;
#2563 = FACE_BOUND ( 'NONE', #4621, .T. ) ;
#2564 = FACE_OUTER_BOUND ( 'NONE', #4195, .T. ) ;
#2565 = VERTEX_POINT ( 'NONE', #3068 ) ;
#2566 = DIRECTION ( 'NONE',  ( -0.0000000000000000000, 0.7071067811865475727, 0.7071067811865475727 ) ) ;
#2567 = DIRECTION ( 'NONE',  ( 0.0000000000000000000, -1.000000000000000000, 0.0000000000000000000 ) ) ;
#2568 = DIRECTION ( 'NONE',  ( 0.0000000000000000000, 0.0000000000000000000, 1.000000000000000000 ) ) ;
#2569 = DIRECTION ( 'NONE',  ( -1.000000000000000000, 0.0000000000000000000, 0.0000000000000000000 ) ) ;
#2570 = CIRCLE ( 'NONE', #1848, 0.9715120994360998408 ) ;
#2571 = CARTESIAN_POINT ( 'NONE',  ( 3.799999999999999822, 0.0000000000000000000, -0.2000000000000000111 ) ) ;
#2572 = DIRECTION ( 'NONE',  ( -1.000000000000000000, 0.0000000000000000000, 0.0000000000000000000 ) ) ;
#2573 = FACE_BOUND ( 'NONE', #4390, .T. ) ;
#2574 = EDGE_CURVE ( 'NONE', #4799, #3063, #1743, .T. ) ;
#2575 = FACE_OUTER_BOUND ( 'NONE', #4837, .T. ) ;
#2576 = ORIENTED_EDGE ( 'NONE', *, *, #4599, .T. ) ;
#2577 = ADVANCED_FACE ( 'NONE', ( #912 ), #507, .F. ) ;
#2578 = ORIENTED_EDGE ( 'NONE', *, *, #4608, .T. ) ;
#2579 = VERTEX_POINT ( 'NONE', #2613 ) ;
#2580 = DIRECTION ( 'NONE',  ( 1.000000000000000000, 0.0000000000000000000, 0.0000000000000000000 ) ) ;
#2581 = CARTESIAN_POINT ( 'NONE',  ( -1.750000000000000000, 3.950000000000000178, -3.799999999999999822 ) ) ;
#2582 = EDGE_CURVE ( 'NONE', #2032, #2054, #1323, .T. ) ;
#2583 = EDGE_LOOP ( 'NONE', ( #162, #3456, #753, #3376 ) ) ;
#2584 = ORIENTED_EDGE ( 'NONE', *, *, #3681, .F. ) ;
#2585 = ORIENTED_EDGE ( 'NONE', *, *, #4376, .T. ) ;
#2586 = VECTOR ( 'NONE', #3624, 1000.000000000000000 ) ;
#2587 = EDGE_CURVE ( 'NONE', #1592, #1237, #4337, .T. ) ;
#2588 = LINE ( 'NONE', #804, #4251 ) ;
#2589 = CARTESIAN_POINT ( 'NONE',  ( -2.000000000000000000, 0.0000000000000000000, 0.0000000000000000000 ) ) ;
#2590 = CARTESIAN_POINT ( 'NONE',  ( -6.049999999999999822, 8.500000000000000000, -3.799999999999999822 ) ) ;
#2591 = PLANE ( 'NONE',  #1814 ) ;
#2592 = PLANE ( 'NONE',  #1117 ) ;
#2593 = DIRECTION ( 'NONE',  ( -0.0000000000000000000, 1.000000000000000000, 0.0000000000000000000 ) ) ;
#2594 = DIRECTION ( 'NONE',  ( -1.000000000000000000, 0.0000000000000000000, 0.0000000000000000000 ) ) ;
#2595 = ORIENTED_EDGE ( 'NONE', *, *, #320, .F. ) ;
#2596 = LINE ( 'NONE', #1244, #463 ) ;
#2597 = DIRECTION ( 'NONE',  ( 0.0000000000000000000, 1.000000000000000000, 0.0000000000000000000 ) ) ;
#2598 = FACE_OUTER_BOUND ( 'NONE', #2161, .T. ) ;
#2599 = EDGE_LOOP ( 'NONE', ( #1147, #359, #2750, #2127 ) ) ;
#2600 = ORIENTED_EDGE ( 'NONE', *, *, #1710, .T. ) ;
#2601 = ORIENTED_EDGE ( 'NONE', *, *, #3033, .F. ) ;
#2602 = CARTESIAN_POINT ( 'NONE',  ( 0.6999999999999999556, -1.100000000000000089, 0.0000000000000000000 ) ) ;
#2603 = CARTESIAN_POINT ( 'NONE',  ( 2.000000000000000000, 5.444198298232000077, 1.899999999999999911 ) ) ;
#2604 = EDGE_CURVE ( 'NONE', #3175, #578, #4253, .T. ) ;
#2605 = DIRECTION ( 'NONE',  ( 0.0000000000000000000, 0.0000000000000000000, 1.000000000000000000 ) ) ;
#2606 = ORIENTED_EDGE ( 'NONE', *, *, #2443, .T. ) ;
#2607 = ORIENTED_EDGE ( 'NONE', *, *, #1444, .T. ) ;
#2608 = EDGE_CURVE ( 'NONE', #4183, #2446, #3043, .T. ) ;
#2609 = ORIENTED_EDGE ( 'NONE', *, *, #2611, .F. ) ;
#2610 = CARTESIAN_POINT ( 'NONE',  ( 21.65229612989999808, 5.848209992139000057, -1.210307874338000023 ) ) ;
#2611 = EDGE_CURVE ( 'NONE', #4468, #5260, #2113, .T. ) ;
#2612 = PLANE ( 'NONE',  #4428 ) ;
#2613 = CARTESIAN_POINT ( 'NONE',  ( -1.500000000000000000, 7.250000000000000000, 1.649999999999999911 ) ) ;
#2614 = CARTESIAN_POINT ( 'NONE',  ( -7.400000000000000355, 0.0000000000000000000, 0.2500000000000000000 ) ) ;
#2615 = VECTOR ( 'NONE', #1671, 1000.000000000000000 ) ;
#2616 = LINE ( 'NONE', #4668, #3826 ) ;
#2617 = DIRECTION ( 'NONE',  ( -1.000000000000000000, 0.0000000000000000000, 0.0000000000000000000 ) ) ;
#2618 = AXIS2_PLACEMENT_3D ( 'NONE', #1634, #1262, #399 ) ;
#2619 = CARTESIAN_POINT ( 'NONE',  ( -1.750000000000000000, 3.950000000000000178, 1.649999999999999911 ) ) ;
#2620 = ORIENTED_EDGE ( 'NONE', *, *, #145, .T. ) ;
#2621 = EDGE_CURVE ( 'NONE', #2514, #5047, #2008, .T. ) ;
#2622 = FACE_BOUND ( 'NONE', #2980, .T. ) ;
#2623 = AXIS2_PLACEMENT_3D ( 'NONE', #1410, #2698, #1860 ) ;
#2624 = FACE_OUTER_BOUND ( 'NONE', #4537, .T. ) ;
#2625 = LINE ( 'NONE', #2210, #2992 ) ;
#2626 = VERTEX_POINT ( 'NONE', #1797 ) ;
#2627 = ORIENTED_EDGE ( 'NONE', *, *, #747, .T. ) ;
#2628 = VECTOR ( 'NONE', #4544, 1000.000000000000000 ) ;
#2629 = VERTEX_POINT ( 'NONE', #4691 ) ;
#2630 = DIRECTION ( 'NONE',  ( 0.0000000000000000000, 1.000000000000000000, 0.0000000000000000000 ) ) ;
#2631 = PLANE ( 'NONE',  #2999 ) ;
#2632 = VECTOR ( 'NONE', #4159, 1000.000000000000000 ) ;
#2633 = VECTOR ( 'NONE', #3835, 1000.000000000000000 ) ;
#2634 = CARTESIAN_POINT ( 'NONE',  ( 6.049999999999999822, 1.100000000000000089, -3.550000000000000266 ) ) ;
#2635 = EDGE_LOOP ( 'NONE', ( #4825, #4447, #72, #1818 ) ) ;
#2636 = ORIENTED_EDGE ( 'NONE', *, *, #338, .T. ) ;
#2637 = VECTOR ( 'NONE', #606, 1000.000000000000000 ) ;
#2638 = ORIENTED_EDGE ( 'NONE', *, *, #239, .F. ) ;
#2639 = DIRECTION ( 'NONE',  ( 0.0000000000000000000, -0.7071067811865474617, 0.7071067811865474617 ) ) ;
#2640 = LINE ( 'NONE', #3763, #5136 ) ;
#2641 = DIRECTION ( 'NONE',  ( 0.0000000000000000000, -1.000000000000000000, 0.0000000000000000000 ) ) ;
#2642 = ORIENTED_EDGE ( 'NONE', *, *, #1413, .F. ) ;
#2643 = EDGE_CURVE ( 'NONE', #5219, #3422, #3910, .T. ) ;
#2644 = ADVANCED_FACE ( 'NONE', ( #3499 ), #1493, .F. ) ;
#2645 = CARTESIAN_POINT ( 'NONE',  ( 2.000000000000000000, 5.627064597892998954, 1.564608142329999785 ) ) ;
#2646 = DIRECTION ( 'NONE',  ( -1.000000000000000000, 0.0000000000000000000, 0.0000000000000000000 ) ) ;
#2647 = CARTESIAN_POINT ( 'NONE',  ( 0.6999999999999999556, 6.827851611462000037, -1.199999999999999956 ) ) ;
#2648 = EDGE_CURVE ( 'NONE', #4403, #3051, #4397, .T. ) ;
#2649 = DIRECTION ( 'NONE',  ( 0.0000000000000000000, 0.0000000000000000000, -1.000000000000000000 ) ) ;
#2650 = LINE ( 'NONE', #4894, #1496 ) ;
#2651 = EDGE_CURVE ( 'NONE', #405, #925, #3179, .T. ) ;
#2652 = EDGE_LOOP ( 'NONE', ( #1429, #3684, #4013, #5443 ) ) ;
#2653 = DIRECTION ( 'NONE',  ( 0.0000000000000000000, 1.000000000000000000, 0.0000000000000000000 ) ) ;
#2654 = LINE ( 'NONE', #3417, #1562 ) ;
#2655 = CARTESIAN_POINT ( 'NONE',  ( -1.750000000000000000, 3.700000000000000178, 9.330519999999999925 ) ) ;
#2656 = EDGE_CURVE ( 'NONE', #3496, #5030, #1856, .T. ) ;
#2657 = ORIENTED_EDGE ( 'NONE', *, *, #5057, .F. ) ;
#2658 = VERTEX_POINT ( 'NONE', #2279 ) ;
#2659 = VECTOR ( 'NONE', #1720, 1000.000000000000000 ) ;
#2660 = ORIENTED_EDGE ( 'NONE', *, *, #922, .F. ) ;
#2661 = FACE_OUTER_BOUND ( 'NONE', #5256, .T. ) ;
#2662 = FACE_OUTER_BOUND ( 'NONE', #4050, .T. ) ;
#2663 = DIRECTION ( 'NONE',  ( -1.000000000000000000, 0.0000000000000000000, 0.0000000000000000000 ) ) ;
#2664 = ORIENTED_EDGE ( 'NONE', *, *, #5507, .T. ) ;
#2665 = ORIENTED_EDGE ( 'NONE', *, *, #553, .T. ) ;
#2666 = EDGE_LOOP ( 'NONE', ( #2841, #5273, #218, #3414 ) ) ;
#2667 = CARTESIAN_POINT ( 'NONE',  ( -2.000000000000000000, 5.438904667305999752, 1.649999999999999911 ) ) ;
#2668 = CARTESIAN_POINT ( 'NONE',  ( -3.200000000000000178, -1.100000000000000089, -0.2000000000000000111 ) ) ;
#2669 = VERTEX_POINT ( 'NONE', #2752 ) ;
#2670 = CIRCLE ( 'NONE', #1866, 0.7000000000000007327 ) ;
#2671 = DIRECTION ( 'NONE',  ( 0.0000000000000000000, -1.000000000000000000, 0.0000000000000000000 ) ) ;
#2672 = DIRECTION ( 'NONE',  ( -1.000000000000000000, 0.0000000000000000000, 0.0000000000000000000 ) ) ;
#2673 = ADVANCED_FACE ( 'NONE', ( #967 ), #1026, .T. ) ;
#2674 = DIRECTION ( 'NONE',  ( 0.0000000000000000000, 0.0000000000000000000, -1.000000000000000000 ) ) ;
#2675 = DIRECTION ( 'NONE',  ( 0.0000000000000000000, 1.000000000000000000, 0.0000000000000000000 ) ) ;
#2676 = ORIENTED_EDGE ( 'NONE', *, *, #3374, .T. ) ;
#2677 = LINE ( 'NONE', #927, #5309 ) ;
#2678 = EDGE_CURVE ( 'NONE', #1959, #1110, #3363, .T. ) ;
#2679 = FACE_OUTER_BOUND ( 'NONE', #1621, .T. ) ;
#2680 = EDGE_CURVE ( 'NONE', #4264, #1711, #3575, .T. ) ;
#2681 = CARTESIAN_POINT ( 'NONE',  ( -3.799999999999999822, 4.642518405394000069, -1.199999999999999956 ) ) ;
#2682 = CARTESIAN_POINT ( 'NONE',  ( -2.000000000000000000, 7.535071816667000100, -3.550000000000000266 ) ) ;
#2683 = ORIENTED_EDGE ( 'NONE', *, *, #3570, .T. ) ;
#2684 = EDGE_LOOP ( 'NONE', ( #5361, #1647, #2527, #3117 ) ) ;
#2685 = DIRECTION ( 'NONE',  ( -1.000000000000000000, 0.0000000000000000000, 0.0000000000000000000 ) ) ;
#2686 = DIRECTION ( 'NONE',  ( 0.0000000000000000000, -0.7510780138546010454, 0.6602134632861008656 ) ) ;
#2687 = DIRECTION ( 'NONE',  ( 0.0000000000000000000, 0.0000000000000000000, 1.000000000000000000 ) ) ;
#2688 = ORIENTED_EDGE ( 'NONE', *, *, #1511, .T. ) ;
#2689 = PLANE ( 'NONE',  #427 ) ;
#2690 = ORIENTED_EDGE ( 'NONE', *, *, #115, .T. ) ;
#2691 = EDGE_CURVE ( 'NONE', #578, #1950, #2694, .T. ) ;
#2692 = ORIENTED_EDGE ( 'NONE', *, *, #4771, .F. ) ;
#2693 = DIRECTION ( 'NONE',  ( -1.000000000000000000, 0.0000000000000000000, 0.0000000000000000000 ) ) ;
#2694 = LINE ( 'NONE', #2250, #4618 ) ;
#2695 = ORIENTED_EDGE ( 'NONE', *, *, #5504, .F. ) ;
#2696 = CARTESIAN_POINT ( 'NONE',  ( -1.500000000000000000, 7.500000000000000000, 1.899999999999999911 ) ) ;
#2697 = AXIS2_PLACEMENT_3D ( 'NONE', #356, #3865, #4326 ) ;
#2698 = DIRECTION ( 'NONE',  ( 0.0000000000000000000, 0.0000000000000000000, -1.000000000000000000 ) ) ;
#2699 = CARTESIAN_POINT ( 'NONE',  ( 25.89735935560999636, 5.848209992139000057, -1.210307874338000023 ) ) ;
#2700 = DIRECTION ( 'NONE',  ( 0.0000000000000000000, 0.0000000000000000000, 1.000000000000000000 ) ) ;
#2701 = ORIENTED_EDGE ( 'NONE', *, *, #3881, .F. ) ;
#2702 = VECTOR ( 'NONE', #3585, 1000.000000000000000 ) ;
#2703 = LINE ( 'NONE', #4431, #280 ) ;
#2704 = PLANE ( 'NONE',  #1388 ) ;
#2705 = LINE ( 'NONE', #2377, #386 ) ;
#2706 = CIRCLE ( 'NONE', #2618, 0.2500000000000000000 ) ;
#2707 = CARTESIAN_POINT ( 'NONE',  ( 1.300000000000000044, 6.545008898986999668, -1.199999999999999956 ) ) ;
#2708 = VERTEX_POINT ( 'NONE', #3998 ) ;
#2709 = VERTEX_POINT ( 'NONE', #4421 ) ;
#2710 = ADVANCED_FACE ( 'NONE', ( #4856 ), #3963, .T. ) ;
#2711 = DIRECTION ( 'NONE',  ( 0.0000000000000000000, 0.6696584809786011450, 0.7426691853399012277 ) ) ;
#2712 = EDGE_CURVE ( 'NONE', #4775, #4384, #191, .T. ) ;
#2713 = VECTOR ( 'NONE', #2309, 1000.000000000000000 ) ;
#2714 = PLANE ( 'NONE',  #1474 ) ;
#2715 = PLANE ( 'NONE',  #2379 ) ;
#2716 = EDGE_CURVE ( 'NONE', #405, #2776, #3126, .T. ) ;
#2717 = VECTOR ( 'NONE', #2880, 1000.000000000000000 ) ;
#2718 = ORIENTED_EDGE ( 'NONE', *, *, #2096, .T. ) ;
#2719 = EDGE_LOOP ( 'NONE', ( #3458, #4864, #3318, #4291 ) ) ;
#2720 = AXIS2_PLACEMENT_3D ( 'NONE', #709, #4522, #2016 ) ;
#2721 = CIRCLE ( 'NONE', #2905, 0.2500000000000002220 ) ;
#2722 = ORIENTED_EDGE ( 'NONE', *, *, #2779, .T. ) ;
#2723 = CARTESIAN_POINT ( 'NONE',  ( -0.6999999999999999556, 0.0000000000000000000, 0.0000000000000000000 ) ) ;
#2724 = DIRECTION ( 'NONE',  ( 0.0000000000000000000, -1.000000000000000000, 0.0000000000000000000 ) ) ;
#2725 = CARTESIAN_POINT ( 'NONE',  ( -5.799999999999999822, 7.700000000000000178, -1.199999999999999956 ) ) ;
#2726 = EDGE_CURVE ( 'NONE', #2297, #4135, #3810, .T. ) ;
#2727 = VECTOR ( 'NONE', #1377, 1000.000000000000000 ) ;
#2728 = FACE_OUTER_BOUND ( 'NONE', #40, .T. ) ;
#2729 = AXIS2_PLACEMENT_3D ( 'NONE', #4654, #3335, #2913 ) ;
#2730 = AXIS2_PLACEMENT_3D ( 'NONE', #4043, #1017, #3567 ) ;
#2731 = DIRECTION ( 'NONE',  ( 0.0000000000000000000, 0.0000000000000000000, -1.000000000000000000 ) ) ;
#2732 = CARTESIAN_POINT ( 'NONE',  ( 1.300000000000000044, 4.991207764517999301, -1.199999999999999956 ) ) ;
#2733 = ORIENTED_EDGE ( 'NONE', *, *, #81, .F. ) ;
#2734 = VECTOR ( 'NONE', #2058, 1000.000000000000114 ) ;
#2735 = DIRECTION ( 'NONE',  ( 0.0000000000000000000, 1.000000000000000000, 0.0000000000000000000 ) ) ;
#2736 = CARTESIAN_POINT ( 'NONE',  ( -4.250000000000000000, 3.950000000000000178, -3.799999999999999822 ) ) ;
#2737 = CARTESIAN_POINT ( 'NONE',  ( -4.500000000000000000, 7.250000000000000000, -3.799999999999999822 ) ) ;
#2738 = LINE ( 'NONE', #650, #2392 ) ;
#2739 = VERTEX_POINT ( 'NONE', #4080 ) ;
#2740 = ORIENTED_EDGE ( 'NONE', *, *, #4405, .T. ) ;
#2741 = CYLINDRICAL_SURFACE ( 'NONE', #2789, 0.2500000000000002220 ) ;
#2742 = VECTOR ( 'NONE', #3358, 1000.000000000000000 ) ;
#2743 = EDGE_CURVE ( 'NONE', #4709, #3173, #3149, .T. ) ;
#2744 = FACE_OUTER_BOUND ( 'NONE', #661, .T. ) ;
#2745 = ADVANCED_FACE ( 'NONE', ( #4023 ), #169, .F. ) ;
#2746 = DIRECTION ( 'NONE',  ( 0.0000000000000000000, -0.5735764363510117425, 0.8191520442890158904 ) ) ;
#2747 = ORIENTED_EDGE ( 'NONE', *, *, #4870, .T. ) ;
#2748 = FILL_AREA_STYLE_COLOUR ( '', #5365 ) ;
#2749 = ORIENTED_EDGE ( 'NONE', *, *, #4846, .T. ) ;
#2750 = ORIENTED_EDGE ( 'NONE', *, *, #1987, .T. ) ;
#2751 = LINE ( 'NONE', #2418, #3180 ) ;
#2752 = CARTESIAN_POINT ( 'NONE',  ( 4.250000000000000000, 3.700000000000000178, -3.550000000000000266 ) ) ;
#2753 = ORIENTED_EDGE ( 'NONE', *, *, #3025, .F. ) ;
#2754 = CARTESIAN_POINT ( 'NONE',  ( 2.000000000000000000, 6.549418683239000671, -4.271512099436000298 ) ) ;
#2755 = EDGE_CURVE ( 'NONE', #1237, #5134, #3600, .T. ) ;
#2756 = EDGE_CURVE ( 'NONE', #1276, #1115, #615, .T. ) ;
#2757 = CARTESIAN_POINT ( 'NONE',  ( -6.550000000000000711, 0.0000000000000000000, 1.399999999999999911 ) ) ;
#2758 = VECTOR ( 'NONE', #2811, 1000.000000000000000 ) ;
#2759 = VERTEX_POINT ( 'NONE', #5341 ) ;
#2760 = CARTESIAN_POINT ( 'NONE',  ( 7.649999999999999467, 1.199999999999999956, 0.0000000000000000000 ) ) ;
#2761 = ORIENTED_EDGE ( 'NONE', *, *, #4133, .F. ) ;
#2762 = DIRECTION ( 'NONE',  ( 1.000000000000000000, 0.0000000000000000000, 0.0000000000000000000 ) ) ;
#2763 = AXIS2_PLACEMENT_3D ( 'NONE', #4695, #5095, #4227 ) ;
#2764 = DIRECTION ( 'NONE',  ( 0.0000000000000000000, 0.0000000000000000000, 1.000000000000000000 ) ) ;
#2765 = LINE ( 'NONE', #547, #1216 ) ;
#2766 = VERTEX_POINT ( 'NONE', #4910 ) ;
#2767 = ORIENTED_EDGE ( 'NONE', *, *, #4031, .T. ) ;
#2768 = DIRECTION ( 'NONE',  ( 0.0000000000000000000, 0.0000000000000000000, 1.000000000000000000 ) ) ;
#2769 = DIRECTION ( 'NONE',  ( 0.0000000000000000000, 0.0000000000000000000, 1.000000000000000000 ) ) ;
#2770 = ORIENTED_EDGE ( 'NONE', *, *, #2130, .F. ) ;
#2771 = CARTESIAN_POINT ( 'NONE',  ( -1.750000000000000000, 3.950000000000000178, 1.899999999999999911 ) ) ;
#2772 = ORIENTED_EDGE ( 'NONE', *, *, #2286, .F. ) ;
#2773 = EDGE_CURVE ( 'NONE', #5524, #2876, #1052, .T. ) ;
#2774 = DIRECTION ( 'NONE',  ( 1.000000000000000000, 0.0000000000000000000, 0.0000000000000000000 ) ) ;
#2775 = DIRECTION ( 'NONE',  ( 0.0000000000000000000, 1.000000000000000000, 0.0000000000000000000 ) ) ;
#2776 = VERTEX_POINT ( 'NONE', #5366 ) ;
#2777 = EDGE_CURVE ( 'NONE', #5363, #1680, #4194, .T. ) ;
#2778 = DIRECTION ( 'NONE',  ( -1.000000000000000000, 0.0000000000000000000, 0.0000000000000000000 ) ) ;
#2779 = EDGE_CURVE ( 'NONE', #2136, #4145, #5056, .T. ) ;
#2780 = EDGE_CURVE ( 'NONE', #2157, #3990, #1538, .T. ) ;
#2781 = DIRECTION ( 'NONE',  ( 0.0000000000000000000, -1.000000000000000000, 0.0000000000000000000 ) ) ;
#2782 = CARTESIAN_POINT ( 'NONE',  ( -6.049999999999999822, 21.53600000000000136, 1.399999999999999911 ) ) ;
#2783 = ORIENTED_EDGE ( 'NONE', *, *, #2308, .T. ) ;
#2784 = DIRECTION ( 'NONE',  ( -0.0000000000000000000, 1.000000000000000000, 0.0000000000000000000 ) ) ;
#2785 = ORIENTED_EDGE ( 'NONE', *, *, #5383, .T. ) ;
#2786 = DIRECTION ( 'NONE',  ( 0.0000000000000000000, -1.000000000000000000, 0.0000000000000000000 ) ) ;
#2787 = DIRECTION ( 'NONE',  ( 0.0000000000000000000, 0.0000000000000000000, 1.000000000000000000 ) ) ;
#2788 = ADVANCED_FACE ( 'NONE', ( #358 ), #1569, .F. ) ;
#2789 = AXIS2_PLACEMENT_3D ( 'NONE', #1014, #4875, #3510 ) ;
#2790 = LINE ( 'NONE', #1949, #2299 ) ;
#2791 = EDGE_LOOP ( 'NONE', ( #261, #93, #3796, #3545 ) ) ;
#2792 = ORIENTED_EDGE ( 'NONE', *, *, #5563, .T. ) ;
#2793 = CARTESIAN_POINT ( 'NONE',  ( 3.799999999999999822, 0.0000000000000000000, -0.2000000000000000111 ) ) ;
#2794 = CIRCLE ( 'NONE', #370, 0.5000000000000004441 ) ;
#2795 = DIRECTION ( 'NONE',  ( 0.0000000000000000000, 0.0000000000000000000, 1.000000000000000000 ) ) ;
#2796 = DIRECTION ( 'NONE',  ( 0.0000000000000000000, 0.8191520442890162235, 0.5735764363510111874 ) ) ;
#2797 = ORIENTED_EDGE ( 'NONE', *, *, #439, .T. ) ;
#2798 = AXIS2_PLACEMENT_3D ( 'NONE', #2754, #4532, #1466 ) ;
#2799 = EDGE_LOOP ( 'NONE', ( #122, #2792, #3352, #1338 ) ) ;
#2800 = LINE ( 'NONE', #4047, #828 ) ;
#2801 = CIRCLE ( 'NONE', #3798, 0.2500000000000002220 ) ;
#2802 = CARTESIAN_POINT ( 'NONE',  ( -6.299999999999999822, 8.500000000000000000, 1.399999999999999911 ) ) ;
#2803 = ORIENTED_EDGE ( 'NONE', *, *, #2444, .F. ) ;
#2804 = AXIS2_PLACEMENT_3D ( 'NONE', #3242, #1097, #624 ) ;
#2805 = FACE_OUTER_BOUND ( 'NONE', #3701, .T. ) ;
#2806 = DIRECTION ( 'NONE',  ( 0.0000000000000000000, 0.0000000000000000000, 1.000000000000000000 ) ) ;
#2807 = CIRCLE ( 'NONE', #4081, 0.2500000000000002220 ) ;
#2808 = FACE_OUTER_BOUND ( 'NONE', #97, .T. ) ;
#2809 = AXIS2_PLACEMENT_3D ( 'NONE', #3131, #4427, #970 ) ;
#2810 = EDGE_CURVE ( 'NONE', #2766, #3165, #5244, .T. ) ;
#2811 = DIRECTION ( 'NONE',  ( 0.0000000000000000000, -1.000000000000000000, 0.0000000000000000000 ) ) ;
#2812 = VERTEX_POINT ( 'NONE', #2890 ) ;
#2813 = DIRECTION ( 'NONE',  ( 0.0000000000000000000, 0.0000000000000000000, -1.000000000000000000 ) ) ;
#2814 = VECTOR ( 'NONE', #2495, 1000.000000000000114 ) ;
#2815 = VECTOR ( 'NONE', #1464, 1000.000000000000000 ) ;
#2816 = DIRECTION ( 'NONE',  ( 0.0000000000000000000, -1.000000000000000000, 0.0000000000000000000 ) ) ;
#2817 = EDGE_CURVE ( 'NONE', #548, #854, #397, .T. ) ;
#2818 = LINE ( 'NONE', #702, #1111 ) ;
#2819 = CARTESIAN_POINT ( 'NONE',  ( -3.200000000000000178, 6.545008898986999668, -1.199999999999999956 ) ) ;
#2820 = EDGE_CURVE ( 'NONE', #2100, #2505, #4530, .T. ) ;
#2821 = VECTOR ( 'NONE', #3144, 1000.000000000000000 ) ;
#2822 = LINE ( 'NONE', #1608, #3740 ) ;
#2823 = ORIENTED_EDGE ( 'NONE', *, *, #1509, .F. ) ;
#2824 = VERTEX_POINT ( 'NONE', #3678 ) ;
#2825 = DIRECTION ( 'NONE',  ( 0.0000000000000000000, -1.000000000000000000, 0.0000000000000000000 ) ) ;
#2826 = EDGE_CURVE ( 'NONE', #815, #2455, #666, .T. ) ;
#2827 = PLANE ( 'NONE',  #4616 ) ;
#2828 = DIRECTION ( 'NONE',  ( 0.0000000000000000000, 0.0000000000000000000, 1.000000000000000000 ) ) ;
#2829 = CARTESIAN_POINT ( 'NONE',  ( -6.550000000000000711, 5.299999999999999822, 0.0000000000000000000 ) ) ;
#2830 = EDGE_LOOP ( 'NONE', ( #4596, #4120, #4335, #3873 ) ) ;
#2831 = DIRECTION ( 'NONE',  ( 0.0000000000000000000, 1.000000000000000000, 0.0000000000000000000 ) ) ;
#2832 = VERTEX_POINT ( 'NONE', #3741 ) ;
#2833 = DIRECTION ( 'NONE',  ( 0.0000000000000000000, -1.000000000000000000, 0.0000000000000000000 ) ) ;
#2834 = VECTOR ( 'NONE', #1352, 1000.000000000000000 ) ;
#2835 = DIRECTION ( 'NONE',  ( -1.000000000000000000, 0.0000000000000000000, 0.0000000000000000000 ) ) ;
#2836 = VERTEX_POINT ( 'NONE', #2802 ) ;
#2837 = VECTOR ( 'NONE', #2407, 1000.000000000000000 ) ;
#2838 = DIRECTION ( 'NONE',  ( 0.0000000000000000000, 1.000000000000000000, 0.0000000000000000000 ) ) ;
#2839 = CARTESIAN_POINT ( 'NONE',  ( 3.200000000000000178, 4.642518405394000069, -1.199999999999999956 ) ) ;
#2840 = LINE ( 'NONE', #4561, #3093 ) ;
#2841 = ORIENTED_EDGE ( 'NONE', *, *, #754, .T. ) ;
#2842 = DIRECTION ( 'NONE',  ( 1.000000000000000000, 0.0000000000000000000, 0.0000000000000000000 ) ) ;
#2843 = ORIENTED_EDGE ( 'NONE', *, *, #1509, .T. ) ;
#2844 = LINE ( 'NONE', #2344, #2354 ) ;
#2845 = DIRECTION ( 'NONE',  ( 0.0000000000000000000, 1.000000000000000000, 0.0000000000000000000 ) ) ;
#2846 = EDGE_CURVE ( 'NONE', #4439, #5318, #2445, .T. ) ;
#2847 = DIRECTION ( 'NONE',  ( 0.0000000000000000000, -1.000000000000000000, 0.0000000000000000000 ) ) ;
#2848 = DIRECTION ( 'NONE',  ( 0.0000000000000000000, 0.0000000000000000000, -1.000000000000000000 ) ) ;
#2849 = CARTESIAN_POINT ( 'NONE',  ( 2.000000000000000000, 3.950000000000000178, 1.649999999999999911 ) ) ;
#2850 = EDGE_LOOP ( 'NONE', ( #2303, #2151, #683, #4203, #5001, #3529, #2952, #4933, #3076, #1597, #393, #4285, #1195, #1248, #4370, #1761 ) ) ;
#2851 = ORIENTED_EDGE ( 'NONE', *, *, #2390, .F. ) ;
#2852 = DIRECTION ( 'NONE',  ( 0.0000000000000000000, 0.0000000000000000000, 1.000000000000000000 ) ) ;
#2853 = AXIS2_PLACEMENT_3D ( 'NONE', #4525, #610, #4044 ) ;
#2854 = EDGE_CURVE ( 'NONE', #630, #1255, #1988, .T. ) ;
#2855 = DIRECTION ( 'NONE',  ( 1.000000000000000000, 0.0000000000000000000, 0.0000000000000000000 ) ) ;
#2856 = LINE ( 'NONE', #1589, #4781 ) ;
#2857 = DIRECTION ( 'NONE',  ( 1.000000000000000000, 0.0000000000000000000, 0.0000000000000000000 ) ) ;
#2858 = ORIENTED_EDGE ( 'NONE', *, *, #1788, .T. ) ;
#2859 = EDGE_CURVE ( 'NONE', #373, #3789, #5423, .T. ) ;
#2860 = VERTEX_POINT ( 'NONE', #2925 ) ;
#2861 = CARTESIAN_POINT ( 'NONE',  ( -2.000000000000000000, 0.0000000000000000000, 0.0000000000000000000 ) ) ;
#2862 = CARTESIAN_POINT ( 'NONE',  ( -5.500000000000000000, 8.000000000000000000, -1.500000000000000000 ) ) ;
#2863 = ORIENTED_EDGE ( 'NONE', *, *, #2680, .T. ) ;
#2864 = EDGE_CURVE ( 'NONE', #1389, #2709, #4581, .T. ) ;
#2865 = ORIENTED_EDGE ( 'NONE', *, *, #528, .F. ) ;
#2866 = DIRECTION ( 'NONE',  ( 1.000000000000000000, 0.0000000000000000000, 0.0000000000000000000 ) ) ;
#2867 = DIRECTION ( 'NONE',  ( 0.0000000000000000000, 1.000000000000000000, 0.0000000000000000000 ) ) ;
#2868 = VERTEX_POINT ( 'NONE', #2503 ) ;
#2869 = CARTESIAN_POINT ( 'NONE',  ( -4.000000000000000000, 5.444198298232000077, 1.399999999999999911 ) ) ;
#2870 = ORIENTED_EDGE ( 'NONE', *, *, #382, .T. ) ;
#2871 = DIRECTION ( 'NONE',  ( -1.000000000000000000, 0.0000000000000000000, 0.0000000000000000000 ) ) ;
#2872 = CARTESIAN_POINT ( 'NONE',  ( -1.300000000000000044, 5.848209992139000057, -1.210307874338000023 ) ) ;
#2873 = LINE ( 'NONE', #5468, #2275 ) ;
#2874 = DIRECTION ( 'NONE',  ( 1.000000000000000000, 0.0000000000000000000, 0.0000000000000000000 ) ) ;
#2875 = VERTEX_POINT ( 'NONE', #4935 ) ;
#2876 = VERTEX_POINT ( 'NONE', #332 ) ;
#2877 = DIRECTION ( 'NONE',  ( 0.0000000000000000000, -0.7071067811865475727, 0.7071067811865475727 ) ) ;
#2878 = CARTESIAN_POINT ( 'NONE',  ( -4.500000000000000000, 7.250000000000000000, 1.649999999999999911 ) ) ;
#2879 = ADVANCED_FACE ( 'NONE', ( #776, #3317 ), #748, .T. ) ;
#2880 = DIRECTION ( 'NONE',  ( 0.0000000000000000000, -1.000000000000000000, 0.0000000000000000000 ) ) ;
#2881 = CIRCLE ( 'NONE', #1532, 0.2500000000000002220 ) ;
#2882 = CARTESIAN_POINT ( 'NONE',  ( 1.300000000000000044, 5.561421773962999637, -0.8007318521937000222 ) ) ;
#2883 = ORIENTED_EDGE ( 'NONE', *, *, #1661, .T. ) ;
#2884 = EDGE_CURVE ( 'NONE', #2343, #1040, #2049, .T. ) ;
#2885 = ORIENTED_EDGE ( 'NONE', *, *, #2964, .F. ) ;
#2886 =( NAMED_UNIT ( * ) PLANE_ANGLE_UNIT ( ) SI_UNIT ( $, .RADIAN. ) );
#2887 = ORIENTED_EDGE ( 'NONE', *, *, #591, .F. ) ;
#2888 = VECTOR ( 'NONE', #1004, 1000.000000000000000 ) ;
#2889 = EDGE_CURVE ( 'NONE', #1169, #100, #751, .T. ) ;
#2890 = CARTESIAN_POINT ( 'NONE',  ( -2.000000000000000000, 7.200000000000000178, -3.550000000000000266 ) ) ;
#2891 = CIRCLE ( 'NONE', #468, 0.5000000000000000000 ) ;
#2892 = EDGE_CURVE ( 'NONE', #1530, #4135, #470, .T. ) ;
#2893 = ORIENTED_EDGE ( 'NONE', *, *, #2339, .F. ) ;
#2894 = ORIENTED_EDGE ( 'NONE', *, *, #4267, .T. ) ;
#2895 = VECTOR ( 'NONE', #3554, 1000.000000000000000 ) ;
#2896 = EDGE_CURVE ( 'NONE', #4571, #4313, #491, .T. ) ;
#2897 = CARTESIAN_POINT ( 'NONE',  ( -4.500000000000000000, 3.950000000000000178, 1.899999999999999911 ) ) ;
#2898 = ORIENTED_EDGE ( 'NONE', *, *, #3605, .F. ) ;
#2899 = AXIS2_PLACEMENT_3D ( 'NONE', #1308, #3507, #5208 ) ;
#2900 = PRODUCT_DEFINITION_SHAPE ( 'NONE', 'NONE',  #4829 ) ;
#2901 = LINE ( 'NONE', #4979, #3383 ) ;
#2902 = ORIENTED_EDGE ( 'NONE', *, *, #4514, .F. ) ;
#2903 = CARTESIAN_POINT ( 'NONE',  ( 0.0000000000000000000, 0.0000000000000000000, 1.750000000000000000 ) ) ;
#2904 = VECTOR ( 'NONE', #5436, 1000.000000000000000 ) ;
#2905 = AXIS2_PLACEMENT_3D ( 'NONE', #3272, #1215, #812 ) ;
#2906 = DIRECTION ( 'NONE',  ( -1.000000000000000000, 0.0000000000000000000, 0.0000000000000000000 ) ) ;
#2907 = CARTESIAN_POINT ( 'NONE',  ( 21.02721294565000321, 5.848209992139000057, -1.210307874338000023 ) ) ;
#2908 = CARTESIAN_POINT ( 'NONE',  ( -6.550000000000000711, 0.0000000000000000000, 0.0000000000000000000 ) ) ;
#2909 = ORIENTED_EDGE ( 'NONE', *, *, #4614, .F. ) ;
#2910 = VECTOR ( 'NONE', #1773, 1000.000000000000000 ) ;
#2911 = ORIENTED_EDGE ( 'NONE', *, *, #1688, .F. ) ;
#2912 = DIRECTION ( 'NONE',  ( 0.0000000000000000000, -1.000000000000000000, 0.0000000000000000000 ) ) ;
#2913 = DIRECTION ( 'NONE',  ( 0.0000000000000000000, -1.000000000000000000, 0.0000000000000000000 ) ) ;
#2914 = EDGE_CURVE ( 'NONE', #1536, #1143, #4304, .T. ) ;
#2915 = AXIS2_PLACEMENT_3D ( 'NONE', #2104, #4685, #1341 ) ;
#2916 = CARTESIAN_POINT ( 'NONE',  ( -0.6999999999999999556, 5.561421773962999637, -0.8007318521937000222 ) ) ;
#2917 = LINE ( 'NONE', #795, #2274 ) ;
#2918 = EDGE_LOOP ( 'NONE', ( #4907, #2977, #467, #740 ) ) ;
#2919 = VERTEX_POINT ( 'NONE', #3010 ) ;
#2920 = DIRECTION ( 'NONE',  ( 0.0000000000000000000, 0.0000000000000000000, 1.000000000000000000 ) ) ;
#2921 = ORIENTED_EDGE ( 'NONE', *, *, #4334, .F. ) ;
#2922 = EDGE_CURVE ( 'NONE', #2832, #2416, #904, .T. ) ;
#2923 = DIRECTION ( 'NONE',  ( 0.0000000000000000000, 1.000000000000000000, 0.0000000000000000000 ) ) ;
#2924 = EDGE_CURVE ( 'NONE', #5163, #2176, #2526, .T. ) ;
#2925 = CARTESIAN_POINT ( 'NONE',  ( -1.300000000000000044, -1.100000000000000089, 0.0000000000000000000 ) ) ;
#2926 = ORIENTED_EDGE ( 'NONE', *, *, #1610, .F. ) ;
#2927 = EDGE_CURVE ( 'NONE', #4391, #2352, #1702, .T. ) ;
#2928 = VERTEX_POINT ( 'NONE', #2634 ) ;
#2929 = AXIS2_PLACEMENT_3D ( 'NONE', #2682, #3589, #4435 ) ;
#2930 = EDGE_CURVE ( 'NONE', #4075, #1890, #926, .T. ) ;
#2931 = CARTESIAN_POINT ( 'NONE',  ( 6.299999999999999822, 8.500000000000000000, -3.299999999999999822 ) ) ;
#2932 = ORIENTED_EDGE ( 'NONE', *, *, #1413, .T. ) ;
#2933 = VECTOR ( 'NONE', #4402, 1000.000000000000000 ) ;
#2934 = DIRECTION ( 'NONE',  ( 0.0000000000000000000, 0.0000000000000000000, -1.000000000000000000 ) ) ;
#2935 = EDGE_CURVE ( 'NONE', #4717, #5005, #1659, .T. ) ;
#2936 = DIRECTION ( 'NONE',  ( 0.0000000000000000000, 1.000000000000000000, 0.0000000000000000000 ) ) ;
#2937 = FACE_OUTER_BOUND ( 'NONE', #3227, .T. ) ;
#2938 = DIRECTION ( 'NONE',  ( -0.0000000000000000000, 1.000000000000000000, 0.0000000000000000000 ) ) ;
#2939 = CARTESIAN_POINT ( 'NONE',  ( 7.400000000000000355, 0.0000000000000000000, 0.2500000000000000000 ) ) ;
#2940 = ORIENTED_EDGE ( 'NONE', *, *, #4482, .T. ) ;
#2941 = DIRECTION ( 'NONE',  ( 1.000000000000000000, 0.0000000000000000000, 0.0000000000000000000 ) ) ;
#2942 = CYLINDRICAL_SURFACE ( 'NONE', #2284, 0.7000000000000007327 ) ;
#2943 = CARTESIAN_POINT ( 'NONE',  ( -4.250000000000000000, 7.250000000000000000, 9.330519999999999925 ) ) ;
#2944 = ORIENTED_EDGE ( 'NONE', *, *, #5536, .T. ) ;
#2945 = VERTEX_POINT ( 'NONE', #2189 ) ;
#2946 = AXIS2_PLACEMENT_3D ( 'NONE', #3018, #2115, #4666 ) ;
#2947 =( NAMED_UNIT ( * ) PLANE_ANGLE_UNIT ( ) SI_UNIT ( $, .RADIAN. ) );
#2948 = LINE ( 'NONE', #2602, #2253 ) ;
#2949 = DIRECTION ( 'NONE',  ( 0.0000000000000000000, 0.0000000000000000000, 1.000000000000000000 ) ) ;
#2950 = PRODUCT_DEFINITION_FORMATION_WITH_SPECIFIED_SOURCE ( 'ANY', '', #5103, .NOT_KNOWN. ) ;
#2951 = DIRECTION ( 'NONE',  ( -1.000000000000000000, 0.0000000000000000000, 0.0000000000000000000 ) ) ;
#2952 = ORIENTED_EDGE ( 'NONE', *, *, #1335, .T. ) ;
#2953 = EDGE_CURVE ( 'NONE', #3468, #2836, #4884, .T. ) ;
#2954 = ORIENTED_EDGE ( 'NONE', *, *, #5401, .F. ) ;
#2955 = CARTESIAN_POINT ( 'NONE',  ( 28.49687999999999732, 5.848209992139000057, -1.210307874338000023 ) ) ;
#2956 = DIRECTION ( 'NONE',  ( 0.0000000000000000000, 0.0000000000000000000, -1.000000000000000000 ) ) ;
#2957 = ORIENTED_EDGE ( 'NONE', *, *, #1494, .T. ) ;
#2958 = CARTESIAN_POINT ( 'NONE',  ( 0.6999999999999999556, 5.446706486693000393, -0.6369014433359000416 ) ) ;
#2959 = EDGE_CURVE ( 'NONE', #4308, #4843, #417, .T. ) ;
#2960 = EDGE_CURVE ( 'NONE', #1619, #4209, #3008, .T. ) ;
#2961 = LINE ( 'NONE', #1239, #195 ) ;
#2962 = CARTESIAN_POINT ( 'NONE',  ( 0.0000000000000000000, 0.0000000000000000000, -0.2500000000000000000 ) ) ;
#2963 = CARTESIAN_POINT ( 'NONE',  ( -2.000000000000000000, 5.444198298232000077, -3.299999999999999822 ) ) ;
#2964 = EDGE_CURVE ( 'NONE', #3140, #3783, #3463, .T. ) ;
#2965 = CARTESIAN_POINT ( 'NONE',  ( 2.000000000000000000, 6.549418683239000671, 2.371512099436000387 ) ) ;
#2966 = ORIENTED_EDGE ( 'NONE', *, *, #37, .F. ) ;
#2967 = DIRECTION ( 'NONE',  ( 0.0000000000000000000, 0.0000000000000000000, -1.000000000000000000 ) ) ;
#2968 = CYLINDRICAL_SURFACE ( 'NONE', #2183, 0.2500000000000002220 ) ;
#2969 = ORIENTED_EDGE ( 'NONE', *, *, #3997, .T. ) ;
#2970 = ORIENTED_EDGE ( 'NONE', *, *, #3714, .F. ) ;
#2971 = ORIENTED_EDGE ( 'NONE', *, *, #4865, .F. ) ;
#2972 = PRODUCT_CONTEXT ( 'NONE', #5239, 'mechanical' ) ;
#2973 = CARTESIAN_POINT ( 'NONE',  ( 3.200000000000000178, -1.100000000000000089, -0.2000000000000000111 ) ) ;
#2974 = VECTOR ( 'NONE', #1813, 1000.000000000000000 ) ;
#2975 = DIRECTION ( 'NONE',  ( -1.000000000000000000, 0.0000000000000000000, 0.0000000000000000000 ) ) ;
#2976 = DIRECTION ( 'NONE',  ( 0.0000000000000000000, -0.7510780138546010454, 0.6602134632861008656 ) ) ;
#2977 = ORIENTED_EDGE ( 'NONE', *, *, #3506, .T. ) ;
#2978 = VECTOR ( 'NONE', #3447, 1000.000000000000000 ) ;
#2979 = VERTEX_POINT ( 'NONE', #4277 ) ;
#2980 = EDGE_LOOP ( 'NONE', ( #5400, #1791, #2578, #2140, #5101, #4947, #957, #4276, #1729, #681, #2749, #3952, #5200, #2554 ) ) ;
#2981 = AXIS2_PLACEMENT_3D ( 'NONE', #1747, #4399, #1775 ) ;
#2982 = DIRECTION ( 'NONE',  ( 0.0000000000000000000, 0.0000000000000000000, 1.000000000000000000 ) ) ;
#2983 = ADVANCED_FACE ( 'NONE', ( #2134 ), #1284, .F. ) ;
#2984 = DIRECTION ( 'NONE',  ( 1.000000000000000000, 0.0000000000000000000, 0.0000000000000000000 ) ) ;
#2985 = ORIENTED_EDGE ( 'NONE', *, *, #3720, .T. ) ;
#2986 = LINE ( 'NONE', #364, #4388 ) ;
#2987 = VECTOR ( 'NONE', #4663, 1000.000000000000114 ) ;
#2988 = CARTESIAN_POINT ( 'NONE',  ( -2.000000000000000000, 5.444198298232000077, -3.299999999999999822 ) ) ;
#2989 = ADVANCED_FACE ( 'NONE', ( #3794 ), #5088, .T. ) ;
#2990 = CARTESIAN_POINT ( 'NONE',  ( -4.000000000000000000, 3.950000000000000178, 1.899999999999999911 ) ) ;
#2991 = PLANE ( 'NONE',  #739 ) ;
#2992 = VECTOR ( 'NONE', #3533, 1000.000000000000000 ) ;
#2993 = CARTESIAN_POINT ( 'NONE',  ( -2.000000000000000000, 7.500000000000000000, -3.550000000000000266 ) ) ;
#2994 = ORIENTED_EDGE ( 'NONE', *, *, #1045, .T. ) ;
#2995 = CARTESIAN_POINT ( 'NONE',  ( 6.550000000000000711, 0.0000000000000000000, -0.2500000000000000000 ) ) ;
#2996 = CYLINDRICAL_SURFACE ( 'NONE', #4449, 0.2500000000000002220 ) ;
#2997 = EDGE_CURVE ( 'NONE', #586, #4273, #3635, .T. ) ;
#2998 = CARTESIAN_POINT ( 'NONE',  ( -6.049999999999999822, 21.53600000000000136, -3.299999999999999822 ) ) ;
#2999 = AXIS2_PLACEMENT_3D ( 'NONE', #1281, #5213, #903 ) ;
#3000 = CARTESIAN_POINT ( 'NONE',  ( 3.799999999999999822, 5.561421773962999637, -0.8007318521937000222 ) ) ;
#3001 = AXIS2_PLACEMENT_3D ( 'NONE', #27, #5174, #3829 ) ;
#3002 = ORIENTED_EDGE ( 'NONE', *, *, #2066, .T. ) ;
#3003 = ORIENTED_EDGE ( 'NONE', *, *, #2417, .T. ) ;
#3004 = ORIENTED_EDGE ( 'NONE', *, *, #3921, .T. ) ;
#3005 = CARTESIAN_POINT ( 'NONE',  ( 3.200000000000000178, 5.561421773962999637, -0.8007318521937000222 ) ) ;
#3006 = EDGE_CURVE ( 'NONE', #2493, #2658, #3902, .T. ) ;
#3007 = AXIS2_PLACEMENT_3D ( 'NONE', #1781, #1393, #4268 ) ;
#3008 = CIRCLE ( 'NONE', #2560, 0.2500000000000002220 ) ;
#3009 = FACE_BOUND ( 'NONE', #2719, .T. ) ;
#3010 = CARTESIAN_POINT ( 'NONE',  ( -3.200000000000000178, 0.0000000000000000000, -0.2000000000000000111 ) ) ;
#3011 = EDGE_LOOP ( 'NONE', ( #1977, #3431, #1598, #5476 ) ) ;
#3012 = AXIS2_PLACEMENT_3D ( 'NONE', #4164, #5027, #4112 ) ;
#3013 = VERTEX_POINT ( 'NONE', #4659 ) ;
#3014 = CARTESIAN_POINT ( 'NONE',  ( -6.550000000000000711, 0.0000000000000000000, 0.0000000000000000000 ) ) ;
#3015 = PLANE ( 'NONE',  #2361 ) ;
#3016 = CARTESIAN_POINT ( 'NONE',  ( -7.900000000000000355, 0.0000000000000000000, 0.2500000000000000000 ) ) ;
#3017 = ORIENTED_EDGE ( 'NONE', *, *, #4257, .F. ) ;
#3018 = CARTESIAN_POINT ( 'NONE',  ( 0.0000000000000000000, 7.849999999999999645, -2.899999999999999911 ) ) ;
#3019 = AXIS2_PLACEMENT_3D ( 'NONE', #2262, #3977, #128 ) ;
#3020 = FACE_OUTER_BOUND ( 'NONE', #5455, .T. ) ;
#3021 = DIRECTION ( 'NONE',  ( -1.000000000000000000, 0.0000000000000000000, 0.0000000000000000000 ) ) ;
#3022 = VECTOR ( 'NONE', #2315, 1000.000000000000000 ) ;
#3023 = DIRECTION ( 'NONE',  ( 0.0000000000000000000, 0.0000000000000000000, -1.000000000000000000 ) ) ;
#3024 = ORIENTED_EDGE ( 'NONE', *, *, #1820, .F. ) ;
#3025 = EDGE_CURVE ( 'NONE', #1255, #4145, #801, .T. ) ;
#3026 = DIRECTION ( 'NONE',  ( 0.0000000000000000000, -1.000000000000000000, 0.0000000000000000000 ) ) ;
#3027 = DIRECTION ( 'NONE',  ( 0.0000000000000000000, -1.000000000000000000, 0.0000000000000000000 ) ) ;
#3028 = ORIENTED_EDGE ( 'NONE', *, *, #4501, .F. ) ;
#3029 = EDGE_LOOP ( 'NONE', ( #5560, #3277, #4565, #742 ) ) ;
#3030 = VERTEX_POINT ( 'NONE', #52 ) ;
#3031 = EDGE_CURVE ( 'NONE', #853, #2051, #3491, .T. ) ;
#3032 = CARTESIAN_POINT ( 'NONE',  ( 4.500000000000000000, 3.950000000000000178, -3.799999999999999822 ) ) ;
#3033 = EDGE_CURVE ( 'NONE', #2265, #1959, #1816, .T. ) ;
#3034 = CARTESIAN_POINT ( 'NONE',  ( -6.550000000000000711, 0.0000000000000000000, -3.799999999999999822 ) ) ;
#3035 = DIRECTION ( 'NONE',  ( 0.0000000000000000000, 0.0000000000000000000, 1.000000000000000000 ) ) ;
#3036 = EDGE_CURVE ( 'NONE', #588, #1110, #161, .T. ) ;
#3037 = EDGE_CURVE ( 'NONE', #255, #5481, #5300, .T. ) ;
#3038 = EDGE_LOOP ( 'NONE', ( #5025, #557, #5374, #2642 ) ) ;
#3039 = ORIENTED_EDGE ( 'NONE', *, *, #3745, .T. ) ;
#3040 = CIRCLE ( 'NONE', #607, 0.5000000000000000000 ) ;
#3041 = LINE ( 'NONE', #3908, #2366 ) ;
#3042 = FACE_BOUND ( 'NONE', #705, .T. ) ;
#3043 = LINE ( 'NONE', #5199, #1383 ) ;
#3044 = ADVANCED_FACE ( 'NONE', ( #1486 ), #585, .F. ) ;
#3045 = ORIENTED_EDGE ( 'NONE', *, *, #3, .T. ) ;
#3046 = DIRECTION ( 'NONE',  ( 0.0000000000000000000, 0.0000000000000000000, 1.000000000000000000 ) ) ;
#3047 = FACE_OUTER_BOUND ( 'NONE', #3670, .T. ) ;
#3048 = LINE ( 'NONE', #4750, #4714 ) ;
#3049 = LINE ( 'NONE', #456, #4078 ) ;
#3050 = DIRECTION ( 'NONE',  ( -0.0000000000000000000, 0.7071067811865475727, 0.7071067811865475727 ) ) ;
#3051 = VERTEX_POINT ( 'NONE', #4389 ) ;
#3052 = CARTESIAN_POINT ( 'NONE',  ( -7.900000000000000355, 6.500000000000000000, 0.0000000000000000000 ) ) ;
#3053 = FACE_OUTER_BOUND ( 'NONE', #4082, .T. ) ;
#3054 = CARTESIAN_POINT ( 'NONE',  ( -4.000000000000000000, 5.627064597892998954, 1.564608142329999785 ) ) ;
#3055 = ORIENTED_EDGE ( 'NONE', *, *, #415, .T. ) ;
#3056 = VERTEX_POINT ( 'NONE', #5276 ) ;
#3057 = VERTEX_POINT ( 'NONE', #2327 ) ;
#3058 = LINE ( 'NONE', #1423, #806 ) ;
#3059 = EDGE_CURVE ( 'NONE', #249, #2054, #4973, .T. ) ;
#3060 = EDGE_CURVE ( 'NONE', #3853, #3797, #664, .T. ) ;
#3061 = DIRECTION ( 'NONE',  ( 0.0000000000000000000, 0.0000000000000000000, -1.000000000000000000 ) ) ;
#3062 = ORIENTED_EDGE ( 'NONE', *, *, #2884, .F. ) ;
#3063 = VERTEX_POINT ( 'NONE', #531 ) ;
#3064 = ORIENTED_EDGE ( 'NONE', *, *, #1511, .F. ) ;
#3065 = DIRECTION ( 'NONE',  ( 0.0000000000000000000, 0.5735764363510111874, -0.8191520442890162235 ) ) ;
#3066 = DIRECTION ( 'NONE',  ( -1.000000000000000000, 0.0000000000000000000, 0.0000000000000000000 ) ) ;
#3067 = EDGE_CURVE ( 'NONE', #914, #4741, #1847, .T. ) ;
#3068 = CARTESIAN_POINT ( 'NONE',  ( -7.900000000000000355, 0.0000000000000000000, 1.750000000000000000 ) ) ;
#3069 = VECTOR ( 'NONE', #2825, 1000.000000000000000 ) ;
#3070 = ORIENTED_EDGE ( 'NONE', *, *, #2105, .F. ) ;
#3071 = PLANE ( 'NONE',  #1719 ) ;
#3072 = FACE_OUTER_BOUND ( 'NONE', #5480, .T. ) ;
#3073 = LINE ( 'NONE', #2647, #4787 ) ;
#3074 = AXIS2_PLACEMENT_3D ( 'NONE', #3209, #997, #2778 ) ;
#3075 = CARTESIAN_POINT ( 'NONE',  ( 0.0000000000000000000, 0.0000000000000000000, 1.899999999999999911 ) ) ;
#3076 = ORIENTED_EDGE ( 'NONE', *, *, #1688, .T. ) ;
#3077 = DIRECTION ( 'NONE',  ( 1.000000000000000000, 0.0000000000000000000, 0.0000000000000000000 ) ) ;
#3078 = AXIS2_PLACEMENT_3D ( 'NONE', #4721, #3799, #2163 ) ;
#3079 = CARTESIAN_POINT ( 'NONE',  ( 3.200000000000000178, 6.545008898986999668, -1.199999999999999956 ) ) ;
#3080 = LINE ( 'NONE', #2236, #4432 ) ;
#3081 = ORIENTED_EDGE ( 'NONE', *, *, #4716, .F. ) ;
#3082 = ORIENTED_EDGE ( 'NONE', *, *, #2376, .T. ) ;
#3083 = AXIS2_PLACEMENT_3D ( 'NONE', #4995, #265, #1563 ) ;
#3084 = ORIENTED_EDGE ( 'NONE', *, *, #2935, .T. ) ;
#3085 = CARTESIAN_POINT ( 'NONE',  ( -2.000000000000000000, 6.549418683239000671, -4.271512099436000298 ) ) ;
#3086 = VECTOR ( 'NONE', #738, 1000.000000000000000 ) ;
#3087 = CIRCLE ( 'NONE', #3890, 0.2500000000000000000 ) ;
#3088 = CARTESIAN_POINT ( 'NONE',  ( -3.799999999999999822, -1.100000000000000089, -0.2000000000000000111 ) ) ;
#3089 = EDGE_LOOP ( 'NONE', ( #690, #1131, #2865, #2409 ) ) ;
#3090 = EDGE_CURVE ( 'NONE', #4100, #1169, #106, .T. ) ;
#3091 = ORIENTED_EDGE ( 'NONE', *, *, #151, .T. ) ;
#3092 = VECTOR ( 'NONE', #657, 1000.000000000000000 ) ;
#3093 = VECTOR ( 'NONE', #2507, 1000.000000000000000 ) ;
#3094 = ORIENTED_EDGE ( 'NONE', *, *, #439, .F. ) ;
#3095 = EDGE_CURVE ( 'NONE', #1711, #1320, #5156, .T. ) ;
#3096 = EDGE_CURVE ( 'NONE', #548, #5127, #1425, .T. ) ;
#3097 = EDGE_LOOP ( 'NONE', ( #13, #1337, #4437, #4161 ) ) ;
#3098 = DIRECTION ( 'NONE',  ( 0.0000000000000000000, -0.5735764363510117425, 0.8191520442890158904 ) ) ;
#3099 = DIRECTION ( 'NONE',  ( 0.0000000000000000000, -1.000000000000000000, 0.0000000000000000000 ) ) ;
#3100 = AXIS2_PLACEMENT_3D ( 'NONE', #296, #2855, #5526 ) ;
#3101 = CARTESIAN_POINT ( 'NONE',  ( 7.900000000000000355, 6.500000000000000000, 0.0000000000000000000 ) ) ;
#3102 = VECTOR ( 'NONE', #3338, 1000.000000000000000 ) ;
#3103 = ORIENTED_EDGE ( 'NONE', *, *, #5394, .T. ) ;
#3104 = CARTESIAN_POINT ( 'NONE',  ( 1.750000000000000000, 7.250000000000000000, -3.550000000000000266 ) ) ;
#3105 = ADVANCED_FACE ( 'NONE', ( #961 ), #4879, .F. ) ;
#3106 = LINE ( 'NONE', #4401, #4438 ) ;
#3107 = PLANE ( 'NONE',  #2187 ) ;
#3108 = EDGE_CURVE ( 'NONE', #1736, #2219, #5215, .T. ) ;
#3109 = DIRECTION ( 'NONE',  ( 0.0000000000000000000, 1.000000000000000000, 0.0000000000000000000 ) ) ;
#3110 = ORIENTED_EDGE ( 'NONE', *, *, #5029, .F. ) ;
#3111 = CARTESIAN_POINT ( 'NONE',  ( -3.200000000000000178, -1.100000000000000089, 0.0000000000000000000 ) ) ;
#3112 = DIRECTION ( 'NONE',  ( 0.0000000000000000000, 0.0000000000000000000, 1.000000000000000000 ) ) ;
#3113 = CARTESIAN_POINT ( 'NONE',  ( 6.049999999999999822, 21.53600000000000136, 1.399999999999999911 ) ) ;
#3114 = CARTESIAN_POINT ( 'NONE',  ( -6.299999999999999822, 8.500000000000000000, -3.299999999999999822 ) ) ;
#3115 = ORIENTED_EDGE ( 'NONE', *, *, #4945, .F. ) ;
#3116 = VECTOR ( 'NONE', #4620, 1000.000000000000000 ) ;
#3117 = ORIENTED_EDGE ( 'NONE', *, *, #3067, .T. ) ;
#3118 = CARTESIAN_POINT ( 'NONE',  ( -1.500000000000000000, 5.700000000000000178, 1.899999999999999911 ) ) ;
#3119 = LINE ( 'NONE', #3490, #2548 ) ;
#3120 = DIRECTION ( 'NONE',  ( 0.0000000000000000000, 1.000000000000000000, 0.0000000000000000000 ) ) ;
#3121 = ORIENTED_EDGE ( 'NONE', *, *, #4640, .F. ) ;
#3122 = EDGE_LOOP ( 'NONE', ( #3257, #388, #5279, #562 ) ) ;
#3123 = ORIENTED_EDGE ( 'NONE', *, *, #3403, .T. ) ;
#3124 = DIRECTION ( 'NONE',  ( 1.000000000000000000, 0.0000000000000000000, 0.0000000000000000000 ) ) ;
#3125 = DIRECTION ( 'NONE',  ( -1.000000000000000000, 0.0000000000000000000, 0.0000000000000000000 ) ) ;
#3126 = LINE ( 'NONE', #561, #4878 ) ;
#3127 = ADVANCED_FACE ( 'NONE', ( #2243 ), #3933, .F. ) ;
#3128 = ORIENTED_EDGE ( 'NONE', *, *, #2263, .F. ) ;
#3129 = DIRECTION ( 'NONE',  ( 1.000000000000000000, 0.0000000000000000000, 0.0000000000000000000 ) ) ;
#3130 = CARTESIAN_POINT ( 'NONE',  ( 4.500000000000000000, 3.950000000000000178, 1.649999999999999911 ) ) ;
#3131 = CARTESIAN_POINT ( 'NONE',  ( 6.299999999999999822, 8.500000000000000000, 1.649999999999999911 ) ) ;
#3132 = EDGE_CURVE ( 'NONE', #2529, #5410, #4705, .T. ) ;
#3133 = ADVANCED_FACE ( 'NONE', ( #552 ), #2715, .T. ) ;
#3134 = CARTESIAN_POINT ( 'NONE',  ( -3.200000000000000178, 0.0000000000000000000, 0.0000000000000000000 ) ) ;
#3135 = ORIENTED_EDGE ( 'NONE', *, *, #1119, .F. ) ;
#3136 = DIRECTION ( 'NONE',  ( 0.0000000000000000000, 1.000000000000000000, 0.0000000000000000000 ) ) ;
#3137 = CARTESIAN_POINT ( 'NONE',  ( 0.0000000000000000000, 0.0000000000000000000, -3.799999999999999822 ) ) ;
#3138 = CYLINDRICAL_SURFACE ( 'NONE', #4689, 0.7000000000000007327 ) ;
#3139 = DIRECTION ( 'NONE',  ( 0.0000000000000000000, 1.000000000000000000, 0.0000000000000000000 ) ) ;
#3140 = VERTEX_POINT ( 'NONE', #3088 ) ;
#3141 = ORIENTED_EDGE ( 'NONE', *, *, #1298, .T. ) ;
#3142 = DIRECTION ( 'NONE',  ( 0.0000000000000000000, 0.0000000000000000000, 1.000000000000000000 ) ) ;
#3143 = DIRECTION ( 'NONE',  ( 0.0000000000000000000, 0.7526397223488257016, 0.6584325693210221209 ) ) ;
#3144 = DIRECTION ( 'NONE',  ( -1.000000000000000000, 0.0000000000000000000, 0.0000000000000000000 ) ) ;
#3145 = LINE ( 'NONE', #2415, #3842 ) ;
#3146 = ORIENTED_EDGE ( 'NONE', *, *, #4945, .T. ) ;
#3147 = LINE ( 'NONE', #2194, #3804 ) ;
#3148 = LINE ( 'NONE', #5258, #3442 ) ;
#3149 = LINE ( 'NONE', #2725, #745 ) ;
#3150 = ORIENTED_EDGE ( 'NONE', *, *, #3548, .T. ) ;
#3151 = CARTESIAN_POINT ( 'NONE',  ( -1.750000000000000000, 7.500000000000000000, -3.799999999999999822 ) ) ;
#3152 = EDGE_CURVE ( 'NONE', #2416, #1735, #4445, .T. ) ;
#3153 = VECTOR ( 'NONE', #1451, 1000.000000000000000 ) ;
#3154 = CARTESIAN_POINT ( 'NONE',  ( -3.200000000000000178, 6.343184738968999703, -0.7153331275076000306 ) ) ;
#3155 = DIRECTION ( 'NONE',  ( -0.7071067811865475727, 0.7071067811865475727, 0.0000000000000000000 ) ) ;
#3156 = CARTESIAN_POINT ( 'NONE',  ( 1.300000000000000044, -1.100000000000000089, -0.2000000000000000111 ) ) ;
#3157 = ORIENTED_EDGE ( 'NONE', *, *, #2587, .F. ) ;
#3158 = EDGE_CURVE ( 'NONE', #1611, #4824, #3957, .T. ) ;
#3159 = CYLINDRICAL_SURFACE ( 'NONE', #3243, 0.2500000000000002220 ) ;
#3160 = EDGE_CURVE ( 'NONE', #1837, #2108, #5021, .T. ) ;
#3161 = DIRECTION ( 'NONE',  ( 0.0000000000000000000, -1.000000000000000000, 0.0000000000000000000 ) ) ;
#3162 = CARTESIAN_POINT ( 'NONE',  ( -3.200000000000000178, 6.545008898986999668, -1.199999999999999956 ) ) ;
#3163 = CIRCLE ( 'NONE', #1266, 0.2500000000000002220 ) ;
#3164 = CARTESIAN_POINT ( 'NONE',  ( -1.500000000000000000, 7.250000000000000000, -3.550000000000000266 ) ) ;
#3165 = VERTEX_POINT ( 'NONE', #1617 ) ;
#3166 = VERTEX_POINT ( 'NONE', #4930 ) ;
#3167 = CARTESIAN_POINT ( 'NONE',  ( -2.000000000000000000, 6.549418683239000671, 2.371512099436000387 ) ) ;
#3168 = AXIS2_PLACEMENT_3D ( 'NONE', #5231, #4807, #4615 ) ;
#3169 = EDGE_CURVE ( 'NONE', #2529, #1495, #1956, .T. ) ;
#3170 = FACE_OUTER_BOUND ( 'NONE', #4280, .T. ) ;
#3171 = CARTESIAN_POINT ( 'NONE',  ( 4.000000000000000000, 3.950000000000000178, 1.899999999999999911 ) ) ;
#3172 = AXIS2_PLACEMENT_3D ( 'NONE', #462, #5184, #929 ) ;
#3173 = VERTEX_POINT ( 'NONE', #687 ) ;
#3174 = CYLINDRICAL_SURFACE ( 'NONE', #3932, 0.5000000000000000000 ) ;
#3175 = VERTEX_POINT ( 'NONE', #1533 ) ;
#3176 = VECTOR ( 'NONE', #1241, 1000.000000000000114 ) ;
#3177 = ORIENTED_EDGE ( 'NONE', *, *, #1087, .T. ) ;
#3178 = FACE_OUTER_BOUND ( 'NONE', #3213, .T. ) ;
#3179 = LINE ( 'NONE', #3101, #2727 ) ;
#3180 = VECTOR ( 'NONE', #1515, 1000.000000000000000 ) ;
#3181 = EDGE_LOOP ( 'NONE', ( #5418, #2044, #4905, #839 ) ) ;
#3182 = CIRCLE ( 'NONE', #3633, 0.2500000000000000000 ) ;
#3183 = AXIS2_PLACEMENT_3D ( 'NONE', #234, #2345, #3161 ) ;
#3184 = VECTOR ( 'NONE', #5000, 1000.000000000000000 ) ;
#3185 = CARTESIAN_POINT ( 'NONE',  ( -6.550000000000000711, 6.500000000000000000, 0.0000000000000000000 ) ) ;
#3186 = CARTESIAN_POINT ( 'NONE',  ( -1.750000000000000000, 3.950000000000000178, 1.899999999999999911 ) ) ;
#3187 = EDGE_LOOP ( 'NONE', ( #2271, #1344, #532, #1379 ) ) ;
#3188 = FACE_OUTER_BOUND ( 'NONE', #952, .T. ) ;
#3189 = VERTEX_POINT ( 'NONE', #4600 ) ;
#3190 = VECTOR ( 'NONE', #3546, 1000.000000000000000 ) ;
#3191 = PLANE ( 'NONE',  #4151 ) ;
#3192 = CARTESIAN_POINT ( 'NONE',  ( -4.000000000000000000, 0.0000000000000000000, 0.0000000000000000000 ) ) ;
#3193 = DIRECTION ( 'NONE',  ( 0.0000000000000000000, 0.7071067811865474617, -0.7071067811865474617 ) ) ;
#3194 = FACE_OUTER_BOUND ( 'NONE', #1371, .T. ) ;
#3195 = EDGE_CURVE ( 'NONE', #4273, #1703, #4105, .T. ) ;
#3196 = ORIENTED_EDGE ( 'NONE', *, *, #1993, .T. ) ;
#3197 = ORIENTED_EDGE ( 'NONE', *, *, #5336, .F. ) ;
#3198 = LINE ( 'NONE', #4903, #3523 ) ;
#3199 = CIRCLE ( 'NONE', #501, 0.2500000000000000000 ) ;
#3200 = CARTESIAN_POINT ( 'NONE',  ( -0.6999999999999999556, 0.0000000000000000000, 0.0000000000000000000 ) ) ;
#3201 = AXIS2_PLACEMENT_3D ( 'NONE', #4863, #4919, #5266 ) ;
#3202 = EDGE_CURVE ( 'NONE', #2514, #2501, #2386, .T. ) ;
#3203 = VERTEX_POINT ( 'NONE', #4960 ) ;
#3204 = DIRECTION ( 'NONE',  ( 0.0000000000000000000, 0.0000000000000000000, -1.000000000000000000 ) ) ;
#3205 = ORIENTED_EDGE ( 'NONE', *, *, #2071, .T. ) ;
#3206 = CARTESIAN_POINT ( 'NONE',  ( -4.000000000000000000, 7.535071816667000100, -3.550000000000000266 ) ) ;
#3207 = CARTESIAN_POINT ( 'NONE',  ( -7.400000000000000355, -14.53599999999999959, 0.2500000000000000000 ) ) ;
#3208 = ORIENTED_EDGE ( 'NONE', *, *, #4345, .T. ) ;
#3209 = CARTESIAN_POINT ( 'NONE',  ( -4.250000000000000000, 3.950000000000000178, 1.899999999999999911 ) ) ;
#3210 = CARTESIAN_POINT ( 'NONE',  ( -1.300000000000000044, 5.446706486693000393, -0.6369014433359000416 ) ) ;
#3211 = DIRECTION ( 'NONE',  ( 0.0000000000000000000, 0.0000000000000000000, 1.000000000000000000 ) ) ;
#3212 = AXIS2_PLACEMENT_3D ( 'NONE', #3408, #3046, #3384 ) ;
#3213 = EDGE_LOOP ( 'NONE', ( #3421, #2885, #2264, #2281 ) ) ;
#3214 = PLANE ( 'NONE',  #2302 ) ;
#3215 = ORIENTED_EDGE ( 'NONE', *, *, #403, .T. ) ;
#3216 = CARTESIAN_POINT ( 'NONE',  ( 1.750000000000000000, 3.950000000000000178, -11.23052000000000028 ) ) ;
#3217 =( GEOMETRIC_REPRESENTATION_CONTEXT ( 3 ) GLOBAL_UNCERTAINTY_ASSIGNED_CONTEXT ( ( #3418 ) ) GLOBAL_UNIT_ASSIGNED_CONTEXT ( ( #1251, #2947, #329 ) ) REPRESENTATION_CONTEXT ( 'NONE', 'WORKASPACE' ) );
#3218 = CARTESIAN_POINT ( 'NONE',  ( -7.900000000000000355, 5.299999999999999822, 0.0000000000000000000 ) ) ;
#3219 = CARTESIAN_POINT ( 'NONE',  ( 2.000000000000000000, 7.540000000000000036, 1.649999999999999911 ) ) ;
#3220 = CARTESIAN_POINT ( 'NONE',  ( 5.500000000000000000, 8.000000000000000000, -1.500000000000000000 ) ) ;
#3221 = ORIENTED_EDGE ( 'NONE', *, *, #2375, .F. ) ;
#3222 = EDGE_LOOP ( 'NONE', ( #1544, #3713, #3965, #3618 ) ) ;
#3223 = DIRECTION ( 'NONE',  ( 0.0000000000000000000, 0.0000000000000000000, -1.000000000000000000 ) ) ;
#3224 = ADVANCED_FACE ( 'NONE', ( #1136 ), #1107, .T. ) ;
#3225 = PLANE ( 'NONE',  #3904 ) ;
#3226 = LINE ( 'NONE', #5337, #4025 ) ;
#3227 = EDGE_LOOP ( 'NONE', ( #3177, #2797, #1557, #4024 ) ) ;
#3228 = DIRECTION ( 'NONE',  ( -1.000000000000000000, 0.0000000000000000000, 0.0000000000000000000 ) ) ;
#3229 = CARTESIAN_POINT ( 'NONE',  ( 0.0000000000000000000, 0.0000000000000000000, 0.0000000000000000000 ) ) ;
#3230 = ORIENTED_EDGE ( 'NONE', *, *, #4133, .T. ) ;
#3231 = EDGE_CURVE ( 'NONE', #4127, #1115, #1564, .T. ) ;
#3232 = CARTESIAN_POINT ( 'NONE',  ( -1.750000000000000000, 7.500000000000000000, 1.899999999999999911 ) ) ;
#3233 = ADVANCED_FACE ( 'NONE', ( #1981 ), #3700, .T. ) ;
#3234 = DIRECTION ( 'NONE',  ( 0.0000000000000000000, 0.0000000000000000000, -1.000000000000000000 ) ) ;
#3235 = LINE ( 'NONE', #1086, #4260 ) ;
#3236 = EDGE_LOOP ( 'NONE', ( #181, #2466, #82, #880 ) ) ;
#3237 = CARTESIAN_POINT ( 'NONE',  ( 4.000000000000000000, 7.200000000000000178, 1.649999999999999911 ) ) ;
#3238 = ORIENTED_EDGE ( 'NONE', *, *, #2755, .F. ) ;
#3239 = ADVANCED_FACE ( 'NONE', ( #327 ), #3225, .T. ) ;
#3240 = DIRECTION ( 'NONE',  ( 0.0000000000000000000, 0.0000000000000000000, -1.000000000000000000 ) ) ;
#3241 = DIRECTION ( 'NONE',  ( 0.0000000000000000000, -0.8191520442890162235, -0.5735764363510111874 ) ) ;
#3242 = CARTESIAN_POINT ( 'NONE',  ( 0.6999999999999999556, 5.848209992139000057, -1.210307874338000023 ) ) ;
#3243 = AXIS2_PLACEMENT_3D ( 'NONE', #4320, #4838, #3077 ) ;
#3244 = DIRECTION ( 'NONE',  ( 0.0000000000000000000, 1.000000000000000000, 0.0000000000000000000 ) ) ;
#3245 = EDGE_LOOP ( 'NONE', ( #4154, #1726, #1426, #4766 ) ) ;
#3246 = ORIENTED_EDGE ( 'NONE', *, *, #3715, .F. ) ;
#3247 = CARTESIAN_POINT ( 'NONE',  ( 28.49687999999999732, 5.438904667305999752, 1.399999999999999911 ) ) ;
#3248 = CIRCLE ( 'NONE', #4425, 0.2499999999999997224 ) ;
#3249 = FACE_OUTER_BOUND ( 'NONE', #4461, .T. ) ;
#3250 = PLANE ( 'NONE',  #1992 ) ;
#3251 = CARTESIAN_POINT ( 'NONE',  ( 7.900000000000000355, 1.199999999999999956, 0.2500000000000000000 ) ) ;
#3252 = ORIENTED_EDGE ( 'NONE', *, *, #946, .T. ) ;
#3253 = AXIS2_PLACEMENT_3D ( 'NONE', #2955, #5198, #5112 ) ;
#3254 = ORIENTED_EDGE ( 'NONE', *, *, #164, .T. ) ;
#3255 = CARTESIAN_POINT ( 'NONE',  ( -3.200000000000000178, 6.827851611462000037, -1.199999999999999956 ) ) ;
#3256 = CARTESIAN_POINT ( 'NONE',  ( 4.000000000000000000, 7.500000000000000000, -3.550000000000000266 ) ) ;
#3257 = ORIENTED_EDGE ( 'NONE', *, *, #2820, .T. ) ;
#3258 = ADVANCED_FACE ( 'NONE', ( #298 ), #4495, .F. ) ;
#3259 = DIRECTION ( 'NONE',  ( 1.000000000000000000, 0.0000000000000000000, 0.0000000000000000000 ) ) ;
#3260 = DIRECTION ( 'NONE',  ( 0.0000000000000000000, 0.8191520442890162235, 0.5735764363510111874 ) ) ;
#3261 = VECTOR ( 'NONE', #2774, 1000.000000000000000 ) ;
#3262 = DIRECTION ( 'NONE',  ( 0.0000000000000000000, -0.8191520442890162235, -0.5735764363510111874 ) ) ;
#3263 = VECTOR ( 'NONE', #3441, 1000.000000000000000 ) ;
#3264 = ORIENTED_EDGE ( 'NONE', *, *, #3655, .F. ) ;
#3265 = PLANE ( 'NONE',  #3660 ) ;
#3266 = EDGE_CURVE ( 'NONE', #1619, #2658, #1162, .T. ) ;
#3267 = EDGE_LOOP ( 'NONE', ( #2408, #2328, #3430, #2783, #4090, #1878, #502, #524 ) ) ;
#3268 = CARTESIAN_POINT ( 'NONE',  ( -5.799999999999999822, 1.100000000000000089, -3.050000000000000266 ) ) ;
#3269 = AXIS2_PLACEMENT_3D ( 'NONE', #1205, #1623, #1168 ) ;
#3270 = DIRECTION ( 'NONE',  ( 0.0000000000000000000, 0.0000000000000000000, -1.000000000000000000 ) ) ;
#3271 = LINE ( 'NONE', #5437, #2024 ) ;
#3272 = CARTESIAN_POINT ( 'NONE',  ( 6.049999999999999822, 8.500000000000000000, 1.399999999999999911 ) ) ;
#3273 = EDGE_CURVE ( 'NONE', #1658, #2860, #5046, .T. ) ;
#3274 = AXIS2_PLACEMENT_3D ( 'NONE', #4361, #1228, #4765 ) ;
#3275 = FACE_OUTER_BOUND ( 'NONE', #3122, .T. ) ;
#3276 = ORIENTED_EDGE ( 'NONE', *, *, #203, .T. ) ;
#3277 = ORIENTED_EDGE ( 'NONE', *, *, #1018, .T. ) ;
#3278 = LINE ( 'NONE', #4101, #4761 ) ;
#3279 = CARTESIAN_POINT ( 'NONE',  ( 6.550000000000000711, 5.299999999999999822, -0.2500000000000000000 ) ) ;
#3280 = CARTESIAN_POINT ( 'NONE',  ( 4.000000000000000000, 7.200000000000000178, 1.649999999999999911 ) ) ;
#3281 = ADVANCED_FACE ( 'NONE', ( #3736 ), #5449, .F. ) ;
#3282 = DIRECTION ( 'NONE',  ( 0.0000000000000000000, 0.0000000000000000000, -1.000000000000000000 ) ) ;
#3283 = EDGE_LOOP ( 'NONE', ( #987, #458, #2803, #75 ) ) ;
#3284 = VECTOR ( 'NONE', #2380, 1000.000000000000000 ) ;
#3285 = FACE_OUTER_BOUND ( 'NONE', #1697, .T. ) ;
#3286 = ORIENTED_EDGE ( 'NONE', *, *, #4662, .F. ) ;
#3287 = CARTESIAN_POINT ( 'NONE',  ( 1.500000000000000000, 3.950000000000000178, 1.899999999999999911 ) ) ;
#3288 = VECTOR ( 'NONE', #1638, 1000.000000000000114 ) ;
#3289 = DIRECTION ( 'NONE',  ( 1.000000000000000000, 0.0000000000000000000, 0.0000000000000000000 ) ) ;
#3290 = ORIENTED_EDGE ( 'NONE', *, *, #2922, .F. ) ;
#3291 = EDGE_LOOP ( 'NONE', ( #5539, #4831, #5079, #3388 ) ) ;
#3292 = CARTESIAN_POINT ( 'NONE',  ( 7.900000000000000355, 0.0000000000000000000, 1.750000000000000000 ) ) ;
#3293 = ORIENTED_EDGE ( 'NONE', *, *, #4846, .F. ) ;
#3294 = CARTESIAN_POINT ( 'NONE',  ( 4.000000000000000000, 7.500000000000000000, -3.550000000000000266 ) ) ;
#3295 = ORIENTED_EDGE ( 'NONE', *, *, #2444, .T. ) ;
#3296 = LINE ( 'NONE', #177, #5217 ) ;
#3297 = ADVANCED_BREP_SHAPE_REPRESENTATION ( '16B187F3-2C3D-490C-B023-AE1C085ED6DB', ( #5496, #4393 ), #3217 ) ;
#3298 = DIRECTION ( 'NONE',  ( 1.000000000000000000, 0.0000000000000000000, 0.0000000000000000000 ) ) ;
#3299 = CARTESIAN_POINT ( 'NONE',  ( 3.799999999999999822, -1.100000000000000089, 0.0000000000000000000 ) ) ;
#3300 = EDGE_CURVE ( 'NONE', #4135, #3895, #4186, .T. ) ;
#3301 = CARTESIAN_POINT ( 'NONE',  ( -7.900000000000000355, 1.199999999999999956, 0.0000000000000000000 ) ) ;
#3302 = LINE ( 'NONE', #704, #5446 ) ;
#3303 = ORIENTED_EDGE ( 'NONE', *, *, #1713, .F. ) ;
#3304 = ORIENTED_EDGE ( 'NONE', *, *, #5358, .F. ) ;
#3305 = CARTESIAN_POINT ( 'NONE',  ( 2.000000000000000000, 6.549418683239000671, -4.271512099436000298 ) ) ;
#3306 = AXIS2_PLACEMENT_3D ( 'NONE', #1295, #2566, #4286 ) ;
#3307 = EDGE_CURVE ( 'NONE', #2875, #4925, #1193, .T. ) ;
#3308 = DIRECTION ( 'NONE',  ( -1.000000000000000000, 0.0000000000000000000, 0.0000000000000000000 ) ) ;
#3309 = EDGE_CURVE ( 'NONE', #1783, #706, #4166, .T. ) ;
#3310 = FACE_OUTER_BOUND ( 'NONE', #311, .T. ) ;
#3311 = DIRECTION ( 'NONE',  ( -1.000000000000000000, 0.0000000000000000000, 0.0000000000000000000 ) ) ;
#3312 = VERTEX_POINT ( 'NONE', #3420 ) ;
#3313 = VERTEX_POINT ( 'NONE', #1274 ) ;
#3314 = ORIENTED_EDGE ( 'NONE', *, *, #4409, .T. ) ;
#3315 = EDGE_CURVE ( 'NONE', #645, #2368, #4241, .T. ) ;
#3316 = DIRECTION ( 'NONE',  ( 0.0000000000000000000, 0.0000000000000000000, 1.000000000000000000 ) ) ;
#3317 = FACE_BOUND ( 'NONE', #871, .T. ) ;
#3318 = ORIENTED_EDGE ( 'NONE', *, *, #440, .F. ) ;
#3319 = ORIENTED_EDGE ( 'NONE', *, *, #2773, .T. ) ;
#3320 = CARTESIAN_POINT ( 'NONE',  ( -6.550000000000000711, 0.0000000000000000000, -0.2500000000000000000 ) ) ;
#3321 = DIRECTION ( 'NONE',  ( 0.0000000000000000000, -0.5735764363510111874, 0.8191520442890162235 ) ) ;
#3322 = ORIENTED_EDGE ( 'NONE', *, *, #1798, .T. ) ;
#3323 = FACE_OUTER_BOUND ( 'NONE', #3479, .T. ) ;
#3324 = ORIENTED_EDGE ( 'NONE', *, *, #5085, .F. ) ;
#3325 = LINE ( 'NONE', #1689, #3345 ) ;
#3326 = LINE ( 'NONE', #3014, #3448 ) ;
#3327 = CARTESIAN_POINT ( 'NONE',  ( 0.0000000000000000000, 0.0000000000000000000, 1.750000000000000000 ) ) ;
#3328 = DIRECTION ( 'NONE',  ( 0.0000000000000000000, -0.5735764363510117425, 0.8191520442890158904 ) ) ;
#3329 = EDGE_CURVE ( 'NONE', #5425, #3189, #5499, .T. ) ;
#3330 = DIRECTION ( 'NONE',  ( 0.0000000000000000000, -0.7510780138546009344, -0.6602134632861010877 ) ) ;
#3331 = ORIENTED_EDGE ( 'NONE', *, *, #2443, .F. ) ;
#3332 = EDGE_CURVE ( 'NONE', #2054, #1401, #4707, .T. ) ;
#3333 = LINE ( 'NONE', #5551, #1985 ) ;
#3334 = EDGE_CURVE ( 'NONE', #1794, #1578, #921, .T. ) ;
#3335 = DIRECTION ( 'NONE',  ( 0.0000000000000000000, 0.0000000000000000000, -1.000000000000000000 ) ) ;
#3336 = DIRECTION ( 'NONE',  ( -1.000000000000000000, 0.0000000000000000000, 0.0000000000000000000 ) ) ;
#3337 = VECTOR ( 'NONE', #5382, 1000.000000000000000 ) ;
#3338 = DIRECTION ( 'NONE',  ( 0.0000000000000000000, -1.000000000000000000, 0.0000000000000000000 ) ) ;
#3339 = ORIENTED_EDGE ( 'NONE', *, *, #267, .T. ) ;
#3340 = EDGE_LOOP ( 'NONE', ( #2098, #5267, #3694, #445 ) ) ;
#3341 = ORIENTED_EDGE ( 'NONE', *, *, #3402, .F. ) ;
#3342 = CARTESIAN_POINT ( 'NONE',  ( 0.0000000000000000000, 0.0000000000000000000, -0.2500000000000000000 ) ) ;
#3343 = DIRECTION ( 'NONE',  ( 0.0000000000000000000, 1.000000000000000000, 0.0000000000000000000 ) ) ;
#3344 = EDGE_CURVE ( 'NONE', #1864, #706, #1223, .T. ) ;
#3345 = VECTOR ( 'NONE', #3409, 1000.000000000000114 ) ;
#3346 = ADVANCED_FACE ( 'NONE', ( #380 ), #2126, .F. ) ;
#3347 = ORIENTED_EDGE ( 'NONE', *, *, #2061, .T. ) ;
#3348 = ORIENTED_EDGE ( 'NONE', *, *, #4915, .T. ) ;
#3349 = AXIS2_PLACEMENT_3D ( 'NONE', #1772, #5139, #1291 ) ;
#3350 = LINE ( 'NONE', #422, #2987 ) ;
#3351 = CARTESIAN_POINT ( 'NONE',  ( -3.200000000000000178, 4.991207764517999301, -1.199999999999999956 ) ) ;
#3352 = ORIENTED_EDGE ( 'NONE', *, *, #4162, .T. ) ;
#3353 = VECTOR ( 'NONE', #3336, 1000.000000000000000 ) ;
#3354 = LINE ( 'NONE', #4946, #3760 ) ;
#3355 = ORIENTED_EDGE ( 'NONE', *, *, #875, .F. ) ;
#3356 = DIRECTION ( 'NONE',  ( 0.0000000000000000000, -1.000000000000000000, 0.0000000000000000000 ) ) ;
#3357 = VECTOR ( 'NONE', #216, 1000.000000000000000 ) ;
#3358 = DIRECTION ( 'NONE',  ( 0.0000000000000000000, -1.000000000000000000, 0.0000000000000000000 ) ) ;
#3359 = CARTESIAN_POINT ( 'NONE',  ( -25.49288787241999898, 5.848209992139000057, -1.210307874338000023 ) ) ;
#3360 = LINE ( 'NONE', #2849, #2395 ) ;
#3361 = VECTOR ( 'NONE', #2949, 1000.000000000000000 ) ;
#3362 = VERTEX_POINT ( 'NONE', #3840 ) ;
#3363 = CIRCLE ( 'NONE', #4971, 1.225492168374999524 ) ;
#3364 = VERTEX_POINT ( 'NONE', #3526 ) ;
#3365 = DIRECTION ( 'NONE',  ( 0.0000000000000000000, 0.6696584809786011450, 0.7426691853399012277 ) ) ;
#3366 = LINE ( 'NONE', #769, #2814 ) ;
#3367 = AXIS2_PLACEMENT_3D ( 'NONE', #1046, #2687, #5334 ) ;
#3368 = CARTESIAN_POINT ( 'NONE',  ( -4.500000000000000000, 3.950000000000000178, -3.550000000000000266 ) ) ;
#3369 = CARTESIAN_POINT ( 'NONE',  ( -4.250000000000000000, 7.500000000000000000, 1.899999999999999911 ) ) ;
#3370 = VERTEX_POINT ( 'NONE', #4810 ) ;
#3371 = CARTESIAN_POINT ( 'NONE',  ( 0.0000000000000000000, 0.0000000000000000000, 0.0000000000000000000 ) ) ;
#3372 = CARTESIAN_POINT ( 'NONE',  ( -1.300000000000000044, 0.0000000000000000000, 0.0000000000000000000 ) ) ;
#3373 = CARTESIAN_POINT ( 'NONE',  ( -0.6999999999999999556, 4.642518405394000069, -1.199999999999999956 ) ) ;
#3374 = EDGE_CURVE ( 'NONE', #3864, #3849, #2917, .T. ) ;
#3375 = DIRECTION ( 'NONE',  ( 1.000000000000000000, 0.0000000000000000000, 0.0000000000000000000 ) ) ;
#3376 = ORIENTED_EDGE ( 'NONE', *, *, #2892, .T. ) ;
#3377 = ORIENTED_EDGE ( 'NONE', *, *, #950, .T. ) ;
#3378 = ADVANCED_FACE ( 'NONE', ( #771 ), #3107, .F. ) ;
#3379 = AXIS2_PLACEMENT_3D ( 'NONE', #5408, #4125, #1130 ) ;
#3380 = ORIENTED_EDGE ( 'NONE', *, *, #4983, .T. ) ;
#3381 = DIRECTION ( 'NONE',  ( 0.0000000000000000000, -1.000000000000000000, 0.0000000000000000000 ) ) ;
#3382 = CARTESIAN_POINT ( 'NONE',  ( 6.550000000000000711, 1.199999999999999956, -0.2500000000000000000 ) ) ;
#3383 = VECTOR ( 'NONE', #672, 1000.000000000000000 ) ;
#3384 = DIRECTION ( 'NONE',  ( 1.000000000000000000, 0.0000000000000000000, 0.0000000000000000000 ) ) ;
#3385 = DIRECTION ( 'NONE',  ( -1.000000000000000000, 0.0000000000000000000, 0.0000000000000000000 ) ) ;
#3386 = LINE ( 'NONE', #4779, #5346 ) ;
#3387 = DIRECTION ( 'NONE',  ( -1.000000000000000000, 0.0000000000000000000, 0.0000000000000000000 ) ) ;
#3388 = ORIENTED_EDGE ( 'NONE', *, *, #5062, .F. ) ;
#3389 = CARTESIAN_POINT ( 'NONE',  ( 1.750000000000000000, 7.250000000000000000, 1.649999999999999911 ) ) ;
#3390 = CARTESIAN_POINT ( 'NONE',  ( -6.550000000000000711, 6.500000000000000000, -0.2500000000000000000 ) ) ;
#3391 = DIRECTION ( 'NONE',  ( -1.000000000000000000, 0.0000000000000000000, 0.0000000000000000000 ) ) ;
#3392 = DIRECTION ( 'NONE',  ( 0.0000000000000000000, 0.0000000000000000000, -1.000000000000000000 ) ) ;
#3393 = VERTEX_POINT ( 'NONE', #3815 ) ;
#3394 = ORIENTED_EDGE ( 'NONE', *, *, #785, .T. ) ;
#3395 =( NAMED_UNIT ( * ) SI_UNIT ( $, .STERADIAN. ) SOLID_ANGLE_UNIT ( ) );
#3396 = DIRECTION ( 'NONE',  ( 1.000000000000000000, 0.0000000000000000000, 0.0000000000000000000 ) ) ;
#3397 = DIRECTION ( 'NONE',  ( 0.0000000000000000000, 0.0000000000000000000, -1.000000000000000000 ) ) ;
#3398 =( GEOMETRIC_REPRESENTATION_CONTEXT ( 3 ) GLOBAL_UNCERTAINTY_ASSIGNED_CONTEXT ( ( #4929 ) ) GLOBAL_UNIT_ASSIGNED_CONTEXT ( ( #1197, #2886, #3395 ) ) REPRESENTATION_CONTEXT ( 'NONE', 'WORKASPACE' ) );
#3399 = DIRECTION ( 'NONE',  ( 1.000000000000000000, 0.0000000000000000000, 0.0000000000000000000 ) ) ;
#3400 = ORIENTED_EDGE ( 'NONE', *, *, #4477, .T. ) ;
#3401 = ORIENTED_EDGE ( 'NONE', *, *, #975, .F. ) ;
#3402 = EDGE_CURVE ( 'NONE', #3436, #3521, #4216, .T. ) ;
#3403 = EDGE_CURVE ( 'NONE', #1674, #2297, #3787, .T. ) ;
#3404 = ORIENTED_EDGE ( 'NONE', *, *, #4103, .F. ) ;
#3405 = CARTESIAN_POINT ( 'NONE',  ( 6.550000000000000711, 0.0000000000000000000, -3.299999999999999822 ) ) ;
#3406 = CARTESIAN_POINT ( 'NONE',  ( -2.000000000000000000, 5.627064597892998954, 1.564608142329999785 ) ) ;
#3407 = EDGE_LOOP ( 'NONE', ( #101, #2627, #4502, #4430 ) ) ;
#3408 = CARTESIAN_POINT ( 'NONE',  ( 4.250000000000000000, 7.250000000000000000, -11.23052000000000028 ) ) ;
#3409 = DIRECTION ( 'NONE',  ( 0.0000000000000000000, -0.7071067811865474617, 0.7071067811865474617 ) ) ;
#3410 = LINE ( 'NONE', #1, #1572 ) ;
#3411 = PLANE ( 'NONE',  #4694 ) ;
#3412 = EDGE_CURVE ( 'NONE', #5163, #2505, #288, .T. ) ;
#3413 = FACE_OUTER_BOUND ( 'NONE', #2191, .T. ) ;
#3414 = ORIENTED_EDGE ( 'NONE', *, *, #483, .F. ) ;
#3415 = VERTEX_POINT ( 'NONE', #232 ) ;
#3416 = CARTESIAN_POINT ( 'NONE',  ( 1.500000000000000000, 7.250000000000000000, -3.799999999999999822 ) ) ;
#3417 = CARTESIAN_POINT ( 'NONE',  ( -7.400000000000000355, 0.0000000000000000000, -0.2500000000000000000 ) ) ;
#3418 = UNCERTAINTY_MEASURE_WITH_UNIT (LENGTH_MEASURE( 1.000000000000000082E-05 ), #1251, 'distance_accuracy_value', 'NONE');
#3419 = DIRECTION ( 'NONE',  ( 1.000000000000000000, 0.0000000000000000000, 0.0000000000000000000 ) ) ;
#3420 = CARTESIAN_POINT ( 'NONE',  ( 6.550000000000000711, 8.500000000000000000, -3.299999999999999822 ) ) ;
#3421 = ORIENTED_EDGE ( 'NONE', *, *, #1678, .T. ) ;
#3422 = VERTEX_POINT ( 'NONE', #1126 ) ;
#3423 = VERTEX_POINT ( 'NONE', #5404 ) ;
#3424 = LINE ( 'NONE', #14, #979 ) ;
#3425 = CIRCLE ( 'NONE', #362, 0.2500000000000000000 ) ;
#3426 = DIRECTION ( 'NONE',  ( 0.0000000000000000000, -0.5735764363510111874, 0.8191520442890162235 ) ) ;
#3427 = DIRECTION ( 'NONE',  ( 0.0000000000000000000, -1.000000000000000000, 0.0000000000000000000 ) ) ;
#3428 = ORIENTED_EDGE ( 'NONE', *, *, #2959, .F. ) ;
#3429 = AXIS2_PLACEMENT_3D ( 'NONE', #2177, #2292, #518 ) ;
#3430 = ORIENTED_EDGE ( 'NONE', *, *, #1453, .T. ) ;
#3431 = ORIENTED_EDGE ( 'NONE', *, *, #1852, .F. ) ;
#3432 = DIRECTION ( 'NONE',  ( 0.0000000000000000000, -0.7510780138546010454, 0.6602134632861008656 ) ) ;
#3433 = CARTESIAN_POINT ( 'NONE',  ( -0.6999999999999999556, 6.545008898986999668, -1.199999999999999956 ) ) ;
#3434 = CARTESIAN_POINT ( 'NONE',  ( 4.000000000000000000, 5.438904667305999752, 1.649999999999999911 ) ) ;
#3435 = ADVANCED_FACE ( 'NONE', ( #343 ), #4950, .T. ) ;
#3436 = VERTEX_POINT ( 'NONE', #5376 ) ;
#3437 = LINE ( 'NONE', #835, #1043 ) ;
#3438 = VECTOR ( 'NONE', #1467, 1000.000000000000000 ) ;
#3439 = EDGE_CURVE ( 'NONE', #4873, #5380, #4872, .T. ) ;
#3440 = DIRECTION ( 'NONE',  ( 1.000000000000000000, 0.0000000000000000000, 0.0000000000000000000 ) ) ;
#3441 = DIRECTION ( 'NONE',  ( 0.0000000000000000000, 0.0000000000000000000, -1.000000000000000000 ) ) ;
#3442 = VECTOR ( 'NONE', #2693, 1000.000000000000000 ) ;
#3443 = EDGE_CURVE ( 'NONE', #3557, #3189, #5037, .T. ) ;
#3444 = EDGE_CURVE ( 'NONE', #4100, #157, #3726, .T. ) ;
#3445 = FACE_BOUND ( 'NONE', #1585, .T. ) ;
#3446 = ORIENTED_EDGE ( 'NONE', *, *, #5563, .F. ) ;
#3447 = DIRECTION ( 'NONE',  ( 1.000000000000000000, 0.0000000000000000000, 0.0000000000000000000 ) ) ;
#3448 = VECTOR ( 'NONE', #4122, 1000.000000000000000 ) ;
#3449 = CIRCLE ( 'NONE', #1380, 1.225492168374999524 ) ;
#3450 = EDGE_CURVE ( 'NONE', #4571, #914, #5488, .T. ) ;
#3451 = EDGE_CURVE ( 'NONE', #3903, #1682, #3753, .T. ) ;
#3452 = CARTESIAN_POINT ( 'NONE',  ( 7.649999999999999467, 1.199999999999999956, 0.2500000000000000000 ) ) ;
#3453 = CARTESIAN_POINT ( 'NONE',  ( 0.6999999999999999556, 0.0000000000000000000, 0.0000000000000000000 ) ) ;
#3454 = VECTOR ( 'NONE', #4104, 1000.000000000000000 ) ;
#3455 = VECTOR ( 'NONE', #3550, 1000.000000000000000 ) ;
#3456 = ORIENTED_EDGE ( 'NONE', *, *, #3403, .F. ) ;
#3457 = VERTEX_POINT ( 'NONE', #3665 ) ;
#3458 = ORIENTED_EDGE ( 'NONE', *, *, #81, .T. ) ;
#3459 = LINE ( 'NONE', #3820, #894 ) ;
#3460 = AXIS2_PLACEMENT_3D ( 'NONE', #1037, #3975, #600 ) ;
#3461 = VECTOR ( 'NONE', #934, 1000.000000000000000 ) ;
#3462 = LINE ( 'NONE', #3537, #33 ) ;
#3463 = LINE ( 'NONE', #1679, #1479 ) ;
#3464 = VERTEX_POINT ( 'NONE', #4982 ) ;
#3465 = AXIS2_PLACEMENT_3D ( 'NONE', #2723, #1492, #1050 ) ;
#3466 = ORIENTED_EDGE ( 'NONE', *, *, #512, .T. ) ;
#3467 = EDGE_LOOP ( 'NONE', ( #716, #5562, #1740, #4918 ) ) ;
#3468 = VERTEX_POINT ( 'NONE', #5010 ) ;
#3469 = CARTESIAN_POINT ( 'NONE',  ( -4.500000000000000000, 7.250000000000000000, -3.799999999999999822 ) ) ;
#3470 = CARTESIAN_POINT ( 'NONE',  ( -6.049999999999999822, 1.100000000000000089, 1.399999999999999911 ) ) ;
#3471 = DIRECTION ( 'NONE',  ( 0.0000000000000000000, 0.0000000000000000000, 1.000000000000000000 ) ) ;
#3472 = CYLINDRICAL_SURFACE ( 'NONE', #1328, 0.5000000000000000000 ) ;
#3473 = VECTOR ( 'NONE', #2229, 1000.000000000000000 ) ;
#3474 = CARTESIAN_POINT ( 'NONE',  ( -1.300000000000000044, 0.0000000000000000000, 0.0000000000000000000 ) ) ;
#3475 = LINE ( 'NONE', #2990, #3473 ) ;
#3476 = CARTESIAN_POINT ( 'NONE',  ( -7.900000000000000355, 6.500000000000000000, 0.0000000000000000000 ) ) ;
#3477 = AXIS2_PLACEMENT_3D ( 'NONE', #3134, #4836, #1034 ) ;
#3478 = DIRECTION ( 'NONE',  ( 0.0000000000000000000, 0.0000000000000000000, 1.000000000000000000 ) ) ;
#3479 = EDGE_LOOP ( 'NONE', ( #1609, #1217, #1268, #963, #188, #821, #435, #3293, #451 ) ) ;
#3480 = CARTESIAN_POINT ( 'NONE',  ( -2.000000000000000000, 3.950000000000000178, -3.799999999999999822 ) ) ;
#3481 = ADVANCED_FACE ( 'NONE', ( #1152 ), #1707, .F. ) ;
#3482 = DIRECTION ( 'NONE',  ( 0.0000000000000000000, 0.7071067811865474617, -0.7071067811865474617 ) ) ;
#3483 = PLANE ( 'NONE',  #734 ) ;
#3484 = ORIENTED_EDGE ( 'NONE', *, *, #4983, .F. ) ;
#3485 = ORIENTED_EDGE ( 'NONE', *, *, #5533, .T. ) ;
#3486 = EDGE_CURVE ( 'NONE', #3063, #5219, #1525, .T. ) ;
#3487 = EDGE_LOOP ( 'NONE', ( #4472, #2534, #2843, #2940, #2009, #4661, #2421, #2146, #2181, #4572, #5094, #1570, #2114, #269, #4323 ) ) ;
#3488 = DIRECTION ( 'NONE',  ( 1.000000000000000000, 0.0000000000000000000, 0.0000000000000000000 ) ) ;
#3489 = ADVANCED_FACE ( 'NONE', ( #701 ), #1290, .F. ) ;
#3490 = CARTESIAN_POINT ( 'NONE',  ( 3.200000000000000178, 5.561421773962999637, -0.8007318521937000222 ) ) ;
#3491 = LINE ( 'NONE', #5193, #1838 ) ;
#3492 = ORIENTED_EDGE ( 'NONE', *, *, #4405, .F. ) ;
#3493 = EDGE_CURVE ( 'NONE', #2945, #4439, #726, .T. ) ;
#3494 = ORIENTED_EDGE ( 'NONE', *, *, #1494, .F. ) ;
#3495 = VERTEX_POINT ( 'NONE', #2404 ) ;
#3496 = VERTEX_POINT ( 'NONE', #2458 ) ;
#3497 = LINE ( 'NONE', #4744, #480 ) ;
#3498 = CARTESIAN_POINT ( 'NONE',  ( -1.300000000000000044, 0.0000000000000000000, -0.2000000000000000111 ) ) ;
#3499 = FACE_OUTER_BOUND ( 'NONE', #4379, .T. ) ;
#3500 = EDGE_LOOP ( 'NONE', ( #4223, #741, #906, #5540 ) ) ;
#3501 = CARTESIAN_POINT ( 'NONE',  ( -6.550000000000000711, 0.0000000000000000000, -3.299999999999999822 ) ) ;
#3502 = CARTESIAN_POINT ( 'NONE',  ( 7.400000000000000355, 0.0000000000000000000, 0.0000000000000000000 ) ) ;
#3503 = DIRECTION ( 'NONE',  ( 0.0000000000000000000, 0.0000000000000000000, 1.000000000000000000 ) ) ;
#3504 = ORIENTED_EDGE ( 'NONE', *, *, #875, .T. ) ;
#3505 = LINE ( 'NONE', #3111, #1080 ) ;
#3506 = EDGE_CURVE ( 'NONE', #2226, #1819, #3326, .T. ) ;
#3507 = DIRECTION ( 'NONE',  ( 0.0000000000000000000, -1.000000000000000000, 0.0000000000000000000 ) ) ;
#3508 = ADVANCED_FACE ( 'NONE', ( #257 ), #1972, .T. ) ;
#3509 = ORIENTED_EDGE ( 'NONE', *, *, #2777, .T. ) ;
#3510 = DIRECTION ( 'NONE',  ( 1.000000000000000000, 0.0000000000000000000, 0.0000000000000000000 ) ) ;
#3511 = CARTESIAN_POINT ( 'NONE',  ( -4.000000000000000000, 5.438904667305999752, 1.399999999999999911 ) ) ;
#3512 = DIRECTION ( 'NONE',  ( -1.000000000000000000, 0.0000000000000000000, 0.0000000000000000000 ) ) ;
#3513 = EDGE_CURVE ( 'NONE', #5318, #1158, #3497, .T. ) ;
#3514 = VERTEX_POINT ( 'NONE', #477 ) ;
#3515 = VERTEX_POINT ( 'NONE', #1405 ) ;
#3516 = AXIS2_PLACEMENT_3D ( 'NONE', #3118, #527, #1787 ) ;
#3517 = EDGE_LOOP ( 'NONE', ( #654, #20, #2382, #1164 ) ) ;
#3518 = CARTESIAN_POINT ( 'NONE',  ( -7.400000000000000355, 0.0000000000000000000, 0.0000000000000000000 ) ) ;
#3519 = DIRECTION ( 'NONE',  ( 0.0000000000000000000, 0.0000000000000000000, -1.000000000000000000 ) ) ;
#3520 = EDGE_CURVE ( 'NONE', #5524, #333, #309, .T. ) ;
#3521 = VERTEX_POINT ( 'NONE', #3995 ) ;
#3522 = FACE_OUTER_BOUND ( 'NONE', #2435, .T. ) ;
#3523 = VECTOR ( 'NONE', #2353, 1000.000000000000000 ) ;
#3524 = PLANE ( 'NONE',  #3168 ) ;
#3525 = LINE ( 'NONE', #4751, #1283 ) ;
#3526 = CARTESIAN_POINT ( 'NONE',  ( -3.799999999999999822, 5.446706486693000393, -0.6369014433359000416 ) ) ;
#3527 = CIRCLE ( 'NONE', #2623, 0.2500000000000002220 ) ;
#3528 = DIRECTION ( 'NONE',  ( 0.0000000000000000000, 0.0000000000000000000, -1.000000000000000000 ) ) ;
#3529 = ORIENTED_EDGE ( 'NONE', *, *, #3986, .F. ) ;
#3530 = CARTESIAN_POINT ( 'NONE',  ( 4.000000000000000000, 3.950000000000000178, 1.899999999999999911 ) ) ;
#3531 = AXIS2_PLACEMENT_3D ( 'NONE', #3470, #394, #1684 ) ;
#3532 = CARTESIAN_POINT ( 'NONE',  ( -4.500000000000000000, 3.950000000000000178, -3.799999999999999822 ) ) ;
#3533 = DIRECTION ( 'NONE',  ( 1.000000000000000000, 0.0000000000000000000, 0.0000000000000000000 ) ) ;
#3534 = VERTEX_POINT ( 'NONE', #4827 ) ;
#3535 = AXIS2_PLACEMENT_3D ( 'NONE', #1881, #2224, #3939 ) ;
#3536 = VERTEX_POINT ( 'NONE', #965 ) ;
#3537 = CARTESIAN_POINT ( 'NONE',  ( -7.900000000000000355, 5.299999999999999822, 0.0000000000000000000 ) ) ;
#3538 = VECTOR ( 'NONE', #3676, 1000.000000000000000 ) ;
#3539 = VECTOR ( 'NONE', #5263, 1000.000000000000000 ) ;
#3540 = CARTESIAN_POINT ( 'NONE',  ( 4.500000000000000000, 7.500000000000000000, 1.899999999999999911 ) ) ;
#3541 = ORIENTED_EDGE ( 'NONE', *, *, #984, .T. ) ;
#3542 = ORIENTED_EDGE ( 'NONE', *, *, #4614, .T. ) ;
#3543 = EDGE_CURVE ( 'NONE', #4743, #5410, #3147, .T. ) ;
#3544 = AXIS2_PLACEMENT_3D ( 'NONE', #1142, #1114, #2835 ) ;
#3545 = ORIENTED_EDGE ( 'NONE', *, *, #784, .F. ) ;
#3546 = DIRECTION ( 'NONE',  ( 0.0000000000000000000, 0.0000000000000000000, 1.000000000000000000 ) ) ;
#3547 = EDGE_CURVE ( 'NONE', #4651, #766, #3041, .T. ) ;
#3548 = EDGE_CURVE ( 'NONE', #5134, #58, #2002, .T. ) ;
#3549 = DIRECTION ( 'NONE',  ( -1.000000000000000000, 0.0000000000000000000, 0.0000000000000000000 ) ) ;
#3550 = DIRECTION ( 'NONE',  ( 0.0000000000000000000, 0.0000000000000000000, -1.000000000000000000 ) ) ;
#3551 = VECTOR ( 'NONE', #1734, 1000.000000000000000 ) ;
#3552 = EDGE_LOOP ( 'NONE', ( #3062, #2387, #1639, #243, #1003, #931, #3146, #632 ) ) ;
#3553 = LINE ( 'NONE', #3232, #2174 ) ;
#3554 = DIRECTION ( 'NONE',  ( 1.000000000000000000, 0.0000000000000000000, 0.0000000000000000000 ) ) ;
#3555 = CYLINDRICAL_SURFACE ( 'NONE', #1829, 0.5000000000000000000 ) ;
#3556 = LINE ( 'NONE', #92, #4008 ) ;
#3557 = VERTEX_POINT ( 'NONE', #139 ) ;
#3558 = ADVANCED_FACE ( 'NONE', ( #883 ), #1346, .F. ) ;
#3559 = DIRECTION ( 'NONE',  ( 0.0000000000000000000, 0.0000000000000000000, 1.000000000000000000 ) ) ;
#3560 = CARTESIAN_POINT ( 'NONE',  ( -1.750000000000000000, 7.500000000000000000, -3.550000000000000266 ) ) ;
#3561 = CARTESIAN_POINT ( 'NONE',  ( 4.000000000000000000, 5.438904667305999752, 1.399999999999999911 ) ) ;
#3562 = LINE ( 'NONE', #602, #590 ) ;
#3563 = ORIENTED_EDGE ( 'NONE', *, *, #5557, .T. ) ;
#3564 = AXIS2_PLACEMENT_3D ( 'NONE', #4570, #371, #260 ) ;
#3565 = VERTEX_POINT ( 'NONE', #3518 ) ;
#3566 = CARTESIAN_POINT ( 'NONE',  ( 0.6999999999999999556, 6.545008898986999668, -1.199999999999999956 ) ) ;
#3567 = DIRECTION ( 'NONE',  ( 1.000000000000000000, 0.0000000000000000000, 0.0000000000000000000 ) ) ;
#3568 = ORIENTED_EDGE ( 'NONE', *, *, #1894, .F. ) ;
#3569 = CARTESIAN_POINT ( 'NONE',  ( 1.300000000000000044, 6.201763382732000451, -0.8567544837448999306 ) ) ;
#3570 = EDGE_CURVE ( 'NONE', #1736, #2709, #1854, .T. ) ;
#3571 = ORIENTED_EDGE ( 'NONE', *, *, #1820, .T. ) ;
#3572 = EDGE_LOOP ( 'NONE', ( #4555, #3926, #2692, #5186 ) ) ;
#3573 = DIRECTION ( 'NONE',  ( 0.0000000000000000000, -1.000000000000000000, 0.0000000000000000000 ) ) ;
#3574 = CARTESIAN_POINT ( 'NONE',  ( -2.000000000000000000, 5.444198298232000077, 1.899999999999999911 ) ) ;
#3575 = LINE ( 'NONE', #5226, #3455 ) ;
#3576 = ORIENTED_EDGE ( 'NONE', *, *, #3486, .T. ) ;
#3577 = VECTOR ( 'NONE', #3832, 1000.000000000000000 ) ;
#3578 = DIRECTION ( 'NONE',  ( 0.0000000000000000000, 0.0000000000000000000, -1.000000000000000000 ) ) ;
#3579 = DIRECTION ( 'NONE',  ( 0.0000000000000000000, -1.000000000000000000, 0.0000000000000000000 ) ) ;
#3580 = CARTESIAN_POINT ( 'NONE',  ( -5.799999999999999822, 1.100000000000000089, -1.199999999999999956 ) ) ;
#3581 = EDGE_CURVE ( 'NONE', #3789, #5205, #3889, .T. ) ;
#3582 = CARTESIAN_POINT ( 'NONE',  ( 4.000000000000000000, 3.950000000000000178, 1.649999999999999911 ) ) ;
#3583 = EDGE_CURVE ( 'NONE', #1890, #3853, #25, .T. ) ;
#3584 = ORIENTED_EDGE ( 'NONE', *, *, #916, .F. ) ;
#3585 = DIRECTION ( 'NONE',  ( 0.0000000000000000000, -1.000000000000000000, 0.0000000000000000000 ) ) ;
#3586 = CYLINDRICAL_SURFACE ( 'NONE', #4969, 0.2500000000000002220 ) ;
#3587 = CARTESIAN_POINT ( 'NONE',  ( -4.000000000000000000, 5.438904667305999752, 1.649999999999999911 ) ) ;
#3588 = ADVANCED_FACE ( 'NONE', ( #1373 ), #5172, .F. ) ;
#3589 = DIRECTION ( 'NONE',  ( 0.0000000000000000000, 0.0000000000000000000, -1.000000000000000000 ) ) ;
#3590 = ORIENTED_EDGE ( 'NONE', *, *, #5271, .F. ) ;
#3591 = ORIENTED_EDGE ( 'NONE', *, *, #5091, .T. ) ;
#3592 = LINE ( 'NONE', #2240, #4149 ) ;
#3593 = CARTESIAN_POINT ( 'NONE',  ( 1.500000000000000000, 3.950000000000000178, -3.799999999999999822 ) ) ;
#3594 = CARTESIAN_POINT ( 'NONE',  ( 4.000000000000000000, 5.627064597892998954, 1.564608142329999785 ) ) ;
#3595 = CARTESIAN_POINT ( 'NONE',  ( -3.799999999999999822, 5.561421773962999637, -0.8007318521937000222 ) ) ;
#3596 = EDGE_LOOP ( 'NONE', ( #3941, #1460, #1250, #4792 ) ) ;
#3597 = VERTEX_POINT ( 'NONE', #4800 ) ;
#3598 = CARTESIAN_POINT ( 'NONE',  ( -6.299999999999999822, 8.500000000000000000, 1.399999999999999911 ) ) ;
#3599 = CARTESIAN_POINT ( 'NONE',  ( 4.000000000000000000, 5.444198298232000077, -3.299999999999999822 ) ) ;
#3600 = LINE ( 'NONE', #5308, #2815 ) ;
#3601 = ORIENTED_EDGE ( 'NONE', *, *, #3300, .F. ) ;
#3602 = VECTOR ( 'NONE', #983, 1000.000000000000000 ) ;
#3603 = LINE ( 'NONE', #639, #992 ) ;
#3604 = EDGE_CURVE ( 'NONE', #3464, #4118, #941, .T. ) ;
#3605 = EDGE_CURVE ( 'NONE', #363, #4631, #4395, .T. ) ;
#3606 = CARTESIAN_POINT ( 'NONE',  ( 2.000000000000000000, 5.819737305159000229, -3.630106731642999573 ) ) ;
#3607 = ORIENTED_EDGE ( 'NONE', *, *, #3513, .T. ) ;
#3608 = CARTESIAN_POINT ( 'NONE',  ( 6.550000000000000711, 5.299999999999999822, 0.0000000000000000000 ) ) ;
#3609 = ORIENTED_EDGE ( 'NONE', *, *, #3160, .F. ) ;
#3610 = VECTOR ( 'NONE', #4488, 1000.000000000000000 ) ;
#3611 = PLANE ( 'NONE',  #550 ) ;
#3612 = EDGE_CURVE ( 'NONE', #1754, #2708, #112, .T. ) ;
#3613 = PLANE ( 'NONE',  #3724 ) ;
#3614 = EDGE_CURVE ( 'NONE', #4385, #4741, #4456, .T. ) ;
#3615 = CARTESIAN_POINT ( 'NONE',  ( 3.200000000000000178, 4.991207764517999301, -1.199999999999999956 ) ) ;
#3616 = CARTESIAN_POINT ( 'NONE',  ( 2.000000000000000000, 6.549418683239000671, 2.371512099436000387 ) ) ;
#3617 = ORIENTED_EDGE ( 'NONE', *, *, #1613, .T. ) ;
#3618 = ORIENTED_EDGE ( 'NONE', *, *, #3583, .T. ) ;
#3619 = DIRECTION ( 'NONE',  ( 0.0000000000000000000, 1.000000000000000000, 0.0000000000000000000 ) ) ;
#3620 = VECTOR ( 'NONE', #337, 1000.000000000000000 ) ;
#3621 = DIRECTION ( 'NONE',  ( 0.0000000000000000000, 1.000000000000000000, 0.0000000000000000000 ) ) ;
#3622 = DIRECTION ( 'NONE',  ( 0.0000000000000000000, 0.0000000000000000000, 1.000000000000000000 ) ) ;
#3623 = VECTOR ( 'NONE', #4816, 1000.000000000000000 ) ;
#3624 = DIRECTION ( 'NONE',  ( -1.000000000000000000, 0.0000000000000000000, 0.0000000000000000000 ) ) ;
#3625 = VERTEX_POINT ( 'NONE', #614 ) ;
#3626 = AXIS2_PLACEMENT_3D ( 'NONE', #2903, #4624, #4720 ) ;
#3627 = CIRCLE ( 'NONE', #4168, 0.5000000000000002220 ) ;
#3628 = ORIENTED_EDGE ( 'NONE', *, *, #5091, .F. ) ;
#3629 = PLANE ( 'NONE',  #5415 ) ;
#3630 = DIRECTION ( 'NONE',  ( 0.0000000000000000000, 0.5735764363510111874, -0.8191520442890162235 ) ) ;
#3631 = VECTOR ( 'NONE', #2047, 1000.000000000000000 ) ;
#3632 = VERTEX_POINT ( 'NONE', #167 ) ;
#3633 = AXIS2_PLACEMENT_3D ( 'NONE', #423, #4722, #4368 ) ;
#3634 = CARTESIAN_POINT ( 'NONE',  ( 6.049999999999999822, 0.0000000000000000000, -3.299999999999999822 ) ) ;
#3635 = CIRCLE ( 'NONE', #4269, 0.2500000000000002220 ) ;
#3636 = DIRECTION ( 'NONE',  ( 1.000000000000000000, 0.0000000000000000000, 0.0000000000000000000 ) ) ;
#3637 = CYLINDRICAL_SURFACE ( 'NONE', #5327, 0.5000000000000001110 ) ;
#3638 = ORIENTED_EDGE ( 'NONE', *, *, #916, .T. ) ;
#3639 = DIRECTION ( 'NONE',  ( 0.0000000000000000000, 0.0000000000000000000, 1.000000000000000000 ) ) ;
#3640 = ORIENTED_EDGE ( 'NONE', *, *, #5147, .F. ) ;
#3641 = DIRECTION ( 'NONE',  ( 1.000000000000000000, 0.0000000000000000000, 0.0000000000000000000 ) ) ;
#3642 = FACE_OUTER_BOUND ( 'NONE', #1918, .T. ) ;
#3643 = DIRECTION ( 'NONE',  ( -1.000000000000000000, 0.0000000000000000000, 0.0000000000000000000 ) ) ;
#3644 = LINE ( 'NONE', #5295, #5440 ) ;
#3645 = ORIENTED_EDGE ( 'NONE', *, *, #2060, .T. ) ;
#3646 = ORIENTED_EDGE ( 'NONE', *, *, #1545, .T. ) ;
#3647 = EDGE_CURVE ( 'NONE', #3312, #3423, #2019, .T. ) ;
#3648 = PLANE ( 'NONE',  #1895 ) ;
#3649 = ADVANCED_FACE ( 'NONE', ( #2391 ), #2306, .F. ) ;
#3650 = VECTOR ( 'NONE', #1448, 1000.000000000000114 ) ;
#3651 = CARTESIAN_POINT ( 'NONE',  ( 2.000000000000000000, 0.0000000000000000000, 0.0000000000000000000 ) ) ;
#3652 = AXIS2_PLACEMENT_3D ( 'NONE', #3075, #1267, #4700 ) ;
#3653 = VERTEX_POINT ( 'NONE', #5340 ) ;
#3654 = VERTEX_POINT ( 'NONE', #5306 ) ;
#3655 = EDGE_CURVE ( 'NONE', #5002, #3013, #1906, .T. ) ;
#3656 = DIRECTION ( 'NONE',  ( -1.000000000000000000, 0.0000000000000000000, 0.0000000000000000000 ) ) ;
#3657 = DIRECTION ( 'NONE',  ( 0.0000000000000000000, 1.000000000000000000, 0.0000000000000000000 ) ) ;
#3658 = ORIENTED_EDGE ( 'NONE', *, *, #2846, .T. ) ;
#3659 = DIRECTION ( 'NONE',  ( -1.000000000000000000, 0.0000000000000000000, 0.0000000000000000000 ) ) ;
#3660 = AXIS2_PLACEMENT_3D ( 'NONE', #1148, #698, #2426 ) ;
#3661 = ORIENTED_EDGE ( 'NONE', *, *, #2997, .T. ) ;
#3662 = CARTESIAN_POINT ( 'NONE',  ( -1.300000000000000044, 6.545008898986999668, -1.199999999999999956 ) ) ;
#3663 = VERTEX_POINT ( 'NONE', #3206 ) ;
#3664 = CARTESIAN_POINT ( 'NONE',  ( -4.250000000000000000, 7.500000000000000000, -3.799999999999999822 ) ) ;
#3665 = CARTESIAN_POINT ( 'NONE',  ( 1.500000000000000000, 7.250000000000000000, 1.649999999999999911 ) ) ;
#3666 = CIRCLE ( 'NONE', #4212, 0.2500000000000000000 ) ;
#3667 = PLANE ( 'NONE',  #2364 ) ;
#3668 = FACE_OUTER_BOUND ( 'NONE', #2492, .T. ) ;
#3669 = EDGE_LOOP ( 'NONE', ( #1310, #3907, #3897, #2863 ) ) ;
#3670 = EDGE_LOOP ( 'NONE', ( #1033, #5391, #4734, #2718, #4723, #1355, #1408, #964 ) ) ;
#3671 = CARTESIAN_POINT ( 'NONE',  ( 4.000000000000000000, 5.438904667305999752, 1.649999999999999911 ) ) ;
#3672 = ADVANCED_FACE ( 'NONE', ( #3178 ), #3629, .T. ) ;
#3673 = CARTESIAN_POINT ( 'NONE',  ( -4.500000000000000000, 3.950000000000000178, -3.799999999999999822 ) ) ;
#3674 = ORIENTED_EDGE ( 'NONE', *, *, #1209, .F. ) ;
#3675 = ORIENTED_EDGE ( 'NONE', *, *, #3520, .F. ) ;
#3676 = DIRECTION ( 'NONE',  ( 0.0000000000000000000, 0.0000000000000000000, 1.000000000000000000 ) ) ;
#3677 = EDGE_CURVE ( 'NONE', #2739, #4145, #5364, .T. ) ;
#3678 = CARTESIAN_POINT ( 'NONE',  ( -6.049999999999999822, 1.100000000000000089, 1.649999999999999911 ) ) ;
#3679 = ORIENTED_EDGE ( 'NONE', *, *, #1159, .T. ) ;
#3680 = DIRECTION ( 'NONE',  ( 0.0000000000000000000, 0.0000000000000000000, -1.000000000000000000 ) ) ;
#3681 = EDGE_CURVE ( 'NONE', #5163, #1571, #4021, .T. ) ;
#3682 = DIRECTION ( 'NONE',  ( 1.000000000000000000, 0.0000000000000000000, 0.0000000000000000000 ) ) ;
#3683 = LINE ( 'NONE', #781, #2192 ) ;
#3684 = ORIENTED_EDGE ( 'NONE', *, *, #3273, .T. ) ;
#3685 = DIRECTION ( 'NONE',  ( 0.0000000000000000000, 1.000000000000000000, 0.0000000000000000000 ) ) ;
#3686 = ORIENTED_EDGE ( 'NONE', *, *, #4032, .F. ) ;
#3687 = DIRECTION ( 'NONE',  ( 0.0000000000000000000, -1.000000000000000000, 0.0000000000000000000 ) ) ;
#3688 = EDGE_CURVE ( 'NONE', #3173, #4799, #4475, .T. ) ;
#3689 = VECTOR ( 'NONE', #413, 1000.000000000000000 ) ;
#3690 = CARTESIAN_POINT ( 'NONE',  ( -3.200000000000000178, 4.642518405394000069, -1.199999999999999956 ) ) ;
#3691 = FACE_OUTER_BOUND ( 'NONE', #322, .T. ) ;
#3692 = CARTESIAN_POINT ( 'NONE',  ( 4.500000000000000000, 7.500000000000000000, -3.799999999999999822 ) ) ;
#3693 = VECTOR ( 'NONE', #3723, 1000.000000000000000 ) ;
#3694 = ORIENTED_EDGE ( 'NONE', *, *, #877, .F. ) ;
#3695 = ORIENTED_EDGE ( 'NONE', *, *, #3745, .F. ) ;
#3696 = CYLINDRICAL_SURFACE ( 'NONE', #2075, 0.2500000000000002220 ) ;
#3697 = VECTOR ( 'NONE', #4177, 1000.000000000000000 ) ;
#3698 = FACE_OUTER_BOUND ( 'NONE', #1256, .T. ) ;
#3699 = DIRECTION ( 'NONE',  ( 0.0000000000000000000, -1.000000000000000000, 0.0000000000000000000 ) ) ;
#3700 = CYLINDRICAL_SURFACE ( 'NONE', #5159, 0.5000000000000000000 ) ;
#3701 = EDGE_LOOP ( 'NONE', ( #2761, #3951, #3252, #4619 ) ) ;
#3702 = AXIS2_PLACEMENT_3D ( 'NONE', #669, #251, #1966 ) ;
#3703 = FACE_OUTER_BOUND ( 'NONE', #2830, .T. ) ;
#3704 = ORIENTED_EDGE ( 'NONE', *, *, #5085, .T. ) ;
#3705 = CARTESIAN_POINT ( 'NONE',  ( -1.500000000000000000, 3.950000000000000178, 1.649999999999999911 ) ) ;
#3706 = AXIS2_PLACEMENT_3D ( 'NONE', #5323, #4899, #1038 ) ;
#3707 = CARTESIAN_POINT ( 'NONE',  ( -7.900000000000000355, 6.500000000000000000, 0.0000000000000000000 ) ) ;
#3708 = EDGE_LOOP ( 'NONE', ( #55, #4920, #1933, #2665 ) ) ;
#3709 = EDGE_CURVE ( 'NONE', #1611, #1578, #1986, .T. ) ;
#3710 = VECTOR ( 'NONE', #5474, 1000.000000000000000 ) ;
#3711 = ORIENTED_EDGE ( 'NONE', *, *, #794, .T. ) ;
#3712 = CIRCLE ( 'NONE', #4528, 1.225492168374999524 ) ;
#3713 = ORIENTED_EDGE ( 'NONE', *, *, #3195, .F. ) ;
#3714 = EDGE_CURVE ( 'NONE', #249, #2193, #4499, .T. ) ;
#3715 = EDGE_CURVE ( 'NONE', #2836, #1785, #634, .T. ) ;
#3716 = AXIS2_PLACEMENT_3D ( 'NONE', #5130, #3956, #2686 ) ;
#3717 = LINE ( 'NONE', #5397, #2465 ) ;
#3718 = VECTOR ( 'NONE', #4617, 1000.000000000000000 ) ;
#3719 = ORIENTED_EDGE ( 'NONE', *, *, #617, .F. ) ;
#3720 = EDGE_CURVE ( 'NONE', #3166, #1783, #2751, .T. ) ;
#3721 = CARTESIAN_POINT ( 'NONE',  ( 4.000000000000000000, 5.444198298232000077, -3.299999999999999822 ) ) ;
#3722 = ORIENTED_EDGE ( 'NONE', *, *, #3570, .F. ) ;
#3723 = DIRECTION ( 'NONE',  ( 0.0000000000000000000, 0.0000000000000000000, 1.000000000000000000 ) ) ;
#3724 = AXIS2_PLACEMENT_3D ( 'NONE', #3192, #544, #4464 ) ;
#3725 = VECTOR ( 'NONE', #715, 1000.000000000000000 ) ;
#3726 = LINE ( 'NONE', #3777, #2734 ) ;
#3727 = LINE ( 'NONE', #1552, #5261 ) ;
#3728 = DIRECTION ( 'NONE',  ( 1.000000000000000000, 0.0000000000000000000, 0.0000000000000000000 ) ) ;
#3729 = VECTOR ( 'NONE', #3875, 1000.000000000000114 ) ;
#3730 = DIRECTION ( 'NONE',  ( 0.0000000000000000000, 0.0000000000000000000, 1.000000000000000000 ) ) ;
#3731 = ORIENTED_EDGE ( 'NONE', *, *, #4940, .F. ) ;
#3732 = ORIENTED_EDGE ( 'NONE', *, *, #2457, .F. ) ;
#3733 = CARTESIAN_POINT ( 'NONE',  ( -0.6999999999999999556, 7.045008898987000556, -1.699999999999999956 ) ) ;
#3734 = FACE_OUTER_BOUND ( 'NONE', #4410, .T. ) ;
#3735 = DIRECTION ( 'NONE',  ( 0.0000000000000000000, 0.0000000000000000000, -1.000000000000000000 ) ) ;
#3736 = FACE_OUTER_BOUND ( 'NONE', #3972, .T. ) ;
#3737 = ORIENTED_EDGE ( 'NONE', *, *, #2490, .F. ) ;
#3738 = EDGE_LOOP ( 'NONE', ( #1936, #5106, #224, #905, #1490, #2638, #4911, #4753 ) ) ;
#3739 = DIRECTION ( 'NONE',  ( -1.000000000000000000, 0.0000000000000000000, 0.0000000000000000000 ) ) ;
#3740 = VECTOR ( 'NONE', #4181, 1000.000000000000000 ) ;
#3741 = CARTESIAN_POINT ( 'NONE',  ( -0.6999999999999999556, 0.0000000000000000000, -0.2000000000000000111 ) ) ;
#3742 = EDGE_CURVE ( 'NONE', #5030, #1524, #2332, .T. ) ;
#3743 = ORIENTED_EDGE ( 'NONE', *, *, #3158, .T. ) ;
#3744 = EDGE_LOOP ( 'NONE', ( #2464, #1312, #3769, #3879 ) ) ;
#3745 = EDGE_CURVE ( 'NONE', #5410, #4325, #4529, .T. ) ;
#3746 = PLANE ( 'NONE',  #729 ) ;
#3747 = CARTESIAN_POINT ( 'NONE',  ( 0.0000000000000000000, 7.849999999999999645, -1.350000000000000089 ) ) ;
#3748 = EDGE_CURVE ( 'NONE', #2919, #4961, #2800, .T. ) ;
#3749 = ORIENTED_EDGE ( 'NONE', *, *, #528, .T. ) ;
#3750 = CARTESIAN_POINT ( 'NONE',  ( 7.900000000000000355, 1.199999999999999956, 0.0000000000000000000 ) ) ;
#3751 = ORIENTED_EDGE ( 'NONE', *, *, #5431, .F. ) ;
#3752 = PLANE ( 'NONE',  #286 ) ;
#3753 = LINE ( 'NONE', #5463, #2904 ) ;
#3754 = CARTESIAN_POINT ( 'NONE',  ( -7.649999999999999467, 1.199999999999999956, 0.2500000000000000000 ) ) ;
#3755 = EDGE_CURVE ( 'NONE', #2669, #1675, #1737, .T. ) ;
#3756 = LINE ( 'NONE', #2908, #2837 ) ;
#3757 = ORIENTED_EDGE ( 'NONE', *, *, #5255, .T. ) ;
#3758 = ORIENTED_EDGE ( 'NONE', *, *, #1190, .F. ) ;
#3759 = DIRECTION ( 'NONE',  ( 1.000000000000000000, 0.0000000000000000000, 0.0000000000000000000 ) ) ;
#3760 = VECTOR ( 'NONE', #5068, 1000.000000000000000 ) ;
#3761 = EDGE_CURVE ( 'NONE', #2157, #548, #5388, .T. ) ;
#3762 = DIRECTION ( 'NONE',  ( 0.0000000000000000000, 1.000000000000000000, 0.0000000000000000000 ) ) ;
#3763 = CARTESIAN_POINT ( 'NONE',  ( -4.250000000000000000, 7.500000000000000000, -3.550000000000000266 ) ) ;
#3764 = CARTESIAN_POINT ( 'NONE',  ( 4.250000000000000000, 7.500000000000000000, -3.799999999999999822 ) ) ;
#3765 = ORIENTED_EDGE ( 'NONE', *, *, #4516, .F. ) ;
#3766 = ORIENTED_EDGE ( 'NONE', *, *, #151, .F. ) ;
#3767 = CARTESIAN_POINT ( 'NONE',  ( -0.6999999999999999556, -1.100000000000000089, 0.0000000000000000000 ) ) ;
#3768 = CARTESIAN_POINT ( 'NONE',  ( -6.550000000000000711, 8.500000000000000000, -3.299999999999999822 ) ) ;
#3769 = ORIENTED_EDGE ( 'NONE', *, *, #4215, .T. ) ;
#3770 = VERTEX_POINT ( 'NONE', #4556 ) ;
#3771 = DIRECTION ( 'NONE',  ( 0.0000000000000000000, -0.7071067811865475727, -0.7071067811865475727 ) ) ;
#3772 = CARTESIAN_POINT ( 'NONE',  ( -2.000000000000000000, 7.500000000000000000, -3.550000000000000266 ) ) ;
#3773 = VERTEX_POINT ( 'NONE', #4138 ) ;
#3774 = LINE ( 'NONE', #1601, #2319 ) ;
#3775 = ORIENTED_EDGE ( 'NONE', *, *, #1125, .F. ) ;
#3776 = CARTESIAN_POINT ( 'NONE',  ( -7.400000000000000355, 0.0000000000000000000, 0.2500000000000000000 ) ) ;
#3777 = CARTESIAN_POINT ( 'NONE',  ( 0.6999999999999999556, 6.343184738968999703, -0.7153331275076000306 ) ) ;
#3778 = DIRECTION ( 'NONE',  ( 0.0000000000000000000, 0.0000000000000000000, 1.000000000000000000 ) ) ;
#3779 = CYLINDRICAL_SURFACE ( 'NONE', #391, 0.7000000000000007327 ) ;
#3780 = PLANE ( 'NONE',  #5264 ) ;
#3781 = EDGE_LOOP ( 'NONE', ( #5328, #1101, #4174, #2356 ) ) ;
#3782 = EDGE_CURVE ( 'NONE', #3632, #2579, #273, .T. ) ;
#3783 = VERTEX_POINT ( 'NONE', #3845 ) ;
#3784 = CARTESIAN_POINT ( 'NONE',  ( 6.550000000000000711, 0.0000000000000000000, -0.2500000000000000000 ) ) ;
#3785 = EDGE_CURVE ( 'NONE', #275, #3057, #1227, .T. ) ;
#3786 = LINE ( 'NONE', #3812, #5243 ) ;
#3787 = LINE ( 'NONE', #3369, #5059 ) ;
#3788 = ORIENTED_EDGE ( 'NONE', *, *, #3993, .F. ) ;
#3789 = VERTEX_POINT ( 'NONE', #2476 ) ;
#3790 = EDGE_CURVE ( 'NONE', #5105, #4796, #746, .T. ) ;
#3791 = DIRECTION ( 'NONE',  ( -1.000000000000000000, 0.0000000000000000000, 0.0000000000000000000 ) ) ;
#3792 = VECTOR ( 'NONE', #2428, 1000.000000000000000 ) ;
#3793 = PLANE ( 'NONE',  #4354 ) ;
#3794 = FACE_OUTER_BOUND ( 'NONE', #3011, .T. ) ;
#3795 = AXIS2_PLACEMENT_3D ( 'NONE', #225, #2312, #4913 ) ;
#3796 = ORIENTED_EDGE ( 'NONE', *, *, #641, .T. ) ;
#3797 = VERTEX_POINT ( 'NONE', #5054 ) ;
#3798 = AXIS2_PLACEMENT_3D ( 'NONE', #1662, #3381, #59 ) ;
#3799 = DIRECTION ( 'NONE',  ( -1.000000000000000000, 0.0000000000000000000, 0.0000000000000000000 ) ) ;
#3800 = DIRECTION ( 'NONE',  ( 0.0000000000000000000, 1.000000000000000000, 0.0000000000000000000 ) ) ;
#3801 = VECTOR ( 'NONE', #3391, 1000.000000000000000 ) ;
#3802 = CARTESIAN_POINT ( 'NONE',  ( 2.000000000000000000, 7.200000000000000178, -3.550000000000000266 ) ) ;
#3803 = CARTESIAN_POINT ( 'NONE',  ( 2.000000000000000000, 5.444198298232000077, -3.299999999999999822 ) ) ;
#3804 = VECTOR ( 'NONE', #2639, 1000.000000000000114 ) ;
#3805 = AXIS2_PLACEMENT_3D ( 'NONE', #1914, #3155, #4835 ) ;
#3806 = CARTESIAN_POINT ( 'NONE',  ( 4.250000000000000000, 7.250000000000000000, 1.899999999999999911 ) ) ;
#3807 = EDGE_CURVE ( 'NONE', #2100, #5501, #5026, .T. ) ;
#3808 = LINE ( 'NONE', #5523, #1403 ) ;
#3809 = VERTEX_POINT ( 'NONE', #4635 ) ;
#3810 = CIRCLE ( 'NONE', #4083, 0.2500000000000002220 ) ;
#3811 = LINE ( 'NONE', #5525, #2615 ) ;
#3812 = CARTESIAN_POINT ( 'NONE',  ( -2.000000000000000000, 7.535071816667000100, -3.550000000000000266 ) ) ;
#3813 = VECTOR ( 'NONE', #5384, 1000.000000000000000 ) ;
#3814 = CARTESIAN_POINT ( 'NONE',  ( 1.750000000000000000, 3.700000000000000178, -3.799999999999999822 ) ) ;
#3815 = CARTESIAN_POINT ( 'NONE',  ( -3.799999999999999822, 4.991207764517999301, -1.199999999999999956 ) ) ;
#3816 = ORIENTED_EDGE ( 'NONE', *, *, #2643, .T. ) ;
#3817 = ADVANCED_FACE ( 'NONE', ( #1202 ), #331, .F. ) ;
#3818 = EDGE_CURVE ( 'NONE', #3849, #2860, #2072, .T. ) ;
#3819 = EDGE_LOOP ( 'NONE', ( #2740, #3509, #940, #4493 ) ) ;
#3820 = CARTESIAN_POINT ( 'NONE',  ( -0.6999999999999999556, -1.100000000000000089, 0.0000000000000000000 ) ) ;
#3821 = FACE_OUTER_BOUND ( 'NONE', #2559, .T. ) ;
#3822 = CARTESIAN_POINT ( 'NONE',  ( -4.000000000000000000, 5.444198298232000077, -3.299999999999999822 ) ) ;
#3823 = EDGE_CURVE ( 'NONE', #1389, #5205, #2502, .T. ) ;
#3824 = ORIENTED_EDGE ( 'NONE', *, *, #4476, .T. ) ;
#3825 = ORIENTED_EDGE ( 'NONE', *, *, #4056, .T. ) ;
#3826 = VECTOR ( 'NONE', #511, 1000.000000000000000 ) ;
#3827 = EDGE_CURVE ( 'NONE', #1211, #2176, #1199, .T. ) ;
#3828 = CARTESIAN_POINT ( 'NONE',  ( -2.000000000000000000, 5.438904667305999752, 1.399999999999999911 ) ) ;
#3829 = DIRECTION ( 'NONE',  ( 0.0000000000000000000, -1.000000000000000000, 0.0000000000000000000 ) ) ;
#3830 = VERTEX_POINT ( 'NONE', #3287 ) ;
#3831 = CIRCLE ( 'NONE', #4909, 0.5000000000000000000 ) ;
#3832 = DIRECTION ( 'NONE',  ( 1.000000000000000000, 0.0000000000000000000, 0.0000000000000000000 ) ) ;
#3833 = CARTESIAN_POINT ( 'NONE',  ( 3.200000000000000178, 6.545008898986999668, -1.199999999999999956 ) ) ;
#3834 = CARTESIAN_POINT ( 'NONE',  ( 2.000000000000000000, 5.631967801696000642, -3.465053365821999964 ) ) ;
#3835 = DIRECTION ( 'NONE',  ( 1.000000000000000000, 0.0000000000000000000, 0.0000000000000000000 ) ) ;
#3836 = CARTESIAN_POINT ( 'NONE',  ( 22.56631033911999751, 5.444198298232000077, 1.399999999999999911 ) ) ;
#3837 = CARTESIAN_POINT ( 'NONE',  ( -6.049999999999999822, 1.100000000000000089, 1.649999999999999911 ) ) ;
#3838 = CARTESIAN_POINT ( 'NONE',  ( -1.750000000000000000, 3.950000000000000178, 9.330519999999999925 ) ) ;
#3839 = ADVANCED_FACE ( 'NONE', ( #3821 ), #414, .T. ) ;
#3840 = CARTESIAN_POINT ( 'NONE',  ( 3.200000000000000178, 6.343184738968999703, -0.7153331275076000306 ) ) ;
#3841 = ORIENTED_EDGE ( 'NONE', *, *, #2235, .T. ) ;
#3842 = VECTOR ( 'NONE', #2304, 1000.000000000000114 ) ;
#3843 = EDGE_LOOP ( 'NONE', ( #3103, #3401, #5110, #1068 ) ) ;
#3844 = CARTESIAN_POINT ( 'NONE',  ( 0.6999999999999999556, 0.0000000000000000000, 0.0000000000000000000 ) ) ;
#3845 = CARTESIAN_POINT ( 'NONE',  ( -3.799999999999999822, -1.100000000000000089, 0.0000000000000000000 ) ) ;
#3846 = ADVANCED_FACE ( 'NONE', ( #357 ), #3793, .F. ) ;
#3847 = EDGE_CURVE ( 'NONE', #1664, #3140, #1654, .T. ) ;
#3848 = DIRECTION ( 'NONE',  ( 0.0000000000000000000, 0.0000000000000000000, 1.000000000000000000 ) ) ;
#3849 = VERTEX_POINT ( 'NONE', #4163 ) ;
#3850 = VERTEX_POINT ( 'NONE', #1594 ) ;
#3851 = FACE_BOUND ( 'NONE', #5277, .T. ) ;
#3852 = LINE ( 'NONE', #1709, #1922 ) ;
#3853 = VERTEX_POINT ( 'NONE', #1167 ) ;
#3854 = CARTESIAN_POINT ( 'NONE',  ( -6.049999999999999822, 8.500000000000000000, 1.399999999999999911 ) ) ;
#3855 = EDGE_CURVE ( 'NONE', #2501, #1158, #800, .T. ) ;
#3856 = CARTESIAN_POINT ( 'NONE',  ( -1.500000000000000000, 7.250000000000000000, -3.799999999999999822 ) ) ;
#3857 = CARTESIAN_POINT ( 'NONE',  ( 4.250000000000000000, 7.500000000000000000, 1.649999999999999911 ) ) ;
#3858 = CARTESIAN_POINT ( 'NONE',  ( -3.799999999999999822, 0.0000000000000000000, 0.0000000000000000000 ) ) ;
#3859 = LINE ( 'NONE', #816, #636 ) ;
#3860 = DIRECTION ( 'NONE',  ( 0.0000000000000000000, 0.0000000000000000000, 1.000000000000000000 ) ) ;
#3861 = DIRECTION ( 'NONE',  ( -1.000000000000000000, 0.0000000000000000000, 0.0000000000000000000 ) ) ;
#3862 = ORIENTED_EDGE ( 'NONE', *, *, #2402, .F. ) ;
#3863 = ORIENTED_EDGE ( 'NONE', *, *, #4784, .T. ) ;
#3864 = VERTEX_POINT ( 'NONE', #4246 ) ;
#3865 = DIRECTION ( 'NONE',  ( -1.000000000000000000, 0.0000000000000000000, 0.0000000000000000000 ) ) ;
#3866 = CLOSED_SHELL ( 'NONE', ( #346, #584, #5473, #4733, #3105, #4372, #5392, #3982, #3649, #4038, #4549, #77, #1098, #612, #266, #4109, #4937, #1573, #2384, #3239, #2278, #2154, #743, #1128, #710, #5466, #5427, #2512, #675, #1766, #2307, #1079, #1683, #1825, #1831, #4202, #2879, #5369, #1391, #2788, #2517, #4303, #2173, #1452, #3224, #4158, #4649, #3839, #4508, #4834, #1127, #2673, #5478, #2030, #2644, #4236, #4543, #3508, #2169, #5166, #4764, #3435, #4339, #5298, #2347, #5011, #1200, #3914, #4968, #519, #2031, #5390, #5214, #5569, #315, #752, #4052, #5294, #1082, #1150, #1347, #307, #1767, #3127, #4889, #1191, #3044, #3817, #3489, #107, #1271, #5191, #4443, #336, #4833, #140, #3481, #988, #4582, #3892, #2545, #4346, #3846, #2022, #3281, #4130, #4134, #2983, #4315, #2270, #3233, #2577, #4776, #221, #4369, #529, #2745, #1718, #4876, #196, #418, #5048, #4278, #2989, #2710, #2087, #352, #5467, #1851, #3133, #3378, #1583, #4049, #1656, #1748, #4091, #3558, #4808, #1935, #2317, #1483, #5140, #5151, #5330, #2000, #1487, #5122, #3672, #1886, #3929, #5049, #4840, #3588, #1432, #4883, #1155, #1019, #1786, #3258, #1370, #4295, #2101, #3346, #3955, #949, #1541, #2420 ) ) ;
#3867 = CARTESIAN_POINT ( 'NONE',  ( 4.500000000000000000, 3.950000000000000178, 1.899999999999999911 ) ) ;
#3868 = CARTESIAN_POINT ( 'NONE',  ( -4.250000000000000000, 3.950000000000000178, -3.799999999999999822 ) ) ;
#3869 = VERTEX_POINT ( 'NONE', #1140 ) ;
#3870 = CIRCLE ( 'NONE', #4061, 0.2500000000000002220 ) ;
#3871 = EDGE_CURVE ( 'NONE', #4687, #201, #5534, .T. ) ;
#3872 = ORIENTED_EDGE ( 'NONE', *, *, #3067, .F. ) ;
#3873 = ORIENTED_EDGE ( 'NONE', *, *, #3059, .F. ) ;
#3874 = ORIENTED_EDGE ( 'NONE', *, *, #1125, .T. ) ;
#3875 = DIRECTION ( 'NONE',  ( 0.0000000000000000000, -0.8191520442890162235, -0.5735764363510111874 ) ) ;
#3876 = VECTOR ( 'NONE', #365, 1000.000000000000000 ) ;
#3877 = CARTESIAN_POINT ( 'NONE',  ( 3.200000000000000178, -1.100000000000000089, 0.0000000000000000000 ) ) ;
#3878 = DIRECTION ( 'NONE',  ( 0.0000000000000000000, 0.0000000000000000000, 1.000000000000000000 ) ) ;
#3879 = ORIENTED_EDGE ( 'NONE', *, *, #69, .T. ) ;
#3880 = DIRECTION ( 'NONE',  ( 0.0000000000000000000, 0.0000000000000000000, -1.000000000000000000 ) ) ;
#3881 = EDGE_CURVE ( 'NONE', #2919, #1664, #304, .T. ) ;
#3882 = VECTOR ( 'NONE', #3260, 1000.000000000000114 ) ;
#3883 = PLANE ( 'NONE',  #4986 ) ;
#3884 = LINE ( 'NONE', #948, #653 ) ;
#3885 = AXIS2_PLACEMENT_3D ( 'NONE', #434, #523, #4353 ) ;
#3886 = CARTESIAN_POINT ( 'NONE',  ( -2.000000000000000000, 3.950000000000000178, -3.550000000000000266 ) ) ;
#3887 = EDGE_LOOP ( 'NONE', ( #3607, #1218, #937, #2994 ) ) ;
#3888 = DIRECTION ( 'NONE',  ( 0.0000000000000000000, 0.0000000000000000000, 1.000000000000000000 ) ) ;
#3889 = CIRCLE ( 'NONE', #651, 0.7000000000000007327 ) ;
#3890 = AXIS2_PLACEMENT_3D ( 'NONE', #3186, #2338, #3969 ) ;
#3891 = LINE ( 'NONE', #1758, #575 ) ;
#3892 = ADVANCED_FACE ( 'NONE', ( #2131 ), #4999, .F. ) ;
#3893 = AXIS2_PLACEMENT_3D ( 'NONE', #2861, #4580, #714 ) ;
#3894 = AXIS2_PLACEMENT_3D ( 'NONE', #1882, #2362, #223 ) ;
#3895 = VERTEX_POINT ( 'NONE', #1399 ) ;
#3896 = VERTEX_POINT ( 'NONE', #469 ) ;
#3897 = ORIENTED_EDGE ( 'NONE', *, *, #4987, .T. ) ;
#3898 = FACE_OUTER_BOUND ( 'NONE', #2652, .T. ) ;
#3899 = CIRCLE ( 'NONE', #2196, 0.2500000000000002220 ) ;
#3900 = AXIS2_PLACEMENT_3D ( 'NONE', #441, #1655, #5559 ) ;
#3901 = LINE ( 'NONE', #1789, #5148 ) ;
#3902 = LINE ( 'NONE', #4713, #5070 ) ;
#3903 = VERTEX_POINT ( 'NONE', #933 ) ;
#3904 = AXIS2_PLACEMENT_3D ( 'NONE', #5416, #4996, #2857 ) ;
#3905 = EDGE_LOOP ( 'NONE', ( #3339, #2966, #5023, #2331 ) ) ;
#3906 = ORIENTED_EDGE ( 'NONE', *, *, #3547, .F. ) ;
#3907 = ORIENTED_EDGE ( 'NONE', *, *, #656, .F. ) ;
#3908 = CARTESIAN_POINT ( 'NONE',  ( 6.049999999999999822, 8.500000000000000000, 1.649999999999999911 ) ) ;
#3909 = DIRECTION ( 'NONE',  ( -1.000000000000000000, 0.0000000000000000000, 0.0000000000000000000 ) ) ;
#3910 = LINE ( 'NONE', #60, #2910 ) ;
#3911 = ORIENTED_EDGE ( 'NONE', *, *, #5389, .T. ) ;
#3912 = CIRCLE ( 'NONE', #319, 0.6999999999999999556 ) ;
#3913 = LINE ( 'NONE', #4001, #4683 ) ;
#3914 = ADVANCED_FACE ( 'NONE', ( #2662 ), #4387, .F. ) ;
#3915 = CARTESIAN_POINT ( 'NONE',  ( -4.250000000000000000, 3.950000000000000178, -3.550000000000000266 ) ) ;
#3916 = FACE_OUTER_BOUND ( 'NONE', #5170, .T. ) ;
#3917 = CIRCLE ( 'NONE', #3201, 0.7000000000000002887 ) ;
#3918 = DIRECTION ( 'NONE',  ( 0.0000000000000000000, 1.000000000000000000, 0.0000000000000000000 ) ) ;
#3919 = EDGE_LOOP ( 'NONE', ( #3816, #5111, #2957, #3576 ) ) ;
#3920 = CARTESIAN_POINT ( 'NONE',  ( -6.299999999999999822, 8.500000000000000000, -3.299999999999999822 ) ) ;
#3921 = EDGE_CURVE ( 'NONE', #854, #1224, #2155, .T. ) ;
#3922 = DIRECTION ( 'NONE',  ( 0.5773502691896257311, -0.5773502691896257311, -0.5773502691896257311 ) ) ;
#3923 = EDGE_CURVE ( 'NONE', #5143, #1739, #917, .T. ) ;
#3924 = LINE ( 'NONE', #2681, #3974 ) ;
#3925 = ORIENTED_EDGE ( 'NONE', *, *, #3309, .F. ) ;
#3926 = ORIENTED_EDGE ( 'NONE', *, *, #3930, .T. ) ;
#3927 = ORIENTED_EDGE ( 'NONE', *, *, #1625, .F. ) ;
#3928 = DIRECTION ( 'NONE',  ( -1.000000000000000000, 0.0000000000000000000, 0.0000000000000000000 ) ) ;
#3929 = ADVANCED_FACE ( 'NONE', ( #16 ), #1701, .T. ) ;
#3930 = EDGE_CURVE ( 'NONE', #4384, #790, #3462, .T. ) ;
#3931 = DIRECTION ( 'NONE',  ( 0.0000000000000000000, 0.0000000000000000000, 1.000000000000000000 ) ) ;
#3932 = AXIS2_PLACEMENT_3D ( 'NONE', #163, #2831, #1427 ) ;
#3933 = CYLINDRICAL_SURFACE ( 'NONE', #4795, 0.2500000000000000000 ) ;
#3934 = ORIENTED_EDGE ( 'NONE', *, *, #3748, .T. ) ;
#3935 = ORIENTED_EDGE ( 'NONE', *, *, #4845, .T. ) ;
#3936 = ORIENTED_EDGE ( 'NONE', *, *, #4914, .T. ) ;
#3937 = PRESENTATION_LAYER_ASSIGNMENT (  '', '', ( #4912 ) ) ;
#3938 = ORIENTED_EDGE ( 'NONE', *, *, #4763, .F. ) ;
#3939 = DIRECTION ( 'NONE',  ( 1.000000000000000000, 0.0000000000000000000, 0.0000000000000000000 ) ) ;
#3940 = DIRECTION ( 'NONE',  ( 1.000000000000000000, 0.0000000000000000000, 0.0000000000000000000 ) ) ;
#3941 = ORIENTED_EDGE ( 'NONE', *, *, #2896, .T. ) ;
#3942 = DIRECTION ( 'NONE',  ( 0.0000000000000000000, 0.0000000000000000000, 1.000000000000000000 ) ) ;
#3943 = CYLINDRICAL_SURFACE ( 'NONE', #141, 0.2500000000000002220 ) ;
#3944 = DIRECTION ( 'NONE',  ( 0.0000000000000000000, 0.0000000000000000000, 1.000000000000000000 ) ) ;
#3945 = CARTESIAN_POINT ( 'NONE',  ( 1.750000000000000000, 7.500000000000000000, -3.799999999999999822 ) ) ;
#3946 = VERTEX_POINT ( 'NONE', #5251 ) ;
#3947 = CARTESIAN_POINT ( 'NONE',  ( -3.799999999999999822, 0.0000000000000000000, -0.2000000000000000111 ) ) ;
#3948 = CARTESIAN_POINT ( 'NONE',  ( 0.6999999999999999556, -1.100000000000000089, -0.2000000000000000111 ) ) ;
#3949 = CYLINDRICAL_SURFACE ( 'NONE', #1642, 0.2500000000000002220 ) ;
#3950 = VERTEX_POINT ( 'NONE', #5167 ) ;
#3951 = ORIENTED_EDGE ( 'NONE', *, *, #1314, .T. ) ;
#3952 = ORIENTED_EDGE ( 'NONE', *, *, #2561, .F. ) ;
#3953 = EDGE_CURVE ( 'NONE', #58, #1990, #3119, .T. ) ;
#3954 = FACE_OUTER_BOUND ( 'NONE', #182, .T. ) ;
#3955 = ADVANCED_FACE ( 'NONE', ( #4822 ), #2631, .F. ) ;
#3956 = DIRECTION ( 'NONE',  ( -1.000000000000000000, 0.0000000000000000000, 0.0000000000000000000 ) ) ;
#3957 = LINE ( 'NONE', #242, #2470 ) ;
#3958 = VERTEX_POINT ( 'NONE', #5192 ) ;
#3959 = ORIENTED_EDGE ( 'NONE', *, *, #1298, .F. ) ;
#3960 = VECTOR ( 'NONE', #1700, 1000.000000000000114 ) ;
#3961 = DIRECTION ( 'NONE',  ( 1.000000000000000000, 0.0000000000000000000, 0.0000000000000000000 ) ) ;
#3962 = CARTESIAN_POINT ( 'NONE',  ( -2.000000000000000000, 5.819737305159000229, 1.730106731643000106 ) ) ;
#3963 = PLANE ( 'NONE',  #5066 ) ;
#3964 = VECTOR ( 'NONE', #3136, 1000.000000000000000 ) ;
#3965 = ORIENTED_EDGE ( 'NONE', *, *, #4487, .F. ) ;
#3966 = CARTESIAN_POINT ( 'NONE',  ( -6.049999999999999822, 8.500000000000000000, -3.299999999999999822 ) ) ;
#3967 = CIRCLE ( 'NONE', #1989, 0.2500000000000000000 ) ;
#3968 = LINE ( 'NONE', #3154, #5051 ) ;
#3969 = DIRECTION ( 'NONE',  ( -1.000000000000000000, 0.0000000000000000000, 0.0000000000000000000 ) ) ;
#3970 = CIRCLE ( 'NONE', #5132, 0.2500000000000000000 ) ;
#3971 = CARTESIAN_POINT ( 'NONE',  ( 4.000000000000000000, 5.631967801696000642, -3.465053365821999964 ) ) ;
#3972 = EDGE_LOOP ( 'NONE', ( #5227, #4660, #2911, #603, #2870, #4644 ) ) ;
#3973 = CARTESIAN_POINT ( 'NONE',  ( -0.6999999999999999556, -1.500000000000000000, 0.0000000000000000000 ) ) ;
#3974 = VECTOR ( 'NONE', #844, 1000.000000000000114 ) ;
#3975 = DIRECTION ( 'NONE',  ( 0.0000000000000000000, -1.000000000000000000, 0.0000000000000000000 ) ) ;
#3976 = LINE ( 'NONE', #4706, #1821 ) ;
#3977 = DIRECTION ( 'NONE',  ( 0.0000000000000000000, -0.7071067811865475727, -0.7071067811865475727 ) ) ;
#3978 = VERTEX_POINT ( 'NONE', #1340 ) ;
#3979 = AXIS2_PLACEMENT_3D ( 'NONE', #2963, #2538, #5406 ) ;
#3980 = ORIENTED_EDGE ( 'NONE', *, *, #105, .T. ) ;
#3981 = CARTESIAN_POINT ( 'NONE',  ( 7.900000000000000355, 1.199999999999999956, 1.750000000000000000 ) ) ;
#3982 = ADVANCED_FACE ( 'NONE', ( #4360, #3009, #2217, #4762, #551 ), #2267, .T. ) ;
#3983 = CARTESIAN_POINT ( 'NONE',  ( -3.200000000000000178, 4.642518405394000069, -1.199999999999999956 ) ) ;
#3984 = VECTOR ( 'NONE', #2833, 1000.000000000000000 ) ;
#3985 = VECTOR ( 'NONE', #1995, 1000.000000000000000 ) ;
#3986 = EDGE_CURVE ( 'NONE', #1703, #1501, #2807, .T. ) ;
#3987 = CARTESIAN_POINT ( 'NONE',  ( 4.000000000000000000, 7.540000000000000036, 1.649999999999999911 ) ) ;
#3988 = ORIENTED_EDGE ( 'NONE', *, *, #5265, .F. ) ;
#3989 = CARTESIAN_POINT ( 'NONE',  ( 6.550000000000000711, 1.199999999999999956, 0.0000000000000000000 ) ) ;
#3990 = VERTEX_POINT ( 'NONE', #2603 ) ;
#3991 = VECTOR ( 'NONE', #3308, 1000.000000000000000 ) ;
#3992 = VECTOR ( 'NONE', #3657, 1000.000000000000000 ) ;
#3993 = EDGE_CURVE ( 'NONE', #4313, #541, #4328, .T. ) ;
#3994 = ORIENTED_EDGE ( 'NONE', *, *, #2643, .F. ) ;
#3995 = CARTESIAN_POINT ( 'NONE',  ( -2.000000000000000000, 7.500000000000000000, 1.649999999999999911 ) ) ;
#3996 = CARTESIAN_POINT ( 'NONE',  ( 3.799999999999999822, 4.642518405394000069, -1.199999999999999956 ) ) ;
#3997 = EDGE_CURVE ( 'NONE', #5161, #1837, #3901, .T. ) ;
#3998 = CARTESIAN_POINT ( 'NONE',  ( 1.750000000000000000, 3.700000000000000178, -3.550000000000000266 ) ) ;
#3999 = VECTOR ( 'NONE', #2558, 1000.000000000000000 ) ;
#4000 = VERTEX_POINT ( 'NONE', #499 ) ;
#4001 = CARTESIAN_POINT ( 'NONE',  ( -1.300000000000000044, 6.343184738968999703, -0.7153331275076000306 ) ) ;
#4002 = CARTESIAN_POINT ( 'NONE',  ( 2.000000000000000000, 7.200000000000000178, 1.649999999999999911 ) ) ;
#4003 = PLANE ( 'NONE',  #1469 ) ;
#4004 = AXIS2_PLACEMENT_3D ( 'NONE', #4206, #5521, #344 ) ;
#4005 = CARTESIAN_POINT ( 'NONE',  ( 2.000000000000000000, 7.200000000000000178, 1.649999999999999911 ) ) ;
#4006 = VERTEX_POINT ( 'NONE', #78 ) ;
#4007 = CARTESIAN_POINT ( 'NONE',  ( 4.000000000000000000, 5.627064597892998954, 1.564608142329999785 ) ) ;
#4008 = VECTOR ( 'NONE', #3639, 1000.000000000000000 ) ;
#4009 = FACE_OUTER_BOUND ( 'NONE', #2276, .T. ) ;
#4010 = DIRECTION ( 'NONE',  ( 0.0000000000000000000, 1.000000000000000000, 0.0000000000000000000 ) ) ;
#4011 = DIRECTION ( 'NONE',  ( 0.0000000000000000000, 1.000000000000000000, 0.0000000000000000000 ) ) ;
#4012 = ORIENTED_EDGE ( 'NONE', *, *, #3025, .T. ) ;
#4013 = ORIENTED_EDGE ( 'NONE', *, *, #1625, .T. ) ;
#4014 = FACE_OUTER_BOUND ( 'NONE', #1970, .T. ) ;
#4015 = DIRECTION ( 'NONE',  ( 0.0000000000000000000, 0.0000000000000000000, 1.000000000000000000 ) ) ;
#4016 = DIRECTION ( 'NONE',  ( 0.0000000000000000000, 0.0000000000000000000, 1.000000000000000000 ) ) ;
#4017 = EDGE_LOOP ( 'NONE', ( #3934, #1792, #1278, #1198 ) ) ;
#4018 = CARTESIAN_POINT ( 'NONE',  ( -0.6999999999999999556, 6.827851611462000037, -1.199999999999999956 ) ) ;
#4019 = EDGE_CURVE ( 'NONE', #1774, #1903, #302, .T. ) ;
#4020 = ORIENTED_EDGE ( 'NONE', *, *, #841, .T. ) ;
#4021 = LINE ( 'NONE', #5422, #1378 ) ;
#4022 = CARTESIAN_POINT ( 'NONE',  ( -4.000000000000000000, 5.444198298232000077, -3.550000000000000266 ) ) ;
#4023 = FACE_OUTER_BOUND ( 'NONE', #4758, .T. ) ;
#4024 = ORIENTED_EDGE ( 'NONE', *, *, #5183, .F. ) ;
#4025 = VECTOR ( 'NONE', #1489, 1000.000000000000000 ) ;
#4026 = EDGE_CURVE ( 'NONE', #1027, #5133, #1424, .T. ) ;
#4027 = EDGE_CURVE ( 'NONE', #872, #2669, #4877, .T. ) ;
#4028 = LINE ( 'NONE', #3210, #4686 ) ;
#4029 = COLOUR_RGB ( '',0.7921568627450980005, 0.8196078431372548767, 0.9333333333333333481 ) ;
#4030 = DIRECTION ( 'NONE',  ( -1.000000000000000000, 0.0000000000000000000, 0.0000000000000000000 ) ) ;
#4031 = EDGE_CURVE ( 'NONE', #586, #1501, #4847, .T. ) ;
#4032 = EDGE_CURVE ( 'NONE', #1285, #3654, #241, .T. ) ;
#4033 = CARTESIAN_POINT ( 'NONE',  ( -3.200000000000000178, -1.500000000000000000, 0.0000000000000000000 ) ) ;
#4034 = VERTEX_POINT ( 'NONE', #985 ) ;
#4035 = CARTESIAN_POINT ( 'NONE',  ( 4.250000000000000000, 3.950000000000000178, -3.799999999999999822 ) ) ;
#4036 = DIRECTION ( 'NONE',  ( 0.0000000000000000000, 0.0000000000000000000, -1.000000000000000000 ) ) ;
#4037 = CARTESIAN_POINT ( 'NONE',  ( 1.300000000000000044, 0.0000000000000000000, 0.0000000000000000000 ) ) ;
#4038 = ADVANCED_FACE ( 'NONE', ( #3249 ), #2714, .F. ) ;
#4039 = FACE_OUTER_BOUND ( 'NONE', #4187, .T. ) ;
#4040 = ORIENTED_EDGE ( 'NONE', *, *, #3273, .F. ) ;
#4041 = ORIENTED_EDGE ( 'NONE', *, *, #3742, .F. ) ;
#4042 = LINE ( 'NONE', #3593, #214 ) ;
#4043 = CARTESIAN_POINT ( 'NONE',  ( 1.750000000000000000, 3.950000000000000178, 1.649999999999999911 ) ) ;
#4044 = DIRECTION ( 'NONE',  ( 1.000000000000000000, 0.0000000000000000000, 0.0000000000000000000 ) ) ;
#4045 = EDGE_LOOP ( 'NONE', ( #3571, #4357, #1132, #4759 ) ) ;
#4046 = ORIENTED_EDGE ( 'NONE', *, *, #3412, .T. ) ;
#4047 = CARTESIAN_POINT ( 'NONE',  ( -3.200000000000000178, 0.0000000000000000000, -0.2000000000000000111 ) ) ;
#4048 = DIRECTION ( 'NONE',  ( 0.0000000000000000000, 0.0000000000000000000, -1.000000000000000000 ) ) ;
#4049 = ADVANCED_FACE ( 'NONE', ( #2744 ), #2827, .F. ) ;
#4050 = EDGE_LOOP ( 'NONE', ( #5387, #2883, #1372, #802, #3988, #283, #1853, #3584, #442 ) ) ;
#4051 = CYLINDRICAL_SURFACE ( 'NONE', #2798, 0.9715120994360998408 ) ;
#4052 = ADVANCED_FACE ( 'NONE', ( #3170 ), #583, .T. ) ;
#4053 = VECTOR ( 'NONE', #1560, 1000.000000000000000 ) ;
#4054 = LINE ( 'NONE', #1912, #3438 ) ;
#4055 = FACE_OUTER_BOUND ( 'NONE', #2635, .T. ) ;
#4056 = EDGE_CURVE ( 'NONE', #4006, #3950, #1070, .T. ) ;
#4057 = EDGE_CURVE ( 'NONE', #1793, #5181, #4042, .T. ) ;
#4058 = ORIENTED_EDGE ( 'NONE', *, *, #2780, .F. ) ;
#4059 = CARTESIAN_POINT ( 'NONE',  ( 1.500000000000000000, 7.500000000000000000, -3.799999999999999822 ) ) ;
#4060 = ORIENTED_EDGE ( 'NONE', *, *, #2997, .F. ) ;
#4061 = AXIS2_PLACEMENT_3D ( 'NONE', #1502, #2001, #287 ) ;
#4062 = DIRECTION ( 'NONE',  ( 1.000000000000000000, 0.0000000000000000000, 0.0000000000000000000 ) ) ;
#4063 = DIRECTION ( 'NONE',  ( 0.0000000000000000000, 0.0000000000000000000, 1.000000000000000000 ) ) ;
#4064 = DIRECTION ( 'NONE',  ( 0.0000000000000000000, 0.0000000000000000000, 1.000000000000000000 ) ) ;
#4065 = AXIS2_PLACEMENT_3D ( 'NONE', #147, #1858, #5229 ) ;
#4066 = EDGE_CURVE ( 'NONE', #4506, #5481, #184, .T. ) ;
#4067 = DIRECTION ( 'NONE',  ( 0.0000000000000000000, -1.000000000000000000, 0.0000000000000000000 ) ) ;
#4068 = ORIENTED_EDGE ( 'NONE', *, *, #3332, .T. ) ;
#4069 = ORIENTED_EDGE ( 'NONE', *, *, #1957, .F. ) ;
#4070 = FACE_OUTER_BOUND ( 'NONE', #1507, .T. ) ;
#4071 = CIRCLE ( 'NONE', #18, 0.5000000000000000000 ) ;
#4072 = EDGE_CURVE ( 'NONE', #3312, #1470, #5331, .T. ) ;
#4073 = DIRECTION ( 'NONE',  ( 1.000000000000000000, 0.0000000000000000000, 0.0000000000000000000 ) ) ;
#4074 = VECTOR ( 'NONE', #601, 1000.000000000000000 ) ;
#4075 = VERTEX_POINT ( 'NONE', #2385 ) ;
#4076 = ORIENTED_EDGE ( 'NONE', *, *, #98, .F. ) ;
#4077 = VECTOR ( 'NONE', #4590, 1000.000000000000000 ) ;
#4078 = VECTOR ( 'NONE', #4727, 1000.000000000000000 ) ;
#4079 = CARTESIAN_POINT ( 'NONE',  ( 6.049999999999999822, 8.500000000000000000, -3.299999999999999822 ) ) ;
#4080 = CARTESIAN_POINT ( 'NONE',  ( -7.900000000000000355, 6.500000000000000000, -0.2500000000000000000 ) ) ;
#4081 = AXIS2_PLACEMENT_3D ( 'NONE', #438, #4737, #876 ) ;
#4082 = EDGE_LOOP ( 'NONE', ( #1811, #5477, #5090, #3347, #3157, #2478, #3686, #982 ) ) ;
#4083 = AXIS2_PLACEMENT_3D ( 'NONE', #143, #994, #5282 ) ;
#4084 = CARTESIAN_POINT ( 'NONE',  ( 2.000000000000000000, 7.500000000000000000, -3.550000000000000266 ) ) ;
#4085 = EDGE_CURVE ( 'NONE', #1794, #58, #1954, .T. ) ;
#4086 = VECTOR ( 'NONE', #3922, 1000.000000000000114 ) ;
#4087 = VECTOR ( 'NONE', #1768, 1000.000000000000000 ) ;
#4088 = CARTESIAN_POINT ( 'NONE',  ( 6.049999999999999822, 8.500000000000000000, -3.299999999999999822 ) ) ;
#4089 = DIRECTION ( 'NONE',  ( 0.0000000000000000000, 0.0000000000000000000, 1.000000000000000000 ) ) ;
#4090 = ORIENTED_EDGE ( 'NONE', *, *, #5504, .T. ) ;
#4091 = ADVANCED_FACE ( 'NONE', ( #3734 ), #1245, .T. ) ;
#4092 = CARTESIAN_POINT ( 'NONE',  ( 6.049999999999999822, 8.500000000000000000, -3.799999999999999822 ) ) ;
#4093 = EDGE_CURVE ( 'NONE', #1499, #1735, #2041, .T. ) ;
#4094 = CARTESIAN_POINT ( 'NONE',  ( 4.500000000000000000, 5.700000000000000178, 1.899999999999999911 ) ) ;
#4095 = EDGE_CURVE ( 'NONE', #5380, #3869, #3786, .T. ) ;
#4096 = DIRECTION ( 'NONE',  ( -0.5773502691896257311, -0.5773502691896257311, -0.5773502691896257311 ) ) ;
#4097 = LINE ( 'NONE', #2819, #4074 ) ;
#4098 = CARTESIAN_POINT ( 'NONE',  ( 1.750000000000000000, 3.950000000000000178, -11.23052000000000028 ) ) ;
#4099 = ORIENTED_EDGE ( 'NONE', *, *, #2854, .F. ) ;
#4100 = VERTEX_POINT ( 'NONE', #353 ) ;
#4101 = CARTESIAN_POINT ( 'NONE',  ( 1.750000000000000000, 7.500000000000000000, -3.799999999999999822 ) ) ;
#4102 = CIRCLE ( 'NONE', #1668, 0.2500000000000002220 ) ;
#4103 = EDGE_CURVE ( 'NONE', #3514, #2522, #5104, .T. ) ;
#4104 = DIRECTION ( 'NONE',  ( 1.000000000000000000, 0.0000000000000000000, 0.0000000000000000000 ) ) ;
#4105 = LINE ( 'NONE', #3673, #5429 ) ;
#4106 = VECTOR ( 'NONE', #5460, 1000.000000000000000 ) ;
#4107 = VERTEX_POINT ( 'NONE', #4129 ) ;
#4108 = DIRECTION ( 'NONE',  ( -1.000000000000000000, 0.0000000000000000000, 0.0000000000000000000 ) ) ;
#4109 = ADVANCED_FACE ( 'NONE', ( #818 ), #2942, .T. ) ;
#4110 = EDGE_LOOP ( 'NONE', ( #1961, #5126, #1309, #1940, #3765, #2485, #1177, #4233 ) ) ;
#4111 = CARTESIAN_POINT ( 'NONE',  ( 1.300000000000000044, 6.201763382732000451, -0.8567544837448999306 ) ) ;
#4112 = DIRECTION ( 'NONE',  ( 0.0000000000000000000, 1.000000000000000000, 0.0000000000000000000 ) ) ;
#4113 = ORIENTED_EDGE ( 'NONE', *, *, #2096, .F. ) ;
#4114 = CARTESIAN_POINT ( 'NONE',  ( -2.000000000000000000, 5.444198298232000077, 1.399999999999999911 ) ) ;
#4115 = CARTESIAN_POINT ( 'NONE',  ( 0.0000000000000000000, 0.0000000000000000000, 0.0000000000000000000 ) ) ;
#4116 = LINE ( 'NONE', #2482, #4444 ) ;
#4117 = VECTOR ( 'NONE', #4256, 1000.000000000000000 ) ;
#4118 = VERTEX_POINT ( 'NONE', #378 ) ;
#4119 = CARTESIAN_POINT ( 'NONE',  ( 7.649999999999999467, 0.0000000000000000000, 1.750000000000000000 ) ) ;
#4120 = ORIENTED_EDGE ( 'NONE', *, *, #860, .F. ) ;
#4121 = LINE ( 'NONE', #1063, #1627 ) ;
#4122 = DIRECTION ( 'NONE',  ( 0.0000000000000000000, 1.000000000000000000, 0.0000000000000000000 ) ) ;
#4123 = DIRECTION ( 'NONE',  ( 0.0000000000000000000, 0.0000000000000000000, -1.000000000000000000 ) ) ;
#4124 = CARTESIAN_POINT ( 'NONE',  ( 0.6999999999999999556, 0.0000000000000000000, 0.0000000000000000000 ) ) ;
#4125 = DIRECTION ( 'NONE',  ( 0.0000000000000000000, 0.5735764363510111874, -0.8191520442890162235 ) ) ;
#4126 = ORIENTED_EDGE ( 'NONE', *, *, #2438, .F. ) ;
#4127 = VERTEX_POINT ( 'NONE', #3279 ) ;
#4128 = FACE_OUTER_BOUND ( 'NONE', #464, .T. ) ;
#4129 = CARTESIAN_POINT ( 'NONE',  ( -3.200000000000000178, -1.100000000000000089, 0.0000000000000000000 ) ) ;
#4130 = ADVANCED_FACE ( 'NONE', ( #3698 ), #5019, .F. ) ;
#4131 = CARTESIAN_POINT ( 'NONE',  ( -4.250000000000000000, 7.500000000000000000, 1.899999999999999911 ) ) ;
#4132 = CARTESIAN_POINT ( 'NONE',  ( 6.550000000000000711, 5.299999999999999822, -0.2500000000000000000 ) ) ;
#4133 = EDGE_CURVE ( 'NONE', #5450, #2335, #1009, .T. ) ;
#4134 = ADVANCED_FACE ( 'NONE', ( #2011 ), #5447, .F. ) ;
#4135 = VERTEX_POINT ( 'NONE', #2878 ) ;
#4136 = SURFACE_SIDE_STYLE ('',( #1535 ) ) ;
#4137 = ORIENTED_EDGE ( 'NONE', *, *, #785, .F. ) ;
#4138 = CARTESIAN_POINT ( 'NONE',  ( -1.300000000000000044, 4.991207764517999301, -1.199999999999999956 ) ) ;
#4139 = DIRECTION ( 'NONE',  ( 0.0000000000000000000, 0.0000000000000000000, -1.000000000000000000 ) ) ;
#4140 = ORIENTED_EDGE ( 'NONE', *, *, #3108, .T. ) ;
#4141 = DIRECTION ( 'NONE',  ( 0.0000000000000000000, 1.000000000000000000, 0.0000000000000000000 ) ) ;
#4142 = EDGE_CURVE ( 'NONE', #962, #2193, #2092, .T. ) ;
#4143 = CARTESIAN_POINT ( 'NONE',  ( 6.049999999999999822, 8.500000000000000000, -3.550000000000000266 ) ) ;
#4144 = DIRECTION ( 'NONE',  ( 0.0000000000000000000, 0.0000000000000000000, -1.000000000000000000 ) ) ;
#4145 = VERTEX_POINT ( 'NONE', #3390 ) ;
#4146 = DIRECTION ( 'NONE',  ( 0.0000000000000000000, 1.000000000000000000, 0.0000000000000000000 ) ) ;
#4147 = ORIENTED_EDGE ( 'NONE', *, *, #1062, .F. ) ;
#4148 = CARTESIAN_POINT ( 'NONE',  ( -5.500000000000000000, 8.000000000000000000, -1.500000000000000000 ) ) ;
#4149 = VECTOR ( 'NONE', #2298, 1000.000000000000000 ) ;
#4150 = CARTESIAN_POINT ( 'NONE',  ( -3.200000000000000178, 4.991207764517999301, -1.199999999999999956 ) ) ;
#4151 = AXIS2_PLACEMENT_3D ( 'NONE', #1579, #2371, #3641 ) ;
#4152 = DIRECTION ( 'NONE',  ( -1.000000000000000000, 0.0000000000000000000, 0.0000000000000000000 ) ) ;
#4153 = VERTEX_POINT ( 'NONE', #5044 ) ;
#4154 = ORIENTED_EDGE ( 'NONE', *, *, #1788, .F. ) ;
#4155 = DIRECTION ( 'NONE',  ( 0.0000000000000000000, 0.0000000000000000000, 1.000000000000000000 ) ) ;
#4156 = AXIS2_PLACEMENT_3D ( 'NONE', #2228, #1296, #3129 ) ;
#4157 = CARTESIAN_POINT ( 'NONE',  ( -4.250000000000000000, 7.250000000000000000, -11.23052000000000028 ) ) ;
#4158 = ADVANCED_FACE ( 'NONE', ( #5472 ), #1188, .T. ) ;
#4159 = DIRECTION ( 'NONE',  ( 0.0000000000000000000, -1.000000000000000000, 0.0000000000000000000 ) ) ;
#4160 = ORIENTED_EDGE ( 'NONE', *, *, #3108, .F. ) ;
#4161 = ORIENTED_EDGE ( 'NONE', *, *, #2479, .F. ) ;
#4162 = EDGE_CURVE ( 'NONE', #1984, #3515, #792, .T. ) ;
#4163 = CARTESIAN_POINT ( 'NONE',  ( -0.6999999999999999556, -1.100000000000000089, 0.0000000000000000000 ) ) ;
#4164 = CARTESIAN_POINT ( 'NONE',  ( 6.550000000000000711, 0.0000000000000000000, -3.799999999999999822 ) ) ;
#4165 = ORIENTED_EDGE ( 'NONE', *, *, #1204, .F. ) ;
#4166 = CIRCLE ( 'NONE', #4692, 0.2500000000000002220 ) ;
#4167 = EDGE_CURVE ( 'NONE', #3362, #4843, #3366, .T. ) ;
#4168 = AXIS2_PLACEMENT_3D ( 'NONE', #5344, #174, #2288 ) ;
#4169 = ORIENTED_EDGE ( 'NONE', *, *, #2068, .T. ) ;
#4170 = CARTESIAN_POINT ( 'NONE',  ( -4.000000000000000000, 5.819737305159000229, -3.630106731642999573 ) ) ;
#4171 = VECTOR ( 'NONE', #4521, 1000.000000000000114 ) ;
#4172 = LINE ( 'NONE', #310, #2282 ) ;
#4173 = AXIS2_PLACEMENT_3D ( 'NONE', #3747, #2079, #757 ) ;
#4174 = ORIENTED_EDGE ( 'NONE', *, *, #2166, .F. ) ;
#4175 = DIRECTION ( 'NONE',  ( 0.0000000000000000000, 0.0000000000000000000, 1.000000000000000000 ) ) ;
#4176 = VERTEX_POINT ( 'NONE', #2518 ) ;
#4177 = DIRECTION ( 'NONE',  ( 0.0000000000000000000, 0.0000000000000000000, 1.000000000000000000 ) ) ;
#4178 = VECTOR ( 'NONE', #4221, 1000.000000000000000 ) ;
#4179 = CARTESIAN_POINT ( 'NONE',  ( -6.299999999999999822, 8.500000000000000000, -3.299999999999999822 ) ) ;
#4180 = PLANE ( 'NONE',  #4965 ) ;
#4181 = DIRECTION ( 'NONE',  ( 0.0000000000000000000, 0.0000000000000000000, -1.000000000000000000 ) ) ;
#4182 = ORIENTED_EDGE ( 'NONE', *, *, #2239, .F. ) ;
#4183 = VERTEX_POINT ( 'NONE', #4213 ) ;
#4184 = CARTESIAN_POINT ( 'NONE',  ( -2.000000000000000000, 7.540000000000000036, 1.649999999999999911 ) ) ;
#4185 = CARTESIAN_POINT ( 'NONE',  ( 2.000000000000000000, 6.549418683239000671, -4.271512099436000298 ) ) ;
#4186 = LINE ( 'NONE', #2043, #3710 ) ;
#4187 = EDGE_LOOP ( 'NONE', ( #1897, #2601, #3196, #1289 ) ) ;
#4188 = ORIENTED_EDGE ( 'NONE', *, *, #3720, .F. ) ;
#4189 = VECTOR ( 'NONE', #2171, 1000.000000000000000 ) ;
#4190 = PRESENTATION_STYLE_ASSIGNMENT (( #5052 ) ) ;
#4191 = ORIENTED_EDGE ( 'NONE', *, *, #1815, .T. ) ;
#4192 = CARTESIAN_POINT ( 'NONE',  ( 4.500000000000000000, 7.250000000000000000, -3.799999999999999822 ) ) ;
#4193 = VECTOR ( 'NONE', #3918, 1000.000000000000000 ) ;
#4194 = LINE ( 'NONE', #3256, #4791 ) ;
#4195 = EDGE_LOOP ( 'NONE', ( #3246, #4473, #2076, #1945 ) ) ;
#4196 = ORIENTED_EDGE ( 'NONE', *, *, #2348, .F. ) ;
#4197 = CARTESIAN_POINT ( 'NONE',  ( -7.900000000000000355, 5.299999999999999822, 0.0000000000000000000 ) ) ;
#4198 = CARTESIAN_POINT ( 'NONE',  ( -5.500000000000000000, 8.000000000000000000, -2.750000000000000000 ) ) ;
#4199 = ORIENTED_EDGE ( 'NONE', *, *, #5439, .F. ) ;
#4200 = DIRECTION ( 'NONE',  ( 0.0000000000000000000, 0.0000000000000000000, -1.000000000000000000 ) ) ;
#4201 = EDGE_CURVE ( 'NONE', #5105, #4799, #5498, .T. ) ;
#4202 = ADVANCED_FACE ( 'NONE', ( #2547, #2573 ), #432, .T. ) ;
#4203 = ORIENTED_EDGE ( 'NONE', *, *, #3266, .T. ) ;
#4204 = LINE ( 'NONE', #5069, #15 ) ;
#4205 = DIRECTION ( 'NONE',  ( 0.0000000000000000000, -0.7071067811865474617, 0.7071067811865474617 ) ) ;
#4206 = CARTESIAN_POINT ( 'NONE',  ( -0.6999999999999999556, 0.0000000000000000000, -0.2000000000000000111 ) ) ;
#4207 = PRESENTATION_LAYER_ASSIGNMENT (  '', '', ( #1953 ) ) ;
#4208 = CARTESIAN_POINT ( 'NONE',  ( 3.799999999999999822, 5.848209992139000057, -1.210307874338000023 ) ) ;
#4209 = VERTEX_POINT ( 'NONE', #8 ) ;
#4210 = EDGE_LOOP ( 'NONE', ( #3911, #2237, #4243, #1345 ) ) ;
#4211 = LINE ( 'NONE', #350, #2257 ) ;
#4212 = AXIS2_PLACEMENT_3D ( 'NONE', #2771, #4554, #4108 ) ;
#4213 = CARTESIAN_POINT ( 'NONE',  ( 6.299999999999999822, 1.100000000000000089, 1.399999999999999911 ) ) ;
#4214 = LINE ( 'NONE', #2125, #2091 ) ;
#4215 = EDGE_CURVE ( 'NONE', #645, #3175, #408, .T. ) ;
#4216 = LINE ( 'NONE', #354, #29 ) ;
#4217 = VERTEX_POINT ( 'NONE', #1723 ) ;
#4218 = ORIENTED_EDGE ( 'NONE', *, *, #3195, .T. ) ;
#4219 = DIRECTION ( 'NONE',  ( 1.000000000000000000, 0.0000000000000000000, 0.0000000000000000000 ) ) ;
#4220 = DIRECTION ( 'NONE',  ( 0.0000000000000000000, 0.7071067811865477948, 0.7071067811865472397 ) ) ;
#4221 = DIRECTION ( 'NONE',  ( 0.0000000000000000000, 0.0000000000000000000, 1.000000000000000000 ) ) ;
#4222 = ORIENTED_EDGE ( 'NONE', *, *, #510, .T. ) ;
#4223 = ORIENTED_EDGE ( 'NONE', *, *, #4771, .T. ) ;
#4224 = DIRECTION ( 'NONE',  ( 1.000000000000000000, 0.0000000000000000000, 0.0000000000000000000 ) ) ;
#4225 = LINE ( 'NONE', #4585, #2556 ) ;
#4226 = ORIENTED_EDGE ( 'NONE', *, *, #473, .F. ) ;
#4227 = DIRECTION ( 'NONE',  ( 1.000000000000000000, 0.0000000000000000000, 0.0000000000000000000 ) ) ;
#4228 = CARTESIAN_POINT ( 'NONE',  ( -6.550000000000000711, 0.0000000000000000000, -0.2500000000000000000 ) ) ;
#4229 = DIRECTION ( 'NONE',  ( 0.0000000000000000000, 0.0000000000000000000, 1.000000000000000000 ) ) ;
#4230 = DIRECTION ( 'NONE',  ( -1.000000000000000000, 0.0000000000000000000, 0.0000000000000000000 ) ) ;
#4231 = LINE ( 'NONE', #1528, #57 ) ;
#4232 = ORIENTED_EDGE ( 'NONE', *, *, #1232, .F. ) ;
#4233 = ORIENTED_EDGE ( 'NONE', *, *, #3647, .T. ) ;
#4234 = AXIS2_PLACEMENT_3D ( 'NONE', #3167, #1873, #959 ) ;
#4235 = CARTESIAN_POINT ( 'NONE',  ( -3.799999999999999822, 4.642518405394000069, -1.199999999999999956 ) ) ;
#4236 = ADVANCED_FACE ( 'NONE', ( #2624 ), #2124, .T. ) ;
#4237 = DIRECTION ( 'NONE',  ( 0.0000000000000000000, -1.000000000000000000, -1.266228134301000063E-14 ) ) ;
#4238 = EDGE_CURVE ( 'NONE', #3896, #4824, #1807, .T. ) ;
#4239 = CARTESIAN_POINT ( 'NONE',  ( -3.799999999999999822, 5.848209992139000057, -1.210307874338000023 ) ) ;
#4240 = AXIS2_PLACEMENT_3D ( 'NONE', #4292, #2941, #3365 ) ;
#4241 = LINE ( 'NONE', #4377, #913 ) ;
#4242 = ORIENTED_EDGE ( 'NONE', *, *, #2743, .T. ) ;
#4243 = ORIENTED_EDGE ( 'NONE', *, *, #2651, .F. ) ;
#4244 = ORIENTED_EDGE ( 'NONE', *, *, #4579, .T. ) ;
#4245 = CIRCLE ( 'NONE', #2528, 0.2500000000000002220 ) ;
#4246 = CARTESIAN_POINT ( 'NONE',  ( -0.6999999999999999556, -1.100000000000000089, -0.2000000000000000111 ) ) ;
#4247 = CARTESIAN_POINT ( 'NONE',  ( -3.200000000000000178, 4.642518405394000069, -1.199999999999999956 ) ) ;
#4248 = VECTOR ( 'NONE', #2936, 1000.000000000000000 ) ;
#4249 = EDGE_LOOP ( 'NONE', ( #1765, #466, #3757, #4577 ) ) ;
#4250 = ORIENTED_EDGE ( 'NONE', *, *, #2604, .T. ) ;
#4251 = VECTOR ( 'NONE', #4224, 1000.000000000000000 ) ;
#4252 = DIRECTION ( 'NONE',  ( 0.0000000000000000000, 1.000000000000000000, 0.0000000000000000000 ) ) ;
#4253 = LINE ( 'NONE', #396, #5421 ) ;
#4254 = ORIENTED_EDGE ( 'NONE', *, *, #2889, .T. ) ;
#4255 = VECTOR ( 'NONE', #4855, 1000.000000000000000 ) ;
#4256 = DIRECTION ( 'NONE',  ( 0.0000000000000000000, 0.0000000000000000000, -1.000000000000000000 ) ) ;
#4257 = EDGE_CURVE ( 'NONE', #2945, #83, #869, .T. ) ;
#4258 = DIRECTION ( 'NONE',  ( -1.000000000000000000, 0.0000000000000000000, 0.0000000000000000000 ) ) ;
#4259 = VECTOR ( 'NONE', #2975, 1000.000000000000000 ) ;
#4260 = VECTOR ( 'NONE', #361, 1000.000000000000000 ) ;
#4261 = DIRECTION ( 'NONE',  ( 0.0000000000000000000, 0.0000000000000000000, 1.000000000000000000 ) ) ;
#4262 = DIRECTION ( 'NONE',  ( 1.000000000000000000, 0.0000000000000000000, 0.0000000000000000000 ) ) ;
#4263 = CARTESIAN_POINT ( 'NONE',  ( -7.400000000000000355, 0.0000000000000000000, -0.2500000000000000000 ) ) ;
#4264 = VERTEX_POINT ( 'NONE', #44 ) ;
#4265 = AXIS2_PLACEMENT_3D ( 'NONE', #670, #3321, #252 ) ;
#4266 = DIRECTION ( 'NONE',  ( -1.000000000000000000, 0.0000000000000000000, 0.0000000000000000000 ) ) ;
#4267 = EDGE_CURVE ( 'NONE', #3663, #4006, #4815, .T. ) ;
#4268 = DIRECTION ( 'NONE',  ( 1.000000000000000000, 0.0000000000000000000, 0.0000000000000000000 ) ) ;
#4269 = AXIS2_PLACEMENT_3D ( 'NONE', #3868, #4738, #5131 ) ;
#4270 = CARTESIAN_POINT ( 'NONE',  ( -1.300000000000000044, 0.0000000000000000000, -0.2000000000000000111 ) ) ;
#4271 = DIRECTION ( 'NONE',  ( -1.000000000000000000, 0.0000000000000000000, 0.0000000000000000000 ) ) ;
#4272 = EDGE_CURVE ( 'NONE', #4970, #249, #2654, .T. ) ;
#4273 = VERTEX_POINT ( 'NONE', #3532 ) ;
#4274 = ORIENTED_EDGE ( 'NONE', *, *, #3581, .T. ) ;
#4275 = ORIENTED_EDGE ( 'NONE', *, *, #1852, .T. ) ;
#4276 = ORIENTED_EDGE ( 'NONE', *, *, #513, .T. ) ;
#4277 = CARTESIAN_POINT ( 'NONE',  ( -1.750000000000000000, 7.500000000000000000, -3.799999999999999822 ) ) ;
#4278 = ADVANCED_FACE ( 'NONE', ( #1307 ), #2996, .F. ) ;
#4279 = AXIS2_PLACEMENT_3D ( 'NONE', #3327, #4229, #1181 ) ;
#4280 = EDGE_LOOP ( 'NONE', ( #5512, #604, #3084, #4330, #1883, #3230, #3824, #4244, #1472 ) ) ;
#4281 = CIRCLE ( 'NONE', #2123, 0.2500000000000000000 ) ;
#4282 = ORIENTED_EDGE ( 'NONE', *, *, #4845, .F. ) ;
#4283 = FACE_BOUND ( 'NONE', #3708, .T. ) ;
#4284 = FACE_OUTER_BOUND ( 'NONE', #2159, .T. ) ;
#4285 = ORIENTED_EDGE ( 'NONE', *, *, #4095, .T. ) ;
#4286 = DIRECTION ( 'NONE',  ( 1.000000000000000000, 0.0000000000000000000, 0.0000000000000000000 ) ) ;
#4287 = CARTESIAN_POINT ( 'NONE',  ( 4.500000000000000000, 3.950000000000000178, 1.899999999999999911 ) ) ;
#4288 = DIRECTION ( 'NONE',  ( -1.000000000000000000, 0.0000000000000000000, 0.0000000000000000000 ) ) ;
#4289 = DIRECTION ( 'NONE',  ( 1.000000000000000000, 0.0000000000000000000, 0.0000000000000000000 ) ) ;
#4290 = CARTESIAN_POINT ( 'NONE',  ( -3.200000000000000178, 6.827851611462000037, -1.199999999999999956 ) ) ;
#4291 = ORIENTED_EDGE ( 'NONE', *, *, #2342, .T. ) ;
#4292 = CARTESIAN_POINT ( 'NONE',  ( -4.000000000000000000, 6.549418683239000671, -4.271512099436000298 ) ) ;
#4293 = DIRECTION ( 'NONE',  ( -1.000000000000000000, 0.0000000000000000000, 0.0000000000000000000 ) ) ;
#4294 = PLANE ( 'NONE',  #3885 ) ;
#4295 = ADVANCED_FACE ( 'NONE', ( #3053 ), #4381, .F. ) ;
#4296 = ORIENTED_EDGE ( 'NONE', *, *, #4412, .F. ) ;
#4297 = VERTEX_POINT ( 'NONE', #95 ) ;
#4298 = VECTOR ( 'NONE', #1983, 1000.000000000000000 ) ;
#4299 = ORIENTED_EDGE ( 'NONE', *, *, #5533, .F. ) ;
#4300 = DIRECTION ( 'NONE',  ( 1.000000000000000000, 0.0000000000000000000, 0.0000000000000000000 ) ) ;
#4301 = DIRECTION ( 'NONE',  ( 0.0000000000000000000, 0.0000000000000000000, -1.000000000000000000 ) ) ;
#4302 = EDGE_CURVE ( 'NONE', #1169, #1799, #3891, .T. ) ;
#4303 = ADVANCED_FACE ( 'NONE', ( #5552, #1334 ), #5241, .T. ) ;
#4304 = LINE ( 'NONE', #826, #2198 ) ;
#4305 = ORIENTED_EDGE ( 'NONE', *, *, #1710, .F. ) ;
#4306 = ORIENTED_EDGE ( 'NONE', *, *, #4026, .F. ) ;
#4307 = EDGE_CURVE ( 'NONE', #4775, #2136, #1695, .T. ) ;
#4308 = VERTEX_POINT ( 'NONE', #3079 ) ;
#4309 = DIRECTION ( 'NONE',  ( 1.000000000000000000, 0.0000000000000000000, 0.0000000000000000000 ) ) ;
#4310 = DIRECTION ( 'NONE',  ( 0.0000000000000000000, -1.000000000000000000, 0.0000000000000000000 ) ) ;
#4311 = EDGE_CURVE ( 'NONE', #3809, #1640, #493, .T. ) ;
#4312 = DIRECTION ( 'NONE',  ( 0.0000000000000000000, 1.000000000000000000, 0.0000000000000000000 ) ) ;
#4313 = VERTEX_POINT ( 'NONE', #2293 ) ;
#4314 = CARTESIAN_POINT ( 'NONE',  ( 4.000000000000000000, 7.500000000000000000, -3.550000000000000266 ) ) ;
#4315 = ADVANCED_FACE ( 'NONE', ( #1923 ), #3613, .T. ) ;
#4316 = FACE_OUTER_BOUND ( 'NONE', #5434, .T. ) ;
#4317 = LINE ( 'NONE', #4780, #3263 ) ;
#4318 = LINE ( 'NONE', #2571, #4463 ) ;
#4319 = ORIENTED_EDGE ( 'NONE', *, *, #1461, .T. ) ;
#4320 = CARTESIAN_POINT ( 'NONE',  ( -4.250000000000000000, 3.950000000000000178, 9.330519999999999925 ) ) ;
#4321 = DIRECTION ( 'NONE',  ( 0.0000000000000000000, -1.000000000000000000, -1.266228134301000063E-14 ) ) ;
#4322 = DIRECTION ( 'NONE',  ( 1.000000000000000000, 0.0000000000000000000, 0.0000000000000000000 ) ) ;
#4323 = ORIENTED_EDGE ( 'NONE', *, *, #3402, .T. ) ;
#4324 = ORIENTED_EDGE ( 'NONE', *, *, #473, .T. ) ;
#4325 = VERTEX_POINT ( 'NONE', #1476 ) ;
#4326 = DIRECTION ( 'NONE',  ( 0.0000000000000000000, 0.0000000000000000000, 1.000000000000000000 ) ) ;
#4327 = AXIS2_PLACEMENT_3D ( 'NONE', #1103, #5357, #4520 ) ;
#4328 = LINE ( 'NONE', #2186, #2006 ) ;
#4329 = DIRECTION ( 'NONE',  ( 0.0000000000000000000, 0.0000000000000000000, -1.000000000000000000 ) ) ;
#4330 = ORIENTED_EDGE ( 'NONE', *, *, #5546, .T. ) ;
#4331 = EDGE_CURVE ( 'NONE', #5181, #2708, #39, .T. ) ;
#4332 = AXIS2_PLACEMENT_3D ( 'NONE', #406, #7, #5075 ) ;
#4333 = EDGE_LOOP ( 'NONE', ( #5089, #2767, #5348, #1420 ) ) ;
#4334 = EDGE_CURVE ( 'NONE', #2219, #3773, #954, .T. ) ;
#4335 = ORIENTED_EDGE ( 'NONE', *, *, #2582, .T. ) ;
#4336 = CARTESIAN_POINT ( 'NONE',  ( 5.799999999999999822, 8.500000000000000000, -1.199999999999999956 ) ) ;
#4337 = LINE ( 'NONE', #2225, #572 ) ;
#4338 = ORIENTED_EDGE ( 'NONE', *, *, #3451, .T. ) ;
#4339 = ADVANCED_FACE ( 'NONE', ( #4009 ), #4898, .T. ) ;
#4340 = CIRCLE ( 'NONE', #817, 0.5000000000000001110 ) ;
#4341 = PLANE ( 'NONE',  #4860 ) ;
#4342 = EDGE_CURVE ( 'NONE', #4961, #4978, #153, .T. ) ;
#4343 = LINE ( 'NONE', #4726, #407 ) ;
#4344 = CARTESIAN_POINT ( 'NONE',  ( 6.550000000000000711, 6.500000000000000000, -0.2500000000000000000 ) ) ;
#4345 = EDGE_CURVE ( 'NONE', #4308, #1592, #1867, .T. ) ;
#4346 = ADVANCED_FACE ( 'NONE', ( #3642 ), #1892, .F. ) ;
#4347 = CARTESIAN_POINT ( 'NONE',  ( 6.049999999999999822, 1.100000000000000089, -3.299999999999999822 ) ) ;
#4348 = ORIENTED_EDGE ( 'NONE', *, *, #2922, .T. ) ;
#4349 = FACE_BOUND ( 'NONE', #3487, .T. ) ;
#4350 = VECTOR ( 'NONE', #2248, 1000.000000000000000 ) ;
#4351 = CIRCLE ( 'NONE', #2550, 0.5000000000000004441 ) ;
#4352 = CARTESIAN_POINT ( 'NONE',  ( -6.550000000000000711, 5.299999999999999822, 0.0000000000000000000 ) ) ;
#4353 = DIRECTION ( 'NONE',  ( 0.0000000000000000000, 0.0000000000000000000, 1.000000000000000000 ) ) ;
#4354 = AXIS2_PLACEMENT_3D ( 'NONE', #5505, #5558, #2103 ) ;
#4355 = AXIS2_PLACEMENT_3D ( 'NONE', #3207, #4455, #4048 ) ;
#4356 = ORIENTED_EDGE ( 'NONE', *, *, #1051, .F. ) ;
#4357 = ORIENTED_EDGE ( 'NONE', *, *, #3547, .T. ) ;
#4358 = CARTESIAN_POINT ( 'NONE',  ( 6.550000000000000711, 0.0000000000000000000, 0.0000000000000000000 ) ) ;
#4359 = AXIS2_PLACEMENT_3D ( 'NONE', #1078, #2393, #2073 ) ;
#4360 = FACE_OUTER_BOUND ( 'NONE', #4747, .T. ) ;
#4361 = CARTESIAN_POINT ( 'NONE',  ( -6.049999999999999822, -14.53599999999999959, -3.299999999999999822 ) ) ;
#4362 = VERTEX_POINT ( 'NONE', #205 ) ;
#4363 = ORIENTED_EDGE ( 'NONE', *, *, #1375, .F. ) ;
#4364 = ORIENTED_EDGE ( 'NONE', *, *, #1859, .T. ) ;
#4365 = ORIENTED_EDGE ( 'NONE', *, *, #421, .F. ) ;
#4366 = DIRECTION ( 'NONE',  ( -1.000000000000000000, 0.0000000000000000000, 0.0000000000000000000 ) ) ;
#4367 = LINE ( 'NONE', #506, #1095 ) ;
#4368 = DIRECTION ( 'NONE',  ( -1.000000000000000000, 0.0000000000000000000, 0.0000000000000000000 ) ) ;
#4369 = ADVANCED_FACE ( 'NONE', ( #2679 ), #3586, .F. ) ;
#4370 = ORIENTED_EDGE ( 'NONE', *, *, #4763, .T. ) ;
#4371 = DIRECTION ( 'NONE',  ( 1.000000000000000000, 0.0000000000000000000, 0.0000000000000000000 ) ) ;
#4372 = ADVANCED_FACE ( 'NONE', ( #1840, #1417, #5351 ), #2704, .F. ) ;
#4373 = LINE ( 'NONE', #1299, #4893 ) ;
#4374 = LINE ( 'NONE', #4344, #299 ) ;
#4375 = VECTOR ( 'NONE', #1184, 1000.000000000000000 ) ;
#4376 = EDGE_CURVE ( 'NONE', #3313, #1950, #4868, .T. ) ;
#4377 = CARTESIAN_POINT ( 'NONE',  ( 0.6999999999999999556, -1.100000000000000089, -0.2000000000000000111 ) ) ;
#4378 = CARTESIAN_POINT ( 'NONE',  ( 1.750000000000000000, 7.500000000000000000, -3.550000000000000266 ) ) ;
#4379 = EDGE_LOOP ( 'NONE', ( #3064, #1260, #3135, #5253 ) ) ;
#4380 = CARTESIAN_POINT ( 'NONE',  ( 0.6999999999999999556, 6.545008898986999668, -1.199999999999999956 ) ) ;
#4381 = PLANE ( 'NONE',  #305 ) ;
#4382 = CARTESIAN_POINT ( 'NONE',  ( 1.500000000000000000, 3.950000000000000178, -3.799999999999999822 ) ) ;
#4383 = EDGE_LOOP ( 'NONE', ( #3348, #2305, #4363, #3485 ) ) ;
#4384 = VERTEX_POINT ( 'NONE', #3218 ) ;
#4385 = VERTEX_POINT ( 'NONE', #3560 ) ;
#4386 = CARTESIAN_POINT ( 'NONE',  ( -1.750000000000000000, 3.700000000000000178, 1.649999999999999911 ) ) ;
#4387 = PLANE ( 'NONE',  #1921 ) ;
#4388 = VECTOR ( 'NONE', #5544, 1000.000000000000000 ) ;
#4389 = CARTESIAN_POINT ( 'NONE',  ( 1.750000000000000000, 7.500000000000000000, 1.649999999999999911 ) ) ;
#4390 = EDGE_LOOP ( 'NONE', ( #3205, #3024, #22, #2247, #1302, #2425, #3141, #4519 ) ) ;
#4391 = VERTEX_POINT ( 'NONE', #647 ) ;
#4392 = EDGE_LOOP ( 'NONE', ( #4715, #2858, #334, #4610 ) ) ;
#4393 = AXIS2_PLACEMENT_3D ( 'NONE', #3371, #2920, #2099 ) ;
#4394 = EDGE_LOOP ( 'NONE', ( #1414, #3221, #4451, #1565 ) ) ;
#4395 = LINE ( 'NONE', #535, #4350 ) ;
#4396 = LINE ( 'NONE', #5307, #290 ) ;
#4397 = LINE ( 'NONE', #116, #5149 ) ;
#4398 = VERTEX_POINT ( 'NONE', #5377 ) ;
#4399 = DIRECTION ( 'NONE',  ( 0.0000000000000000000, -1.000000000000000000, 0.0000000000000000000 ) ) ;
#4400 = DIRECTION ( 'NONE',  ( 0.0000000000000000000, 1.000000000000000000, 0.0000000000000000000 ) ) ;
#4401 = CARTESIAN_POINT ( 'NONE',  ( -7.900000000000000355, 1.199999999999999956, 1.750000000000000000 ) ) ;
#4402 = DIRECTION ( 'NONE',  ( 0.0000000000000000000, 0.0000000000000000000, 1.000000000000000000 ) ) ;
#4403 = VERTEX_POINT ( 'NONE', #5292 ) ;
#4404 = DIRECTION ( 'NONE',  ( 0.0000000000000000000, -1.000000000000000000, 0.0000000000000000000 ) ) ;
#4405 = EDGE_CURVE ( 'NONE', #1157, #5363, #4922, .T. ) ;
#4406 = DIRECTION ( 'NONE',  ( 1.000000000000000000, 0.0000000000000000000, 0.0000000000000000000 ) ) ;
#4407 = CARTESIAN_POINT ( 'NONE',  ( 5.799999999999999822, 7.700000000000000178, -3.050000000000000266 ) ) ;
#4408 = EDGE_LOOP ( 'NONE', ( #3731, #2664, #5356, #1600 ) ) ;
#4409 = EDGE_CURVE ( 'NONE', #2455, #3173, #4512, .T. ) ;
#4410 = EDGE_LOOP ( 'NONE', ( #1488, #5247, #1053, #497 ) ) ;
#4411 = DIRECTION ( 'NONE',  ( 0.0000000000000000000, -1.000000000000000000, 0.0000000000000000000 ) ) ;
#4412 = EDGE_CURVE ( 'NONE', #5221, #2876, #2469, .T. ) ;
#4413 = DIRECTION ( 'NONE',  ( -1.000000000000000000, 0.0000000000000000000, 0.0000000000000000000 ) ) ;
#4414 = CARTESIAN_POINT ( 'NONE',  ( 1.750000000000000000, 3.950000000000000178, 9.330519999999999925 ) ) ;
#4415 = ORIENTED_EDGE ( 'NONE', *, *, #3169, .T. ) ;
#4416 = EDGE_CURVE ( 'NONE', #2493, #586, #3899, .T. ) ;
#4417 = LINE ( 'NONE', #3989, #3577 ) ;
#4418 = ORIENTED_EDGE ( 'NONE', *, *, #3329, .T. ) ;
#4419 = ORIENTED_EDGE ( 'NONE', *, *, #3790, .F. ) ;
#4420 = FACE_OUTER_BOUND ( 'NONE', #2441, .T. ) ;
#4421 = CARTESIAN_POINT ( 'NONE',  ( -0.6999999999999999556, 4.991207764517999301, -1.199999999999999956 ) ) ;
#4422 = VECTOR ( 'NONE', #622, 1000.000000000000114 ) ;
#4423 = ORIENTED_EDGE ( 'NONE', *, *, #2449, .T. ) ;
#4424 = LINE ( 'NONE', #2168, #813 ) ;
#4425 = AXIS2_PLACEMENT_3D ( 'NONE', #2988, #5519, #969 ) ;
#4426 = DIRECTION ( 'NONE',  ( 0.0000000000000000000, -0.5735764363510117425, 0.8191520442890158904 ) ) ;
#4427 = DIRECTION ( 'NONE',  ( 1.000000000000000000, 0.0000000000000000000, 0.0000000000000000000 ) ) ;
#4428 = AXIS2_PLACEMENT_3D ( 'NONE', #4336, #478, #2724 ) ;
#4429 = CARTESIAN_POINT ( 'NONE',  ( 1.500000000000000000, 3.950000000000000178, -3.550000000000000266 ) ) ;
#4430 = ORIENTED_EDGE ( 'NONE', *, *, #3688, .F. ) ;
#4431 = CARTESIAN_POINT ( 'NONE',  ( -2.000000000000000000, 5.819737305159000229, 1.730106731643000106 ) ) ;
#4432 = VECTOR ( 'NONE', #1008, 1000.000000000000000 ) ;
#4433 = DIRECTION ( 'NONE',  ( 0.0000000000000000000, 0.0000000000000000000, 1.000000000000000000 ) ) ;
#4434 = LINE ( 'NONE', #1527, #1187 ) ;
#4435 = DIRECTION ( 'NONE',  ( 0.0000000000000000000, -1.000000000000000000, 0.0000000000000000000 ) ) ;
#4436 = AXIS2_PLACEMENT_3D ( 'NONE', #4094, #2429, #2487 ) ;
#4437 = ORIENTED_EDGE ( 'NONE', *, *, #4056, .F. ) ;
#4438 = VECTOR ( 'NONE', #4943, 1000.000000000000000 ) ;
#4439 = VERTEX_POINT ( 'NONE', #2004 ) ;
#4440 = CARTESIAN_POINT ( 'NONE',  ( -7.400000000000000355, 1.199999999999999956, -0.2500000000000000000 ) ) ;
#4441 = DIRECTION ( 'NONE',  ( 0.0000000000000000000, 0.0000000000000000000, 1.000000000000000000 ) ) ;
#4442 = VECTOR ( 'NONE', #2557, 1000.000000000000000 ) ;
#4443 = ADVANCED_FACE ( 'NONE', ( #3691 ), #1096, .T. ) ;
#4444 = VECTOR ( 'NONE', #1543, 1000.000000000000000 ) ;
#4445 = LINE ( 'NONE', #3200, #3461 ) ;
#4446 = EDGE_CURVE ( 'NONE', #4391, #4183, #2818, .T. ) ;
#4447 = ORIENTED_EDGE ( 'NONE', *, *, #4446, .F. ) ;
#4448 =( NAMED_UNIT ( * ) PLANE_ANGLE_UNIT ( ) SI_UNIT ( $, .RADIAN. ) );
#4449 = AXIS2_PLACEMENT_3D ( 'NONE', #3838, #2179, #3027 ) ;
#4450 = AXIS2_PLACEMENT_3D ( 'NONE', #1316, #3848, #3427 ) ;
#4451 = ORIENTED_EDGE ( 'NONE', *, *, #3855, .F. ) ;
#4452 = CARTESIAN_POINT ( 'NONE',  ( -3.200000000000000178, -1.100000000000000089, -0.2000000000000000111 ) ) ;
#4453 = CARTESIAN_POINT ( 'NONE',  ( 2.000000000000000000, 7.500000000000000000, -3.550000000000000266 ) ) ;
#4454 = EDGE_CURVE ( 'NONE', #1660, #4297, #1214, .T. ) ;
#4455 = DIRECTION ( 'NONE',  ( 0.0000000000000000000, 1.000000000000000000, 0.0000000000000000000 ) ) ;
#4456 = CIRCLE ( 'NONE', #5510, 0.2500000000000002220 ) ;
#4457 = LINE ( 'NONE', #4832, #2178 ) ;
#4458 = DIRECTION ( 'NONE',  ( -1.000000000000000000, 0.0000000000000000000, 0.0000000000000000000 ) ) ;
#4459 = CIRCLE ( 'NONE', #2480, 0.4999999999999997780 ) ;
#4460 = CYLINDRICAL_SURFACE ( 'NONE', #233, 0.9715120994360998408 ) ;
#4461 = EDGE_LOOP ( 'NONE', ( #1872, #5236, #3722, #1350, #1632, #4319, #642, #4274 ) ) ;
#4462 = CARTESIAN_POINT ( 'NONE',  ( 4.250000000000000000, 7.500000000000000000, 1.649999999999999911 ) ) ;
#4463 = VECTOR ( 'NONE', #5153, 1000.000000000000000 ) ;
#4464 = DIRECTION ( 'NONE',  ( 0.0000000000000000000, 0.0000000000000000000, 1.000000000000000000 ) ) ;
#4465 = FACE_OUTER_BOUND ( 'NONE', #711, .T. ) ;
#4466 = DIRECTION ( 'NONE',  ( 0.0000000000000000000, 1.000000000000000000, 0.0000000000000000000 ) ) ;
#4467 = EDGE_LOOP ( 'NONE', ( #3590, #3492, #1123, #2220, #2969, #4931 ) ) ;
#4468 = VERTEX_POINT ( 'NONE', #3754 ) ;
#4469 = LINE ( 'NONE', #158, #3153 ) ;
#4470 = CARTESIAN_POINT ( 'NONE',  ( 3.799999999999999822, 6.343184738968999703, -0.7153331275076000306 ) ) ;
#4471 = CARTESIAN_POINT ( 'NONE',  ( -1.500000000000000000, 7.250000000000000000, -3.799999999999999822 ) ) ;
#4472 = ORIENTED_EDGE ( 'NONE', *, *, #794, .F. ) ;
#4473 = ORIENTED_EDGE ( 'NONE', *, *, #2953, .F. ) ;
#4474 = ORIENTED_EDGE ( 'NONE', *, *, #1516, .T. ) ;
#4475 = LINE ( 'NONE', #4908, #3261 ) ;
#4476 = EDGE_CURVE ( 'NONE', #2335, #3903, #4459, .T. ) ;
#4477 = EDGE_CURVE ( 'NONE', #1041, #5219, #1973, .T. ) ;
#4478 = CARTESIAN_POINT ( 'NONE',  ( 2.000000000000000000, 6.549418683239000671, 2.371512099436000387 ) ) ;
#4479 = EDGE_LOOP ( 'NONE', ( #2576, #1534, #5528, #2064, #2823, #2128, #1951, #138, #4895 ) ) ;
#4480 = EDGE_CURVE ( 'NONE', #1864, #3166, #5081, .T. ) ;
#4481 = FACE_OUTER_BOUND ( 'NONE', #61, .T. ) ;
#4482 = EDGE_CURVE ( 'NONE', #4679, #2297, #3727, .T. ) ;
#4483 = DIRECTION ( 'NONE',  ( 0.0000000000000000000, -1.000000000000000000, 0.0000000000000000000 ) ) ;
#4484 = ORIENTED_EDGE ( 'NONE', *, *, #4647, .T. ) ;
#4485 = CARTESIAN_POINT ( 'NONE',  ( -0.6999999999999999556, 5.446706486693000393, -0.6369014433359000416 ) ) ;
#4486 = ORIENTED_EDGE ( 'NONE', *, *, #852, .T. ) ;
#4487 = EDGE_CURVE ( 'NONE', #1890, #4273, #3271, .T. ) ;
#4488 = DIRECTION ( 'NONE',  ( 0.0000000000000000000, 0.0000000000000000000, 1.000000000000000000 ) ) ;
#4489 = DIRECTION ( 'NONE',  ( 0.0000000000000000000, 0.0000000000000000000, 1.000000000000000000 ) ) ;
#4490 = CARTESIAN_POINT ( 'NONE',  ( -1.500000000000000000, 3.950000000000000178, -3.799999999999999822 ) ) ;
#4491 = LINE ( 'NONE', #1842, #5530 ) ;
#4492 = VERTEX_POINT ( 'NONE', #4179 ) ;
#4493 = ORIENTED_EDGE ( 'NONE', *, *, #1605, .F. ) ;
#4494 = FACE_OUTER_BOUND ( 'NONE', #4826, .T. ) ;
#4495 = PLANE ( 'NONE',  #2720 ) ;
#4496 = EDGE_LOOP ( 'NONE', ( #3925, #4188, #4882, #2552 ) ) ;
#4497 = CARTESIAN_POINT ( 'NONE',  ( 3.799999999999999822, 0.0000000000000000000, 0.0000000000000000000 ) ) ;
#4498 = EDGE_LOOP ( 'NONE', ( #938, #4627, #1705, #3874 ) ) ;
#4499 = LINE ( 'NONE', #4934, #390 ) ;
#4500 = CARTESIAN_POINT ( 'NONE',  ( -0.6999999999999999556, 5.905096863084000169, -0.5600879640965999995 ) ) ;
#4501 = EDGE_CURVE ( 'NONE', #3869, #2812, #1581, .T. ) ;
#4502 = ORIENTED_EDGE ( 'NONE', *, *, #4201, .T. ) ;
#4503 = CYLINDRICAL_SURFACE ( 'NONE', #3795, 0.2500000000000000000 ) ;
#4504 = CIRCLE ( 'NONE', #1980, 0.2500000000000000000 ) ;
#4505 = PLANE ( 'NONE',  #3805 ) ;
#4506 = VERTEX_POINT ( 'NONE', #3299 ) ;
#4507 = CARTESIAN_POINT ( 'NONE',  ( -7.400000000000000355, 0.0000000000000000000, 0.0000000000000000000 ) ) ;
#4508 = ADVANCED_FACE ( 'NONE', ( #4568 ), #5012, .T. ) ;
#4509 = ORIENTED_EDGE ( 'NONE', *, *, #2133, .T. ) ;
#4510 = VECTOR ( 'NONE', #1303, 1000.000000000000000 ) ;
#4511 = DIRECTION ( 'NONE',  ( 0.5773502691896257311, -0.5773502691896257311, 0.5773502691896257311 ) ) ;
#4512 = LINE ( 'NONE', #4839, #832 ) ;
#4513 = CARTESIAN_POINT ( 'NONE',  ( -7.400000000000000355, 1.199999999999999956, 0.0000000000000000000 ) ) ;
#4514 = EDGE_CURVE ( 'NONE', #1812, #373, #3912, .T. ) ;
#4515 = AXIS2_PLACEMENT_3D ( 'NONE', #1941, #4141, #668 ) ;
#4516 = EDGE_CURVE ( 'NONE', #5221, #2875, #727, .T. ) ;
#4517 = LINE ( 'NONE', #577, #3650 ) ;
#4518 = ORIENTED_EDGE ( 'NONE', *, *, #1614, .F. ) ;
#4519 = ORIENTED_EDGE ( 'NONE', *, *, #2927, .F. ) ;
#4520 = DIRECTION ( 'NONE',  ( 1.000000000000000000, 0.0000000000000000000, 0.0000000000000000000 ) ) ;
#4521 = DIRECTION ( 'NONE',  ( 0.0000000000000000000, 0.7071067811865474617, -0.7071067811865474617 ) ) ;
#4522 = DIRECTION ( 'NONE',  ( 0.0000000000000000000, 0.0000000000000000000, -1.000000000000000000 ) ) ;
#4523 = CIRCLE ( 'NONE', #2899, 0.5000000000000004441 ) ;
#4524 = EDGE_LOOP ( 'NONE', ( #3504, #759, #2394, #4595, #1324, #4583 ) ) ;
#4525 = CARTESIAN_POINT ( 'NONE',  ( -1.750000000000000000, 7.250000000000000000, 1.649999999999999911 ) ) ;
#4526 = ORIENTED_EDGE ( 'NONE', *, *, #3818, .T. ) ;
#4527 = VECTOR ( 'NONE', #2923, 1000.000000000000000 ) ;
#4528 = AXIS2_PLACEMENT_3D ( 'NONE', #2511, #4230, #369 ) ;
#4529 = LINE ( 'NONE', #4111, #485 ) ;
#4530 = LINE ( 'NONE', #2020, #5426 ) ;
#4531 = ORIENTED_EDGE ( 'NONE', *, *, #3688, .T. ) ;
#4532 = DIRECTION ( 'NONE',  ( -1.000000000000000000, 0.0000000000000000000, 0.0000000000000000000 ) ) ;
#4533 = VECTOR ( 'NONE', #4063, 1000.000000000000000 ) ;
#4534 = VECTOR ( 'NONE', #693, 1000.000000000000000 ) ;
#4535 = FACE_OUTER_BOUND ( 'NONE', #2599, .T. ) ;
#4536 = CARTESIAN_POINT ( 'NONE',  ( 1.300000000000000044, -1.100000000000000089, -0.2000000000000000111 ) ) ;
#4537 = EDGE_LOOP ( 'NONE', ( #4710, #4365, #848, #2222 ) ) ;
#4538 = CARTESIAN_POINT ( 'NONE',  ( -4.000000000000000000, 7.200000000000000178, 1.649999999999999911 ) ) ;
#4539 = EDGE_LOOP ( 'NONE', ( #856, #1670, #1343, #533 ) ) ;
#4540 = DIRECTION ( 'NONE',  ( 1.000000000000000000, 0.0000000000000000000, 0.0000000000000000000 ) ) ;
#4541 = DIRECTION ( 'NONE',  ( -0.0000000000000000000, 1.000000000000000000, 0.0000000000000000000 ) ) ;
#4542 = DIRECTION ( 'NONE',  ( 0.0000000000000000000, -1.000000000000000000, 0.0000000000000000000 ) ) ;
#4543 = ADVANCED_FACE ( 'NONE', ( #5465 ), #1606, .T. ) ;
#4544 = DIRECTION ( 'NONE',  ( 0.0000000000000000000, 0.0000000000000000000, 1.000000000000000000 ) ) ;
#4545 = PLANE ( 'NONE',  #3379 ) ;
#4546 = ORIENTED_EDGE ( 'NONE', *, *, #367, .F. ) ;
#4547 = EDGE_LOOP ( 'NONE', ( #1054, #3695, #1909, #4415 ) ) ;
#4548 = DIRECTION ( 'NONE',  ( -1.000000000000000000, 0.0000000000000000000, 0.0000000000000000000 ) ) ;
#4549 = ADVANCED_FACE ( 'NONE', ( #2937 ), #2488, .T. ) ;
#4550 = AXIS2_PLACEMENT_3D ( 'NONE', #3806, #5405, #5489 ) ;
#4551 = FACE_BOUND ( 'NONE', #381, .T. ) ;
#4552 = AXIS2_PLACEMENT_3D ( 'NONE', #5014, #730, #2063 ) ;
#4553 = ORIENTED_EDGE ( 'NONE', *, *, #2042, .F. ) ;
#4554 = DIRECTION ( 'NONE',  ( 0.0000000000000000000, 0.0000000000000000000, 1.000000000000000000 ) ) ;
#4555 = ORIENTED_EDGE ( 'NONE', *, *, #2712, .T. ) ;
#4556 = CARTESIAN_POINT ( 'NONE',  ( 1.500000000000000000, 7.250000000000000000, 1.899999999999999911 ) ) ;
#4557 = DIRECTION ( 'NONE',  ( 0.0000000000000000000, 0.0000000000000000000, -1.000000000000000000 ) ) ;
#4558 = ORIENTED_EDGE ( 'NONE', *, *, #2216, .F. ) ;
#4559 = EDGE_LOOP ( 'NONE', ( #5494, #637, #4558, #609 ) ) ;
#4560 = FACE_OUTER_BOUND ( 'NONE', #3781, .T. ) ;
#4561 = CARTESIAN_POINT ( 'NONE',  ( 7.900000000000000355, 6.500000000000000000, -0.2500000000000000000 ) ) ;
#4562 = CIRCLE ( 'NONE', #2853, 0.2500000000000000000 ) ;
#4563 = EDGE_LOOP ( 'NONE', ( #4113, #619, #328, #4140 ) ) ;
#4564 = DIRECTION ( 'NONE',  ( -1.000000000000000000, 0.0000000000000000000, 0.0000000000000000000 ) ) ;
#4565 = ORIENTED_EDGE ( 'NONE', *, *, #4057, .T. ) ;
#4566 = CARTESIAN_POINT ( 'NONE',  ( -2.000000000000000000, 5.627064597892998954, 1.564608142329999785 ) ) ;
#4567 = DIRECTION ( 'NONE',  ( 0.0000000000000000000, 1.000000000000000000, 0.0000000000000000000 ) ) ;
#4568 = FACE_OUTER_BOUND ( 'NONE', #5274, .T. ) ;
#4569 = LINE ( 'NONE', #2085, #3176 ) ;
#4570 = CARTESIAN_POINT ( 'NONE',  ( -1.750000000000000000, 7.250000000000000000, 1.899999999999999911 ) ) ;
#4571 = VERTEX_POINT ( 'NONE', #2059 ) ;
#4572 = ORIENTED_EDGE ( 'NONE', *, *, #3604, .T. ) ;
#4573 = EDGE_CURVE ( 'NONE', #3203, #5355, #1635, .T. ) ;
#4574 = FACE_OUTER_BOUND ( 'NONE', #1362, .T. ) ;
#4575 = CARTESIAN_POINT ( 'NONE',  ( 0.6999999999999999556, -1.100000000000000089, -0.2000000000000000111 ) ) ;
#4576 = DIRECTION ( 'NONE',  ( 0.0000000000000000000, -1.000000000000000000, 0.0000000000000000000 ) ) ;
#4577 = ORIENTED_EDGE ( 'NONE', *, *, #1661, .F. ) ;
#4578 = ORIENTED_EDGE ( 'NONE', *, *, #3953, .T. ) ;
#4579 = EDGE_CURVE ( 'NONE', #3903, #420, #1716, .T. ) ;
#4580 = DIRECTION ( 'NONE',  ( -1.000000000000000000, 0.0000000000000000000, 0.0000000000000000000 ) ) ;
#4581 = LINE ( 'NONE', #5453, #3725 ) ;
#4582 = ADVANCED_FACE ( 'NONE', ( #4316 ), #3883, .T. ) ;
#4583 = ORIENTED_EDGE ( 'NONE', *, *, #3344, .F. ) ;
#4584 = ORIENTED_EDGE ( 'NONE', *, *, #115, .F. ) ;
#4585 = CARTESIAN_POINT ( 'NONE',  ( 1.750000000000000000, 7.500000000000000000, -3.550000000000000266 ) ) ;
#4586 = ORIENTED_EDGE ( 'NONE', *, *, #2574, .F. ) ;
#4587 = FACE_OUTER_BOUND ( 'NONE', #4394, .T. ) ;
#4588 = ORIENTED_EDGE ( 'NONE', *, *, #522, .T. ) ;
#4589 = CIRCLE ( 'NONE', #4673, 0.9715120994360999518 ) ;
#4590 = DIRECTION ( 'NONE',  ( 0.0000000000000000000, 0.0000000000000000000, 1.000000000000000000 ) ) ;
#4591 = DIRECTION ( 'NONE',  ( 0.0000000000000000000, -1.000000000000000000, 0.0000000000000000000 ) ) ;
#4592 = PLANE ( 'NONE',  #1551 ) ;
#4593 = VECTOR ( 'NONE', #2572, 1000.000000000000000 ) ;
#4594 = PLANE ( 'NONE',  #768 ) ;
#4595 = ORIENTED_EDGE ( 'NONE', *, *, #2457, .T. ) ;
#4596 = ORIENTED_EDGE ( 'NONE', *, *, #4272, .F. ) ;
#4597 = DIRECTION ( 'NONE',  ( -1.000000000000000000, 0.0000000000000000000, 0.0000000000000000000 ) ) ;
#4598 = DIRECTION ( 'NONE',  ( 0.0000000000000000000, 0.0000000000000000000, 1.000000000000000000 ) ) ;
#4599 = EDGE_CURVE ( 'NONE', #1536, #4297, #3475, .T. ) ;
#4600 = CARTESIAN_POINT ( 'NONE',  ( -1.300000000000000044, 6.201763382732000451, -0.8567544837448999306 ) ) ;
#4601 = ORIENTED_EDGE ( 'NONE', *, *, #1614, .T. ) ;
#4602 = ORIENTED_EDGE ( 'NONE', *, *, #2239, .T. ) ;
#4603 = ORIENTED_EDGE ( 'NONE', *, *, #1756, .F. ) ;
#4604 = EDGE_CURVE ( 'NONE', #1501, #2658, #1025, .T. ) ;
#4605 = DIRECTION ( 'NONE',  ( 0.0000000000000000000, 0.0000000000000000000, -1.000000000000000000 ) ) ;
#4606 = VECTOR ( 'NONE', #1616, 1000.000000000000000 ) ;
#4607 = EDGE_CURVE ( 'NONE', #201, #5524, #2144, .T. ) ;
#4608 = EDGE_CURVE ( 'NONE', #706, #209, #401, .T. ) ;
#4609 = CARTESIAN_POINT ( 'NONE',  ( -1.300000000000000044, 6.343184738968999703, -0.7153331275076000306 ) ) ;
#4610 = ORIENTED_EDGE ( 'NONE', *, *, #2143, .F. ) ;
#4611 = VECTOR ( 'NONE', #4271, 1000.000000000000000 ) ;
#4612 = VECTOR ( 'NONE', #1438, 1000.000000000000000 ) ;
#4613 = ORIENTED_EDGE ( 'NONE', *, *, #1445, .T. ) ;
#4614 = EDGE_CURVE ( 'NONE', #4209, #4873, #3410, .T. ) ;
#4615 = DIRECTION ( 'NONE',  ( 1.000000000000000000, 0.0000000000000000000, 0.0000000000000000000 ) ) ;
#4616 = AXIS2_PLACEMENT_3D ( 'NONE', #685, #159, #4441 ) ;
#4617 = DIRECTION ( 'NONE',  ( 0.0000000000000000000, 1.000000000000000000, 0.0000000000000000000 ) ) ;
#4618 = VECTOR ( 'NONE', #2775, 1000.000000000000000 ) ;
#4619 = ORIENTED_EDGE ( 'NONE', *, *, #5255, .F. ) ;
#4620 = DIRECTION ( 'NONE',  ( 0.0000000000000000000, -1.000000000000000000, -1.266228134301000063E-14 ) ) ;
#4621 = EDGE_LOOP ( 'NONE', ( #4601, #245, #2111, #1618 ) ) ;
#4622 = VECTOR ( 'NONE', #4823, 1000.000000000000000 ) ;
#4623 = EDGE_CURVE ( 'NONE', #3415, #613, #3386, .T. ) ;
#4624 = DIRECTION ( 'NONE',  ( 0.0000000000000000000, 0.0000000000000000000, 1.000000000000000000 ) ) ;
#4625 = CARTESIAN_POINT ( 'NONE',  ( 0.0000000000000000000, 0.0000000000000000000, -0.2500000000000000000 ) ) ;
#4626 = CARTESIAN_POINT ( 'NONE',  ( -4.000000000000000000, 6.549418683239000671, 2.371512099436000387 ) ) ;
#4627 = ORIENTED_EDGE ( 'NONE', *, *, #145, .F. ) ;
#4628 = DIRECTION ( 'NONE',  ( 1.000000000000000000, 0.0000000000000000000, 0.0000000000000000000 ) ) ;
#4629 = DIRECTION ( 'NONE',  ( 0.0000000000000000000, 0.0000000000000000000, 1.000000000000000000 ) ) ;
#4630 = CARTESIAN_POINT ( 'NONE',  ( 2.000000000000000000, 3.950000000000000178, 1.649999999999999911 ) ) ;
#4631 = VERTEX_POINT ( 'NONE', #5097 ) ;
#4632 = ORIENTED_EDGE ( 'NONE', *, *, #3152, .F. ) ;
#4633 = VECTOR ( 'NONE', #1395, 1000.000000000000000 ) ;
#4634 = CARTESIAN_POINT ( 'NONE',  ( 4.250000000000000000, 3.950000000000000178, 1.649999999999999911 ) ) ;
#4635 = CARTESIAN_POINT ( 'NONE',  ( -7.649999999999999467, 0.0000000000000000000, 0.2500000000000000000 ) ) ;
#4636 = AXIS2_PLACEMENT_3D ( 'NONE', #2760, #971, #2700 ) ;
#4637 = DIRECTION ( 'NONE',  ( 0.0000000000000000000, -0.8191520442890162235, -0.5735764363510111874 ) ) ;
#4638 = ORIENTED_EDGE ( 'NONE', *, *, #1693, .T. ) ;
#4639 = ORIENTED_EDGE ( 'NONE', *, *, #453, .T. ) ;
#4640 = EDGE_CURVE ( 'NONE', #4308, #5134, #4373, .T. ) ;
#4641 = EDGE_CURVE ( 'NONE', #4217, #5002, #4343, .T. ) ;
#4642 = PLANE ( 'NONE',  #5502 ) ;
#4643 = LINE ( 'NONE', #3772, #486 ) ;
#4644 = ORIENTED_EDGE ( 'NONE', *, *, #1163, .T. ) ;
#4645 = CARTESIAN_POINT ( 'NONE',  ( 7.900000000000000355, 5.299999999999999822, 0.0000000000000000000 ) ) ;
#4646 = FACE_OUTER_BOUND ( 'NONE', #777, .T. ) ;
#4647 = EDGE_CURVE ( 'NONE', #230, #1276, #1240, .T. ) ;
#4648 = CARTESIAN_POINT ( 'NONE',  ( -1.300000000000000044, 5.848209992139000057, -1.210307874338000023 ) ) ;
#4649 = ADVANCED_FACE ( 'NONE', ( #5115 ), #2592, .T. ) ;
#4650 = CARTESIAN_POINT ( 'NONE',  ( 3.200000000000000178, 0.0000000000000000000, 0.0000000000000000000 ) ) ;
#4651 = VERTEX_POINT ( 'NONE', #1750 ) ;
#4652 = ORIENTED_EDGE ( 'NONE', *, *, #5189, .T. ) ;
#4653 = DIRECTION ( 'NONE',  ( -1.000000000000000000, 0.0000000000000000000, 0.0000000000000000000 ) ) ;
#4654 = CARTESIAN_POINT ( 'NONE',  ( 0.0000000000000000000, 0.0000000000000000000, -0.2500000000000000000 ) ) ;
#4655 = CARTESIAN_POINT ( 'NONE',  ( 4.000000000000000000, 7.535071816667000100, -3.550000000000000266 ) ) ;
#4656 = ORIENTED_EDGE ( 'NONE', *, *, #43, .F. ) ;
#4657 = SURFACE_SIDE_STYLE ('',( #5082 ) ) ;
#4658 = CARTESIAN_POINT ( 'NONE',  ( -3.200000000000000178, -1.100000000000000089, -0.2000000000000000111 ) ) ;
#4659 = CARTESIAN_POINT ( 'NONE',  ( -3.799999999999999822, 6.827851611462000037, -1.199999999999999956 ) ) ;
#4660 = ORIENTED_EDGE ( 'NONE', *, *, #2479, .T. ) ;
#4661 = ORIENTED_EDGE ( 'NONE', *, *, #3300, .T. ) ;
#4662 = EDGE_CURVE ( 'NONE', #2708, #613, #3199, .T. ) ;
#4663 = DIRECTION ( 'NONE',  ( 0.0000000000000000000, -0.7071067811865474617, 0.7071067811865474617 ) ) ;
#4664 = DIRECTION ( 'NONE',  ( 0.0000000000000000000, -1.000000000000000000, 0.0000000000000000000 ) ) ;
#4665 = ORIENTED_EDGE ( 'NONE', *, *, #5189, .F. ) ;
#4666 = DIRECTION ( 'NONE',  ( -1.000000000000000000, 0.0000000000000000000, 0.0000000000000000000 ) ) ;
#4667 = CARTESIAN_POINT ( 'NONE',  ( 6.550000000000000711, 1.199999999999999956, 0.0000000000000000000 ) ) ;
#4668 = CARTESIAN_POINT ( 'NONE',  ( -7.400000000000000355, 1.199999999999999956, 0.0000000000000000000 ) ) ;
#4669 = CARTESIAN_POINT ( 'NONE',  ( 4.250000000000000000, 7.500000000000000000, -3.550000000000000266 ) ) ;
#4670 = EDGE_CURVE ( 'NONE', #2812, #3950, #3048, .T. ) ;
#4671 = DIRECTION ( 'NONE',  ( 0.0000000000000000000, -0.7510780138546009344, -0.6602134632861010877 ) ) ;
#4672 = ORIENTED_EDGE ( 'NONE', *, *, #4641, .F. ) ;
#4673 = AXIS2_PLACEMENT_3D ( 'NONE', #3085, #3488, #2711 ) ;
#4674 = CARTESIAN_POINT ( 'NONE',  ( -2.000000000000000000, 6.549418683239000671, 2.371512099436000387 ) ) ;
#4675 = CARTESIAN_POINT ( 'NONE',  ( -1.300000000000000044, 0.0000000000000000000, -0.2000000000000000111 ) ) ;
#4676 = DIRECTION ( 'NONE',  ( -0.0000000000000000000, 1.000000000000000000, 0.0000000000000000000 ) ) ;
#4677 = AXIS2_PLACEMENT_3D ( 'NONE', #3973, #3559, #2208 ) ;
#4678 = DIRECTION ( 'NONE',  ( 1.000000000000000000, 0.0000000000000000000, 0.0000000000000000000 ) ) ;
#4679 = VERTEX_POINT ( 'NONE', #1776 ) ;
#4680 = ORIENTED_EDGE ( 'NONE', *, *, #28, .F. ) ;
#4681 = ORIENTED_EDGE ( 'NONE', *, *, #4607, .T. ) ;
#4682 = LINE ( 'NONE', #1676, #3689 ) ;
#4683 = VECTOR ( 'NONE', #945, 1000.000000000000114 ) ;
#4684 = DIRECTION ( 'NONE',  ( 0.0000000000000000000, 1.000000000000000000, 0.0000000000000000000 ) ) ;
#4685 = DIRECTION ( 'NONE',  ( 0.0000000000000000000, -1.000000000000000000, 0.0000000000000000000 ) ) ;
#4686 = VECTOR ( 'NONE', #3636, 1000.000000000000000 ) ;
#4687 = VERTEX_POINT ( 'NONE', #3502 ) ;
#4688 = ORIENTED_EDGE ( 'NONE', *, *, #950, .F. ) ;
#4689 = AXIS2_PLACEMENT_3D ( 'NONE', #5270, #154, #1418 ) ;
#4690 = CARTESIAN_POINT ( 'NONE',  ( -4.000000000000000000, 7.540000000000000036, 1.649999999999999911 ) ) ;
#4691 = CARTESIAN_POINT ( 'NONE',  ( -1.300000000000000044, 6.827851611462000037, -1.199999999999999956 ) ) ;
#4692 = AXIS2_PLACEMENT_3D ( 'NONE', #5359, #1696, #4678 ) ;
#4693 = ORIENTED_EDGE ( 'NONE', *, *, #3782, .F. ) ;
#4694 = AXIS2_PLACEMENT_3D ( 'NONE', #5116, #2569, #1265 ) ;
#4695 = CARTESIAN_POINT ( 'NONE',  ( -5.799999999999999822, 8.500000000000000000, -3.050000000000000266 ) ) ;
#4696 = LINE ( 'NONE', #1714, #3697 ) ;
#4697 = VECTOR ( 'NONE', #1293, 1000.000000000000000 ) ;
#4698 = DIRECTION ( 'NONE',  ( 1.000000000000000000, 0.0000000000000000000, 0.0000000000000000000 ) ) ;
#4699 = CARTESIAN_POINT ( 'NONE',  ( -3.200000000000000178, 5.446706486693000393, -0.6369014433359000416 ) ) ;
#4700 = DIRECTION ( 'NONE',  ( 1.000000000000000000, 0.0000000000000000000, 0.0000000000000000000 ) ) ;
#4701 = ORIENTED_EDGE ( 'NONE', *, *, #1756, .T. ) ;
#4702 = VECTOR ( 'NONE', #2867, 1000.000000000000000 ) ;
#4703 = LINE ( 'NONE', #2995, #192 ) ;
#4704 = EDGE_CURVE ( 'NONE', #2017, #1819, #2616, .T. ) ;
#4705 = CIRCLE ( 'NONE', #220, 0.5000000000000001110 ) ;
#4706 = CARTESIAN_POINT ( 'NONE',  ( 7.400000000000000355, 1.199999999999999956, 0.0000000000000000000 ) ) ;
#4707 = LINE ( 'NONE', #5124, #1732 ) ;
#4708 = EDGE_LOOP ( 'NONE', ( #3045, #80, #732, #3004 ) ) ;
#4709 = VERTEX_POINT ( 'NONE', #487 ) ;
#4710 = ORIENTED_EDGE ( 'NONE', *, *, #2611, .T. ) ;
#4711 = DIRECTION ( 'NONE',  ( 0.0000000000000000000, 1.000000000000000000, 0.0000000000000000000 ) ) ;
#4712 = DIRECTION ( 'NONE',  ( 0.0000000000000000000, -1.000000000000000000, 0.0000000000000000000 ) ) ;
#4713 = CARTESIAN_POINT ( 'NONE',  ( -4.000000000000000000, 3.950000000000000178, -3.799999999999999822 ) ) ;
#4714 = VECTOR ( 'NONE', #890, 1000.000000000000000 ) ;
#4715 = ORIENTED_EDGE ( 'NONE', *, *, #5561, .T. ) ;
#4716 = EDGE_CURVE ( 'NONE', #4717, #5143, #5202, .T. ) ;
#4717 = VERTEX_POINT ( 'NONE', #89 ) ;
#4718 = ORIENTED_EDGE ( 'NONE', *, *, #1342, .F. ) ;
#4719 = AXIS2_PLACEMENT_3D ( 'NONE', #1555, #5041, #2433 ) ;
#4720 = DIRECTION ( 'NONE',  ( 1.000000000000000000, 0.0000000000000000000, 0.0000000000000000000 ) ) ;
#4721 = CARTESIAN_POINT ( 'NONE',  ( -0.6999999999999999556, 5.848209992139000057, -1.210307874338000023 ) ) ;
#4722 = DIRECTION ( 'NONE',  ( 0.0000000000000000000, 0.0000000000000000000, 1.000000000000000000 ) ) ;
#4723 = ORIENTED_EDGE ( 'NONE', *, *, #4334, .T. ) ;
#4724 = DIRECTION ( 'NONE',  ( -1.000000000000000000, 0.0000000000000000000, 0.0000000000000000000 ) ) ;
#4725 = DIRECTION ( 'NONE',  ( 0.0000000000000000000, -1.000000000000000000, 0.0000000000000000000 ) ) ;
#4726 = CARTESIAN_POINT ( 'NONE',  ( -3.200000000000000178, 6.545008898986999668, -1.199999999999999956 ) ) ;
#4727 = DIRECTION ( 'NONE',  ( -1.000000000000000000, 0.0000000000000000000, 0.0000000000000000000 ) ) ;
#4728 = DIRECTION ( 'NONE',  ( 1.000000000000000000, 0.0000000000000000000, 0.0000000000000000000 ) ) ;
#4729 = ORIENTED_EDGE ( 'NONE', *, *, #591, .T. ) ;
#4730 = LINE ( 'NONE', #2122, #1172 ) ;
#4731 = DIRECTION ( 'NONE',  ( 1.000000000000000000, 0.0000000000000000000, 0.0000000000000000000 ) ) ;
#4732 = ORIENTED_EDGE ( 'NONE', *, *, #4804, .F. ) ;
#4733 = ADVANCED_FACE ( 'NONE', ( #3072 ), #3943, .F. ) ;
#4734 = ORIENTED_EDGE ( 'NONE', *, *, #3443, .T. ) ;
#4735 = ORIENTED_EDGE ( 'NONE', *, *, #1045, .F. ) ;
#4736 = EDGE_LOOP ( 'NONE', ( #4813, #1397, #444, #3039 ) ) ;
#4737 = DIRECTION ( 'NONE',  ( 0.0000000000000000000, 0.0000000000000000000, 1.000000000000000000 ) ) ;
#4738 = DIRECTION ( 'NONE',  ( 0.0000000000000000000, 0.0000000000000000000, -1.000000000000000000 ) ) ;
#4739 = EDGE_CURVE ( 'NONE', #5380, #3663, #4924, .T. ) ;
#4740 = ORIENTED_EDGE ( 'NONE', *, *, #3761, .T. ) ;
#4741 = VERTEX_POINT ( 'NONE', #3164 ) ;
#4742 = ORIENTED_EDGE ( 'NONE', *, *, #1375, .T. ) ;
#4743 = VERTEX_POINT ( 'NONE', #2707 ) ;
#4744 = CARTESIAN_POINT ( 'NONE',  ( 7.649999999999999467, 0.0000000000000000000, 1.750000000000000000 ) ) ;
#4745 = FACE_BOUND ( 'NONE', #4383, .T. ) ;
#4746 = CARTESIAN_POINT ( 'NONE',  ( 0.0000000000000000000, 0.0000000000000000000, 0.0000000000000000000 ) ) ;
#4747 = EDGE_LOOP ( 'NONE', ( #1020, #846, #4275, #3377, #3679, #1243, #2515, #2785, #5137, #5218, #1361, #3935, #4956, #4681, #2080, #4990, #936, #3115, #569, #5554, #2401, #2050, #3645, #1771 ) ) ;
#4748 = DIRECTION ( 'NONE',  ( 0.0000000000000000000, 0.0000000000000000000, -1.000000000000000000 ) ) ;
#4749 = CARTESIAN_POINT ( 'NONE',  ( 6.550000000000000711, 6.500000000000000000, -0.2500000000000000000 ) ) ;
#4750 = CARTESIAN_POINT ( 'NONE',  ( -2.000000000000000000, 7.200000000000000178, -3.550000000000000266 ) ) ;
#4751 = CARTESIAN_POINT ( 'NONE',  ( -6.049999999999999822, 8.500000000000000000, 1.649999999999999911 ) ) ;
#4752 = LINE ( 'NONE', #3886, #4193 ) ;
#4753 = ORIENTED_EDGE ( 'NONE', *, *, #2621, .T. ) ;
#4754 = CARTESIAN_POINT ( 'NONE',  ( 0.6999999999999999556, -1.100000000000000089, -0.2000000000000000111 ) ) ;
#4755 = DIRECTION ( 'NONE',  ( -1.000000000000000000, 0.0000000000000000000, 0.0000000000000000000 ) ) ;
#4756 = CARTESIAN_POINT ( 'NONE',  ( -1.500000000000000000, 7.250000000000000000, 1.899999999999999911 ) ) ;
#4757 = ORIENTED_EDGE ( 'NONE', *, *, #1437, .T. ) ;
#4758 = EDGE_LOOP ( 'NONE', ( #722, #238, #3601, #5007 ) ) ;
#4759 = ORIENTED_EDGE ( 'NONE', *, *, #2204, .F. ) ;
#4760 = LINE ( 'NONE', #498, #2974 ) ;
#4761 = VECTOR ( 'NONE', #2768, 1000.000000000000000 ) ;
#4762 = FACE_BOUND ( 'NONE', #3467, .T. ) ;
#4763 = EDGE_CURVE ( 'NONE', #4741, #4000, #5353, .T. ) ;
#4764 = ADVANCED_FACE ( 'NONE', ( #2295 ), #4818, .F. ) ;
#4765 = DIRECTION ( 'NONE',  ( 0.0000000000000000000, 0.0000000000000000000, -1.000000000000000000 ) ) ;
#4766 = ORIENTED_EDGE ( 'NONE', *, *, #63, .T. ) ;
#4767 = VECTOR ( 'NONE', #1124, 1000.000000000000000 ) ;
#4768 = ORIENTED_EDGE ( 'NONE', *, *, #3581, .F. ) ;
#4769 = EDGE_CURVE ( 'NONE', #4492, #2836, #980, .T. ) ;
#4770 = ORIENTED_EDGE ( 'NONE', *, *, #3315, .F. ) ;
#4771 = EDGE_CURVE ( 'NONE', #2136, #790, #2790, .T. ) ;
#4772 = AXIS2_PLACEMENT_3D ( 'NONE', #1540, #3259, #5368 ) ;
#4773 = CARTESIAN_POINT ( 'NONE',  ( -3.799999999999999822, 4.642518405394000069, -1.199999999999999956 ) ) ;
#4774 = CARTESIAN_POINT ( 'NONE',  ( 7.900000000000000355, 1.199999999999999956, 0.2500000000000000000 ) ) ;
#4775 = VERTEX_POINT ( 'NONE', #1870 ) ;
#4776 = ADVANCED_FACE ( 'NONE', ( #956 ), #4871, .T. ) ;
#4777 = AXIS2_PLACEMENT_3D ( 'NONE', #4088, #4483, #2731 ) ;
#4778 = LINE ( 'NONE', #915, #555 ) ;
#4779 = CARTESIAN_POINT ( 'NONE',  ( 2.000000000000000000, 5.444198298232000077, -3.550000000000000266 ) ) ;
#4780 = CARTESIAN_POINT ( 'NONE',  ( -2.000000000000000000, 3.950000000000000178, 1.899999999999999911 ) ) ;
#4781 = VECTOR ( 'NONE', #2519, 1000.000000000000000 ) ;
#4782 = CARTESIAN_POINT ( 'NONE',  ( 3.200000000000000178, -1.100000000000000089, 0.0000000000000000000 ) ) ;
#4783 = ORIENTED_EDGE ( 'NONE', *, *, #3202, .T. ) ;
#4784 = EDGE_CURVE ( 'NONE', #611, #5425, #4517, .T. ) ;
#4785 = CARTESIAN_POINT ( 'NONE',  ( -1.750000000000000000, 3.700000000000000178, -3.550000000000000266 ) ) ;
#4786 = VECTOR ( 'NONE', #2649, 1000.000000000000000 ) ;
#4787 = VECTOR ( 'NONE', #514, 1000.000000000000000 ) ;
#4788 = DIRECTION ( 'NONE',  ( 0.0000000000000000000, 0.0000000000000000000, 1.000000000000000000 ) ) ;
#4789 = DIRECTION ( 'NONE',  ( -0.0000000000000000000, 1.000000000000000000, 0.0000000000000000000 ) ) ;
#4790 = AXIS2_PLACEMENT_3D ( 'NONE', #3983, #3426, #4413 ) ;
#4791 = VECTOR ( 'NONE', #1963, 1000.000000000000000 ) ;
#4792 = ORIENTED_EDGE ( 'NONE', *, *, #1862, .F. ) ;
#4793 = ORIENTED_EDGE ( 'NONE', *, *, #2826, .T. ) ;
#4794 = EDGE_LOOP ( 'NONE', ( #5553, #2296, #4588, #3254 ) ) ;
#4795 = AXIS2_PLACEMENT_3D ( 'NONE', #4414, #986, #2301 ) ;
#4796 = VERTEX_POINT ( 'NONE', #3220 ) ;
#4797 = EDGE_CURVE ( 'NONE', #1224, #1783, #2738, .T. ) ;
#4798 = ORIENTED_EDGE ( 'NONE', *, *, #3443, .F. ) ;
#4799 = VERTEX_POINT ( 'NONE', #4407 ) ;
#4800 = CARTESIAN_POINT ( 'NONE',  ( 1.500000000000000000, 7.250000000000000000, -3.550000000000000266 ) ) ;
#4801 = CARTESIAN_POINT ( 'NONE',  ( -7.649999999999999467, 0.0000000000000000000, 1.750000000000000000 ) ) ;
#4802 = DIRECTION ( 'NONE',  ( -1.000000000000000000, 0.0000000000000000000, 0.0000000000000000000 ) ) ;
#4803 = EDGE_CURVE ( 'NONE', #1449, #853, #3644, .T. ) ;
#4804 = EDGE_CURVE ( 'NONE', #5260, #1401, #2765, .T. ) ;
#4805 = VECTOR ( 'NONE', #155, 1000.000000000000000 ) ;
#4806 = DIRECTION ( 'NONE',  ( 0.0000000000000000000, 1.000000000000000000, 0.0000000000000000000 ) ) ;
#4807 = DIRECTION ( 'NONE',  ( 0.0000000000000000000, 0.0000000000000000000, 1.000000000000000000 ) ) ;
#4808 = ADVANCED_FACE ( 'NONE', ( #236 ), #5272, .F. ) ;
#4809 = VECTOR ( 'NONE', #2842, 1000.000000000000000 ) ;
#4810 = CARTESIAN_POINT ( 'NONE',  ( 3.200000000000000178, 0.0000000000000000000, 0.0000000000000000000 ) ) ;
#4811 = DIRECTION ( 'NONE',  ( -1.000000000000000000, 0.0000000000000000000, 0.0000000000000000000 ) ) ;
#4812 = EDGE_CURVE ( 'NONE', #1143, #1903, #4491, .T. ) ;
#4813 = ORIENTED_EDGE ( 'NONE', *, *, #1453, .F. ) ;
#4814 = CARTESIAN_POINT ( 'NONE',  ( 0.6999999999999999556, 4.642518405394000069, -1.199999999999999956 ) ) ;
#4815 = LINE ( 'NONE', #2148, #5249 ) ;
#4816 = DIRECTION ( 'NONE',  ( 0.0000000000000000000, 0.0000000000000000000, -1.000000000000000000 ) ) ;
#4817 = EDGE_CURVE ( 'NONE', #3056, #5133, #3562, .T. ) ;
#4818 = CYLINDRICAL_SURFACE ( 'NONE', #842, 0.2500000000000000000 ) ;
#4819 = ORIENTED_EDGE ( 'NONE', *, *, #4238, .T. ) ;
#4820 = ORIENTED_EDGE ( 'NONE', *, *, #3266, .F. ) ;
#4821 = CARTESIAN_POINT ( 'NONE',  ( -2.000000000000000000, 6.549418683239000671, -4.271512099436000298 ) ) ;
#4822 = FACE_OUTER_BOUND ( 'NONE', #4539, .T. ) ;
#4823 = DIRECTION ( 'NONE',  ( 0.0000000000000000000, 0.0000000000000000000, -1.000000000000000000 ) ) ;
#4824 = VERTEX_POINT ( 'NONE', #2322 ) ;
#4825 = ORIENTED_EDGE ( 'NONE', *, *, #2608, .F. ) ;
#4826 = EDGE_LOOP ( 'NONE', ( #2023, #4858, #5164, #5283 ) ) ;
#4827 = CARTESIAN_POINT ( 'NONE',  ( -3.799999999999999822, 6.545008898986999668, -1.199999999999999956 ) ) ;
#4828 = DIRECTION ( 'NONE',  ( 0.0000000000000000000, -0.7510780138546010454, 0.6602134632861008656 ) ) ;
#4829 = PRODUCT_DEFINITION ( 'UNKNOWN', '', #2950, #1510 ) ;
#4830 = DIRECTION ( 'NONE',  ( -1.000000000000000000, 0.0000000000000000000, 0.0000000000000000000 ) ) ;
#4831 = ORIENTED_EDGE ( 'NONE', *, *, #4066, .T. ) ;
#4832 = CARTESIAN_POINT ( 'NONE',  ( 3.200000000000000178, 0.0000000000000000000, 0.0000000000000000000 ) ) ;
#4833 = ADVANCED_FACE ( 'NONE', ( #4039 ), #4842, .T. ) ;
#4834 = ADVANCED_FACE ( 'NONE', ( #3194 ), #625, .T. ) ;
#4835 = DIRECTION ( 'NONE',  ( 0.0000000000000000000, 0.0000000000000000000, 1.000000000000000000 ) ) ;
#4836 = DIRECTION ( 'NONE',  ( -1.000000000000000000, 0.0000000000000000000, 0.0000000000000000000 ) ) ;
#4837 = EDGE_LOOP ( 'NONE', ( #4199, #2039, #1457, #579 ) ) ;
#4838 = DIRECTION ( 'NONE',  ( 0.0000000000000000000, 0.0000000000000000000, -1.000000000000000000 ) ) ;
#4839 = CARTESIAN_POINT ( 'NONE',  ( -5.500000000000000000, 8.000000000000000000, -2.750000000000000000 ) ) ;
#4840 = ADVANCED_FACE ( 'NONE', ( #3275 ), #4545, .T. ) ;
#4841 = FACE_OUTER_BOUND ( 'NONE', #4736, .T. ) ;
#4842 = CYLINDRICAL_SURFACE ( 'NONE', #228, 1.225492168375000412 ) ;
#4843 = VERTEX_POINT ( 'NONE', #4988 ) ;
#4844 = EDGE_LOOP ( 'NONE', ( #2007, #481, #1916, #3936, #505, #1828, #1976, #627 ) ) ;
#4845 = EDGE_CURVE ( 'NONE', #4439, #4687, #4102, .T. ) ;
#4846 = EDGE_CURVE ( 'NONE', #1711, #879, #3360, .T. ) ;
#4847 = LINE ( 'NONE', #4958, #2372 ) ;
#4848 = DIRECTION ( 'NONE',  ( -1.000000000000000000, 0.0000000000000000000, 0.0000000000000000000 ) ) ;
#4849 = ORIENTED_EDGE ( 'NONE', *, *, #4238, .F. ) ;
#4850 = FILL_AREA_STYLE ('',( #2748 ) ) ;
#4851 = ORIENTED_EDGE ( 'NONE', *, *, #2691, .F. ) ;
#4852 = EDGE_CURVE ( 'NONE', #3495, #3946, #1220, .T. ) ;
#4853 = ORIENTED_EDGE ( 'NONE', *, *, #3450, .F. ) ;
#4854 = CARTESIAN_POINT ( 'NONE',  ( -1.750000000000000000, 7.250000000000000000, -3.550000000000000266 ) ) ;
#4855 = DIRECTION ( 'NONE',  ( 0.0000000000000000000, 1.000000000000000000, 0.0000000000000000000 ) ) ;
#4856 = FACE_OUTER_BOUND ( 'NONE', #5125, .T. ) ;
#4857 = CIRCLE ( 'NONE', #4240, 0.9715120994360999518 ) ;
#4858 = ORIENTED_EDGE ( 'NONE', *, *, #649, .T. ) ;
#4859 = DIRECTION ( 'NONE',  ( 0.0000000000000000000, 0.0000000000000000000, 1.000000000000000000 ) ) ;
#4860 = AXIS2_PLACEMENT_3D ( 'NONE', #538, #3942, #454 ) ;
#4861 = DIRECTION ( 'NONE',  ( 0.0000000000000000000, 0.7071067811865474617, -0.7071067811865474617 ) ) ;
#4862 = PLANE ( 'NONE',  #2809 ) ;
#4863 = CARTESIAN_POINT ( 'NONE',  ( 3.200000000000000178, 5.848209992139000057, -1.210307874338000023 ) ) ;
#4864 = ORIENTED_EDGE ( 'NONE', *, *, #4376, .F. ) ;
#4865 = EDGE_CURVE ( 'NONE', #2868, #1211, #3302, .T. ) ;
#4866 = LINE ( 'NONE', #1755, #2888 ) ;
#4867 = AXIS2_PLACEMENT_3D ( 'NONE', #3599, #5281, #3519 ) ;
#4868 = LINE ( 'NONE', #1503, #1104 ) ;
#4869 = CARTESIAN_POINT ( 'NONE',  ( -0.6999999999999999556, 6.343184738968999703, -0.7153331275076000306 ) ) ;
#4870 = EDGE_CURVE ( 'NONE', #3514, #1686, #4897, .T. ) ;
#4871 = PLANE ( 'NONE',  #2929 ) ;
#4872 = CIRCLE ( 'NONE', #1749, 1.221512099436000032 ) ;
#4873 = VERTEX_POINT ( 'NONE', #291 ) ;
#4874 = EDGE_LOOP ( 'NONE', ( #4718, #2985, #5326, #1230 ) ) ;
#4875 = DIRECTION ( 'NONE',  ( 0.0000000000000000000, 0.0000000000000000000, -1.000000000000000000 ) ) ;
#4876 = ADVANCED_FACE ( 'NONE', ( #2462 ), #5442, .F. ) ;
#4877 = LINE ( 'NONE', #1016, #1005 ) ;
#4878 = VECTOR ( 'NONE', #635, 1000.000000000000000 ) ;
#4879 = CYLINDRICAL_SURFACE ( 'NONE', #3367, 0.2500000000000002220 ) ;
#4880 = ORIENTED_EDGE ( 'NONE', *, *, #2241, .T. ) ;
#4881 = CARTESIAN_POINT ( 'NONE',  ( 0.6999999999999999556, 4.642518405394000069, -1.199999999999999956 ) ) ;
#4882 = ORIENTED_EDGE ( 'NONE', *, *, #4480, .F. ) ;
#4883 = ADVANCED_FACE ( 'NONE', ( #3668 ), #4594, .T. ) ;
#4884 = CIRCLE ( 'NONE', #2915, 0.2500000000000000000 ) ;
#4885 = ORIENTED_EDGE ( 'NONE', *, *, #1993, .F. ) ;
#4886 = DIRECTION ( 'NONE',  ( -1.000000000000000000, 0.0000000000000000000, 0.0000000000000000000 ) ) ;
#4887 = DIRECTION ( 'NONE',  ( -1.000000000000000000, 0.0000000000000000000, 0.0000000000000000000 ) ) ;
#4888 = AXIS2_PLACEMENT_3D ( 'NONE', #1795, #3065, #4366 ) ;
#4889 = ADVANCED_FACE ( 'NONE', ( #5379 ), #3780, .F. ) ;
#4890 = ORIENTED_EDGE ( 'NONE', *, *, #1232, .T. ) ;
#4891 = CARTESIAN_POINT ( 'NONE',  ( 0.6999999999999999556, 0.0000000000000000000, -0.2000000000000000111 ) ) ;
#4892 = ORIENTED_EDGE ( 'NONE', *, *, #99, .F. ) ;
#4893 = VECTOR ( 'NONE', #2537, 1000.000000000000114 ) ;
#4894 = CARTESIAN_POINT ( 'NONE',  ( -6.550000000000000711, 0.0000000000000000000, -3.299999999999999822 ) ) ;
#4895 = ORIENTED_EDGE ( 'NONE', *, *, #2914, .F. ) ;
#4896 = DIRECTION ( 'NONE',  ( 0.7071067811865475727, 0.7071067811865475727, 0.0000000000000000000 ) ) ;
#4897 = CIRCLE ( 'NONE', #325, 0.9715120994360998408 ) ;
#4898 = CYLINDRICAL_SURFACE ( 'NONE', #3460, 0.5000000000000000000 ) ;
#4899 = DIRECTION ( 'NONE',  ( -1.000000000000000000, 0.0000000000000000000, 0.0000000000000000000 ) ) ;
#4900 = CARTESIAN_POINT ( 'NONE',  ( -2.000000000000000000, 7.535071816667000100, -3.550000000000000266 ) ) ;
#4901 = ORIENTED_EDGE ( 'NONE', *, *, #908, .F. ) ;
#4902 = ORIENTED_EDGE ( 'NONE', *, *, #2810, .F. ) ;
#4903 = CARTESIAN_POINT ( 'NONE',  ( 6.049999999999999822, 0.0000000000000000000, 1.899999999999999911 ) ) ;
#4904 = DIRECTION ( 'NONE',  ( -0.0000000000000000000, 1.000000000000000000, 0.0000000000000000000 ) ) ;
#4905 = ORIENTED_EDGE ( 'NONE', *, *, #778, .F. ) ;
#4906 = CARTESIAN_POINT ( 'NONE',  ( -1.750000000000000000, 3.950000000000000178, -11.23052000000000028 ) ) ;
#4907 = ORIENTED_EDGE ( 'NONE', *, *, #2158, .F. ) ;
#4908 = CARTESIAN_POINT ( 'NONE',  ( -5.799999999999999822, 7.700000000000000178, -3.050000000000000266 ) ) ;
#4909 = AXIS2_PLACEMENT_3D ( 'NONE', #2869, #644, #4089 ) ;
#4910 = CARTESIAN_POINT ( 'NONE',  ( -4.000000000000000000, 5.819737305159000229, -3.630106731642999573 ) ) ;
#4911 = ORIENTED_EDGE ( 'NONE', *, *, #351, .F. ) ;
#4912 = STYLED_ITEM ( 'NONE', ( #4190 ), #3297 ) ;
#4913 = DIRECTION ( 'NONE',  ( -1.000000000000000000, 0.0000000000000000000, 0.0000000000000000000 ) ) ;
#4914 = EDGE_CURVE ( 'NONE', #201, #944, #680, .T. ) ;
#4915 = EDGE_CURVE ( 'NONE', #1990, #1578, #4231, .T. ) ;
#4916 = FACE_OUTER_BOUND ( 'NONE', #508, .T. ) ;
#4917 = CARTESIAN_POINT ( 'NONE',  ( -6.550000000000000711, 8.500000000000000000, -3.299999999999999822 ) ) ;
#4918 = ORIENTED_EDGE ( 'NONE', *, *, #5009, .T. ) ;
#4919 = DIRECTION ( 'NONE',  ( -1.000000000000000000, 0.0000000000000000000, 0.0000000000000000000 ) ) ;
#4920 = ORIENTED_EDGE ( 'NONE', *, *, #4817, .F. ) ;
#4921 = CARTESIAN_POINT ( 'NONE',  ( -7.900000000000000355, 5.299999999999999822, -0.2500000000000000000 ) ) ;
#4922 = LINE ( 'NONE', #1007, #2555 ) ;
#4923 = CARTESIAN_POINT ( 'NONE',  ( 0.6999999999999999556, 7.045008898987000556, -1.699999999999999956 ) ) ;
#4924 = LINE ( 'NONE', #4900, #4633 ) ;
#4925 = VERTEX_POINT ( 'NONE', #347 ) ;
#4926 = ORIENTED_EDGE ( 'NONE', *, *, #1610, .T. ) ;
#4927 = DIRECTION ( 'NONE',  ( 0.0000000000000000000, -1.000000000000000000, 0.0000000000000000000 ) ) ;
#4928 = DIRECTION ( 'NONE',  ( -1.000000000000000000, 0.0000000000000000000, 0.0000000000000000000 ) ) ;
#4929 = UNCERTAINTY_MEASURE_WITH_UNIT (LENGTH_MEASURE( 1.000000000000000082E-05 ), #1197, 'distance_accuracy_value', 'NONE');
#4930 = CARTESIAN_POINT ( 'NONE',  ( 4.500000000000000000, 7.250000000000000000, 1.899999999999999911 ) ) ;
#4931 = ORIENTED_EDGE ( 'NONE', *, *, #3160, .T. ) ;
#4932 = DIRECTION ( 'NONE',  ( 0.0000000000000000000, -1.000000000000000000, 0.0000000000000000000 ) ) ;
#4933 = ORIENTED_EDGE ( 'NONE', *, *, #3060, .T. ) ;
#4934 = CARTESIAN_POINT ( 'NONE',  ( -7.400000000000000355, 1.199999999999999956, -0.2500000000000000000 ) ) ;
#4935 = CARTESIAN_POINT ( 'NONE',  ( -6.049999999999999822, 8.500000000000000000, 1.899999999999999911 ) ) ;
#4936 = EDGE_LOOP ( 'NONE', ( #2323, #4892, #2701, #1745 ) ) ;
#4937 = ADVANCED_FACE ( 'NONE', ( #4954 ), #1156, .T. ) ;
#4938 = VECTOR ( 'NONE', #3223, 1000.000000000000000 ) ;
#4939 = EDGE_CURVE ( 'NONE', #944, #2472, #2822, .T. ) ;
#4940 = EDGE_CURVE ( 'NONE', #3653, #5409, #321, .T. ) ;
#4941 = VECTOR ( 'NONE', #374, 1000.000000000000000 ) ;
#4942 = CARTESIAN_POINT ( 'NONE',  ( -7.900000000000000355, 1.199999999999999956, 1.750000000000000000 ) ) ;
#4943 = DIRECTION ( 'NONE',  ( 0.0000000000000000000, -1.000000000000000000, 0.0000000000000000000 ) ) ;
#4944 = ORIENTED_EDGE ( 'NONE', *, *, #3152, .T. ) ;
#4945 = EDGE_CURVE ( 'NONE', #2226, #2311, #3756, .T. ) ;
#4946 = CARTESIAN_POINT ( 'NONE',  ( -3.200000000000000178, 6.201763382732000451, -0.8567544837448999306 ) ) ;
#4947 = ORIENTED_EDGE ( 'NONE', *, *, #2506, .T. ) ;
#4948 = VECTOR ( 'NONE', #3385, 1000.000000000000000 ) ;
#4949 = FACE_BOUND ( 'NONE', #3919, .T. ) ;
#4950 = PLANE ( 'NONE',  #1015 ) ;
#4951 = DIRECTION ( 'NONE',  ( 1.000000000000000000, 0.0000000000000000000, 0.0000000000000000000 ) ) ;
#4952 = LINE ( 'NONE', #2294, #2544 ) ;
#4953 = VECTOR ( 'NONE', #4859, 1000.000000000000000 ) ;
#4954 = FACE_OUTER_BOUND ( 'NONE', #3187, .T. ) ;
#4955 = ORIENTED_EDGE ( 'NONE', *, *, #433, .T. ) ;
#4956 = ORIENTED_EDGE ( 'NONE', *, *, #3871, .T. ) ;
#4957 = CARTESIAN_POINT ( 'NONE',  ( -0.6999999999999999556, -1.100000000000000089, -0.2000000000000000111 ) ) ;
#4958 = CARTESIAN_POINT ( 'NONE',  ( -4.250000000000000000, 3.700000000000000178, -11.23052000000000028 ) ) ;
#4959 = LINE ( 'NONE', #85, #825 ) ;
#4960 = CARTESIAN_POINT ( 'NONE',  ( -2.000000000000000000, 7.200000000000000178, 1.649999999999999911 ) ) ;
#4961 = VERTEX_POINT ( 'NONE', #764 ) ;
#4962 = CARTESIAN_POINT ( 'NONE',  ( 4.250000000000000000, 3.950000000000000178, -3.799999999999999822 ) ) ;
#4963 = EDGE_LOOP ( 'NONE', ( #5335, #144, #5566, #110 ) ) ;
#4964 = AXIS2_PLACEMENT_3D ( 'NONE', #3342, #3397, #5452 ) ;
#4965 = AXIS2_PLACEMENT_3D ( 'NONE', #3301, #2938, #3728 ) ;
#4966 = DIRECTION ( 'NONE',  ( 0.0000000000000000000, 1.000000000000000000, 0.0000000000000000000 ) ) ;
#4967 = DIRECTION ( 'NONE',  ( 0.0000000000000000000, -1.000000000000000000, 0.0000000000000000000 ) ) ;
#4968 = ADVANCED_FACE ( 'NONE', ( #3413 ), #1669, .F. ) ;
#4969 = AXIS2_PLACEMENT_3D ( 'NONE', #5269, #1443, #4036 ) ;
#4970 = VERTEX_POINT ( 'NONE', #4263 ) ;
#4971 = AXIS2_PLACEMENT_3D ( 'NONE', #4478, #4802, #943 ) ;
#4972 = DIRECTION ( 'NONE',  ( -1.000000000000000000, 0.0000000000000000000, 0.0000000000000000000 ) ) ;
#4973 = CIRCLE ( 'NONE', #1567, 0.5000000000000000000 ) ;
#4974 = CARTESIAN_POINT ( 'NONE',  ( 1.750000000000000000, 3.950000000000000178, -3.799999999999999822 ) ) ;
#4975 = LINE ( 'NONE', #1120, #4702 ) ;
#4976 = EDGE_CURVE ( 'NONE', #1602, #541, #416, .T. ) ;
#4977 = EDGE_CURVE ( 'NONE', #1602, #4176, #4752, .T. ) ;
#4978 = VERTEX_POINT ( 'NONE', #3858 ) ;
#4979 = CARTESIAN_POINT ( 'NONE',  ( -6.049999999999999822, 0.0000000000000000000, 1.899999999999999911 ) ) ;
#4980 = ORIENTED_EDGE ( 'NONE', *, *, #98, .T. ) ;
#4981 = DIRECTION ( 'NONE',  ( 0.0000000000000000000, 1.000000000000000000, 0.0000000000000000000 ) ) ;
#4982 = CARTESIAN_POINT ( 'NONE',  ( -2.000000000000000000, 5.438904667305999752, 1.649999999999999911 ) ) ;
#4983 = EDGE_CURVE ( 'NONE', #3313, #2368, #3808, .T. ) ;
#4984 = CARTESIAN_POINT ( 'NONE',  ( -2.000000000000000000, 7.500000000000000000, -3.550000000000000266 ) ) ;
#4985 = DIRECTION ( 'NONE',  ( -1.000000000000000000, 0.0000000000000000000, 0.0000000000000000000 ) ) ;
#4986 = AXIS2_PLACEMENT_3D ( 'NONE', #1327, #4261, #4698 ) ;
#4987 = EDGE_CURVE ( 'NONE', #3830, #4264, #2028, .T. ) ;
#4988 = CARTESIAN_POINT ( 'NONE',  ( 3.200000000000000178, 6.827851611462000037, -1.199999999999999956 ) ) ;
#4989 = ORIENTED_EDGE ( 'NONE', *, *, #4987, .F. ) ;
#4990 = ORIENTED_EDGE ( 'NONE', *, *, #5220, .F. ) ;
#4991 = DIRECTION ( 'NONE',  ( 0.0000000000000000000, 0.0000000000000000000, -1.000000000000000000 ) ) ;
#4992 = AXIS2_PLACEMENT_3D ( 'NONE', #5550, #2540, #3387 ) ;
#4993 = EDGE_CURVE ( 'NONE', #3869, #4385, #5117, .T. ) ;
#4994 = DIRECTION ( 'NONE',  ( 0.0000000000000000000, 0.0000000000000000000, 1.000000000000000000 ) ) ;
#4995 = CARTESIAN_POINT ( 'NONE',  ( 6.299999999999999822, 8.500000000000000000, -3.550000000000000266 ) ) ;
#4996 = DIRECTION ( 'NONE',  ( -0.0000000000000000000, 1.000000000000000000, 0.0000000000000000000 ) ) ;
#4997 = ORIENTED_EDGE ( 'NONE', *, *, #2656, .F. ) ;
#4998 = EDGE_LOOP ( 'NONE', ( #3749, #2074, #1482, #1234 ) ) ;
#4999 = PLANE ( 'NONE',  #3893 ) ;
#5000 = DIRECTION ( 'NONE',  ( 1.000000000000000000, 0.0000000000000000000, 0.0000000000000000000 ) ) ;
#5001 = ORIENTED_EDGE ( 'NONE', *, *, #4604, .F. ) ;
#5002 = VERTEX_POINT ( 'NONE', #4290 ) ;
#5003 = CARTESIAN_POINT ( 'NONE',  ( 3.200000000000000178, 4.642518405394000069, -1.199999999999999956 ) ) ;
#5004 = FACE_OUTER_BOUND ( 'NONE', #54, .T. ) ;
#5005 = VERTEX_POINT ( 'NONE', #2145 ) ;
#5006 = DIRECTION ( 'NONE',  ( 1.000000000000000000, 0.0000000000000000000, 0.0000000000000000000 ) ) ;
#5007 = ORIENTED_EDGE ( 'NONE', *, *, #2892, .F. ) ;
#5008 = CARTESIAN_POINT ( 'NONE',  ( -7.900000000000000355, 5.299999999999999822, 0.0000000000000000000 ) ) ;
#5009 = EDGE_CURVE ( 'NONE', #3496, #3370, #4, .T. ) ;
#5010 = CARTESIAN_POINT ( 'NONE',  ( -6.049999999999999822, 8.500000000000000000, 1.649999999999999911 ) ) ;
#5011 = ADVANCED_FACE ( 'NONE', ( #2120, #66, #3445 ), #1242, .T. ) ;
#5012 = PLANE ( 'NONE',  #671 ) ;
#5013 = DIRECTION ( 'NONE',  ( -1.000000000000000000, 0.0000000000000000000, 0.0000000000000000000 ) ) ;
#5014 = CARTESIAN_POINT ( 'NONE',  ( -0.6999999999999999556, 3.500000000000000000, -2.000000000000000000 ) ) ;
#5015 = VERTEX_POINT ( 'NONE', #4378 ) ;
#5016 = ORIENTED_EDGE ( 'NONE', *, *, #649, .F. ) ;
#5017 = DIRECTION ( 'NONE',  ( 0.0000000000000000000, -1.000000000000000000, 0.0000000000000000000 ) ) ;
#5018 = EDGE_CURVE ( 'NONE', #255, #2097, #4318, .T. ) ;
#5019 = CYLINDRICAL_SURFACE ( 'NONE', #1832, 0.2500000000000002220 ) ;
#5020 = DIRECTION ( 'NONE',  ( 1.000000000000000000, 0.0000000000000000000, 0.0000000000000000000 ) ) ;
#5021 = LINE ( 'NONE', #3764, #3813 ) ;
#5022 = ORIENTED_EDGE ( 'NONE', *, *, #3677, .F. ) ;
#5023 = ORIENTED_EDGE ( 'NONE', *, *, #1190, .T. ) ;
#5024 = EDGE_CURVE ( 'NONE', #217, #4118, #4281, .T. ) ;
#5025 = ORIENTED_EDGE ( 'NONE', *, *, #448, .F. ) ;
#5026 = LINE ( 'NONE', #385, #2463 ) ;
#5027 = DIRECTION ( 'NONE',  ( 1.000000000000000000, 0.0000000000000000000, 0.0000000000000000000 ) ) ;
#5028 = ORIENTED_EDGE ( 'NONE', *, *, #2061, .F. ) ;
#5029 = EDGE_CURVE ( 'NONE', #2522, #5185, #2570, .T. ) ;
#5030 = VERTEX_POINT ( 'NONE', #457 ) ;
#5031 = CARTESIAN_POINT ( 'NONE',  ( 6.299999999999999822, 1.100000000000000089, -3.299999999999999822 ) ) ;
#5032 = ORIENTED_EDGE ( 'NONE', *, *, #4201, .F. ) ;
#5033 = DIRECTION ( 'NONE',  ( -1.000000000000000000, 0.0000000000000000000, 0.0000000000000000000 ) ) ;
#5034 = EDGE_LOOP ( 'NONE', ( #5543, #2165, #4880, #5315 ) ) ;
#5035 = LINE ( 'NONE', #1179, #3876 ) ;
#5036 = VECTOR ( 'NONE', #3619, 1000.000000000000000 ) ;
#5037 = LINE ( 'NONE', #316, #1282 ) ;
#5038 = CARTESIAN_POINT ( 'NONE',  ( 2.000000000000000000, 5.444198298232000077, -3.299999999999999822 ) ) ;
#5039 = FACE_OUTER_BOUND ( 'NONE', #4563, .T. ) ;
#5040 = AXIS2_PLACEMENT_3D ( 'NONE', #4674, #4266, #2912 ) ;
#5041 = DIRECTION ( 'NONE',  ( -1.000000000000000000, 0.0000000000000000000, 0.0000000000000000000 ) ) ;
#5042 = VERTEX_POINT ( 'NONE', #866 ) ;
#5043 = LINE ( 'NONE', #3837, #810 ) ;
#5044 = CARTESIAN_POINT ( 'NONE',  ( -0.6999999999999999556, 6.827851611462000037, -1.199999999999999956 ) ) ;
#5045 = FACE_OUTER_BOUND ( 'NONE', #2583, .T. ) ;
#5046 = LINE ( 'NONE', #660, #3086 ) ;
#5047 = VERTEX_POINT ( 'NONE', #1691 ) ;
#5048 = ADVANCED_FACE ( 'NONE', ( #2175 ), #1753, .T. ) ;
#5049 = ADVANCED_FACE ( 'NONE', ( #1331 ), #5204, .T. ) ;
#5050 = ORIENTED_EDGE ( 'NONE', *, *, #4704, .T. ) ;
#5051 = VECTOR ( 'NONE', #4861, 1000.000000000000114 ) ;
#5052 = SURFACE_STYLE_USAGE ( .BOTH. , #4657 ) ;
#5053 = ORIENTED_EDGE ( 'NONE', *, *, #2166, .T. ) ;
#5054 = CARTESIAN_POINT ( 'NONE',  ( -4.250000000000000000, 7.500000000000000000, -3.550000000000000266 ) ) ;
#5055 = VECTOR ( 'NONE', #978, 1000.000000000000000 ) ;
#5056 = LINE ( 'NONE', #2419, #2373 ) ;
#5057 = EDGE_CURVE ( 'NONE', #2446, #2928, #2213, .T. ) ;
#5058 = ORIENTED_EDGE ( 'NONE', *, *, #1810, .F. ) ;
#5059 = VECTOR ( 'NONE', #1247, 1000.000000000000000 ) ;
#5060 = CIRCLE ( 'NONE', #30, 0.5000000000000001110 ) ;
#5061 = ORIENTED_EDGE ( 'NONE', *, *, #3548, .F. ) ;
#5062 = EDGE_CURVE ( 'NONE', #1524, #3370, #1354, .T. ) ;
#5063 = DIRECTION ( 'NONE',  ( 0.0000000000000000000, -1.000000000000000000, 0.0000000000000000000 ) ) ;
#5064 = AXIS2_PLACEMENT_3D ( 'NONE', #3651, #4928, #4015 ) ;
#5065 = LINE ( 'NONE', #1663, #2285 ) ;
#5066 = AXIS2_PLACEMENT_3D ( 'NONE', #4500, #3630, #5259 ) ;
#5067 = ORIENTED_EDGE ( 'NONE', *, *, #1713, .T. ) ;
#5068 = DIRECTION ( 'NONE',  ( -1.000000000000000000, 0.0000000000000000000, 0.0000000000000000000 ) ) ;
#5069 = CARTESIAN_POINT ( 'NONE',  ( -4.000000000000000000, 5.444198298232000077, -3.799999999999999822 ) ) ;
#5070 = VECTOR ( 'NONE', #2605, 1000.000000000000000 ) ;
#5071 = DIRECTION ( 'NONE',  ( 0.0000000000000000000, -1.000000000000000000, 0.0000000000000000000 ) ) ;
#5072 = DIRECTION ( 'NONE',  ( 1.000000000000000000, 0.0000000000000000000, 0.0000000000000000000 ) ) ;
#5073 = DIRECTION ( 'NONE',  ( 1.000000000000000000, 0.0000000000000000000, 0.0000000000000000000 ) ) ;
#5074 = ORIENTED_EDGE ( 'NONE', *, *, #2930, .T. ) ;
#5075 = DIRECTION ( 'NONE',  ( 1.000000000000000000, 0.0000000000000000000, 0.0000000000000000000 ) ) ;
#5076 = EDGE_CURVE ( 'NONE', #1022, #2343, #2650, .T. ) ;
#5077 = LINE ( 'NONE', #708, #2453 ) ;
#5078 = DIRECTION ( 'NONE',  ( 1.000000000000000000, 0.0000000000000000000, 0.0000000000000000000 ) ) ;
#5079 = ORIENTED_EDGE ( 'NONE', *, *, #1231, .F. ) ;
#5080 = VERTEX_POINT ( 'NONE', #2341 ) ;
#5081 = CIRCLE ( 'NONE', #4550, 0.2500000000000002220 ) ;
#5082 = SURFACE_STYLE_FILL_AREA ( #5531 ) ;
#5083 = LINE ( 'NONE', #3844, #1259 ) ;
#5084 = DIRECTION ( 'NONE',  ( 0.0000000000000000000, 0.8191520442890162235, 0.5735764363510111874 ) ) ;
#5085 = EDGE_CURVE ( 'NONE', #3896, #3362, #3917, .T. ) ;
#5086 = EDGE_CURVE ( 'NONE', #2472, #5047, #149, .T. ) ;
#5087 = AXIS2_PLACEMENT_3D ( 'NONE', #4059, #2784, #5006 ) ;
#5088 = CYLINDRICAL_SURFACE ( 'NONE', #3274, 0.5000000000000000000 ) ;
#5089 = ORIENTED_EDGE ( 'NONE', *, *, #4416, .T. ) ;
#5090 = ORIENTED_EDGE ( 'NONE', *, *, #3334, .F. ) ;
#5091 = EDGE_CURVE ( 'NONE', #673, #1602, #3556, .T. ) ;
#5092 = CARTESIAN_POINT ( 'NONE',  ( -4.000000000000000000, 3.950000000000000178, 1.899999999999999911 ) ) ;
#5093 = CARTESIAN_POINT ( 'NONE',  ( -4.000000000000000000, 3.950000000000000178, -3.799999999999999822 ) ) ;
#5094 = ORIENTED_EDGE ( 'NONE', *, *, #5024, .F. ) ;
#5095 = DIRECTION ( 'NONE',  ( 0.0000000000000000000, 0.0000000000000000000, 1.000000000000000000 ) ) ;
#5096 = CARTESIAN_POINT ( 'NONE',  ( -1.300000000000000044, 4.642518405394000069, -1.199999999999999956 ) ) ;
#5097 = CARTESIAN_POINT ( 'NONE',  ( -4.000000000000000000, 7.540000000000000036, 1.649999999999999911 ) ) ;
#5098 = AXIS2_PLACEMENT_3D ( 'NONE', #3750, #2400, #4146 ) ;
#5099 = DIRECTION ( 'NONE',  ( 1.000000000000000000, 0.0000000000000000000, 0.0000000000000000000 ) ) ;
#5100 = DIRECTION ( 'NONE',  ( 1.000000000000000000, 0.0000000000000000000, 0.0000000000000000000 ) ) ;
#5101 = ORIENTED_EDGE ( 'NONE', *, *, #3033, .T. ) ;
#5102 = DIRECTION ( 'NONE',  ( 0.0000000000000000000, 0.0000000000000000000, 1.000000000000000000 ) ) ;
#5103 = PRODUCT ( '16B187F3-2C3D-490C-B023-AE1C085ED6DB', '16B187F3-2C3D-490C-B023-AE1C085ED6DB', '', ( #2972 ) ) ;
#5104 = LINE ( 'NONE', #1134, #3991 ) ;
#5105 = VERTEX_POINT ( 'NONE', #1060 ) ;
#5106 = ORIENTED_EDGE ( 'NONE', *, *, #4939, .F. ) ;
#5107 = LINE ( 'NONE', #5556, #3960 ) ;
#5108 = DIRECTION ( 'NONE',  ( -1.000000000000000000, 0.0000000000000000000, 0.0000000000000000000 ) ) ;
#5109 = CARTESIAN_POINT ( 'NONE',  ( -4.500000000000000000, 7.250000000000000000, 1.899999999999999911 ) ) ;
#5110 = ORIENTED_EDGE ( 'NONE', *, *, #4345, .F. ) ;
#5111 = ORIENTED_EDGE ( 'NONE', *, *, #2286, .T. ) ;
#5112 = DIRECTION ( 'NONE',  ( 0.0000000000000000000, -0.5735764363510117425, 0.8191520442890158904 ) ) ;
#5113 = PLANE ( 'NONE',  #2763 ) ;
#5114 = DIRECTION ( 'NONE',  ( 1.000000000000000000, 0.0000000000000000000, 0.0000000000000000000 ) ) ;
#5115 = FACE_OUTER_BOUND ( 'NONE', #271, .T. ) ;
#5116 = CARTESIAN_POINT ( 'NONE',  ( -7.900000000000000355, 0.0000000000000000000, 0.0000000000000000000 ) ) ;
#5117 = LINE ( 'NONE', #2993, #2483 ) ;
#5118 = ORIENTED_EDGE ( 'NONE', *, *, #1887, .T. ) ;
#5119 = CARTESIAN_POINT ( 'NONE',  ( 7.900000000000000355, 6.500000000000000000, 0.0000000000000000000 ) ) ;
#5120 = DIRECTION ( 'NONE',  ( 0.0000000000000000000, 0.0000000000000000000, -1.000000000000000000 ) ) ;
#5121 = DIRECTION ( 'NONE',  ( 0.0000000000000000000, -1.000000000000000000, 0.0000000000000000000 ) ) ;
#5122 = ADVANCED_FACE ( 'NONE', ( #2289 ), #1002, .T. ) ;
#5123 = AXIS2_PLACEMENT_3D ( 'NONE', #953, #3888, #2234 ) ;
#5124 = CARTESIAN_POINT ( 'NONE',  ( -7.900000000000000355, 1.199999999999999956, 0.2500000000000000000 ) ) ;
#5125 = EDGE_LOOP ( 'NONE', ( #2683, #2636, #2921, #4160 ) ) ;
#5126 = ORIENTED_EDGE ( 'NONE', *, *, #1318, .T. ) ;
#5127 = VERTEX_POINT ( 'NONE', #3582 ) ;
#5128 = ORIENTED_EDGE ( 'NONE', *, *, #105, .F. ) ;
#5129 = VECTOR ( 'NONE', #2201, 1000.000000000000000 ) ;
#5130 = CARTESIAN_POINT ( 'NONE',  ( 4.000000000000000000, 6.549418683239000671, -4.271512099436000298 ) ) ;
#5131 = DIRECTION ( 'NONE',  ( 1.000000000000000000, 0.0000000000000000000, 0.0000000000000000000 ) ) ;
#5132 = AXIS2_PLACEMENT_3D ( 'NONE', #3828, #3066, #1257 ) ;
#5133 = VERTEX_POINT ( 'NONE', #2732 ) ;
#5134 = VERTEX_POINT ( 'NONE', #175 ) ;
#5135 = ORIENTED_EDGE ( 'NONE', *, *, #1159, .F. ) ;
#5136 = VECTOR ( 'NONE', #5020, 1000.000000000000000 ) ;
#5137 = ORIENTED_EDGE ( 'NONE', *, *, #3855, .T. ) ;
#5138 = CARTESIAN_POINT ( 'NONE',  ( 7.649999999999999467, 1.199999999999999956, 0.2500000000000000000 ) ) ;
#5139 = DIRECTION ( 'NONE',  ( 0.0000000000000000000, -0.5735764363510111874, 0.8191520442890162235 ) ) ;
#5140 = ADVANCED_FACE ( 'NONE', ( #1412 ), #3214, .F. ) ;
#5141 = CARTESIAN_POINT ( 'NONE',  ( 5.799999999999999822, 7.700000000000000178, -3.050000000000000266 ) ) ;
#5142 = VECTOR ( 'NONE', #2845, 1000.000000000000000 ) ;
#5143 = VERTEX_POINT ( 'NONE', #3971 ) ;
#5144 = CIRCLE ( 'NONE', #3979, 0.5000000000000000000 ) ;
#5145 = PLANE ( 'NONE',  #2946 ) ;
#5146 = CARTESIAN_POINT ( 'NONE',  ( -1.500000000000000000, 3.950000000000000178, 1.899999999999999911 ) ) ;
#5147 = EDGE_CURVE ( 'NONE', #230, #4127, #121, .T. ) ;
#5148 = VECTOR ( 'NONE', #51, 1000.000000000000000 ) ;
#5149 = VECTOR ( 'NONE', #4887, 1000.000000000000000 ) ;
#5150 = DIRECTION ( 'NONE',  ( 0.0000000000000000000, -1.000000000000000000, 0.0000000000000000000 ) ) ;
#5151 = ADVANCED_FACE ( 'NONE', ( #5235 ), #5288, .F. ) ;
#5152 = FACE_OUTER_BOUND ( 'NONE', #12, .T. ) ;
#5153 = DIRECTION ( 'NONE',  ( 0.0000000000000000000, -1.000000000000000000, 0.0000000000000000000 ) ) ;
#5154 = VECTOR ( 'NONE', #4629, 1000.000000000000000 ) ;
#5155 = VERTEX_POINT ( 'NONE', #1889 ) ;
#5156 = CIRCLE ( 'NONE', #2730, 0.2500000000000000000 ) ;
#5157 = CARTESIAN_POINT ( 'NONE',  ( -0.6999999999999999556, -1.100000000000000089, -0.2000000000000000111 ) ) ;
#5158 = CARTESIAN_POINT ( 'NONE',  ( -7.649999999999999467, 0.0000000000000000000, 0.0000000000000000000 ) ) ;
#5159 = AXIS2_PLACEMENT_3D ( 'NONE', #1072, #4073, #3282 ) ;
#5160 = DIRECTION ( 'NONE',  ( 0.0000000000000000000, 0.0000000000000000000, 1.000000000000000000 ) ) ;
#5161 = VERTEX_POINT ( 'NONE', #3945 ) ;
#5162 = ORIENTED_EDGE ( 'NONE', *, *, #5360, .F. ) ;
#5163 = VERTEX_POINT ( 'NONE', #1836 ) ;
#5164 = ORIENTED_EDGE ( 'NONE', *, *, #2935, .F. ) ;
#5165 = EDGE_CURVE ( 'NONE', #790, #2739, #1439, .T. ) ;
#5166 = ADVANCED_FACE ( 'NONE', ( #5347 ), #516, .T. ) ;
#5167 = CARTESIAN_POINT ( 'NONE',  ( -4.000000000000000000, 7.200000000000000178, -3.550000000000000266 ) ) ;
#5168 = CARTESIAN_POINT ( 'NONE',  ( -0.6999999999999999556, 0.0000000000000000000, -0.2000000000000000111 ) ) ;
#5169 = EDGE_LOOP ( 'NONE', ( #4250, #5555, #2733, #2541 ) ) ;
#5170 = EDGE_LOOP ( 'NONE', ( #5022, #1522, #1626, #4012 ) ) ;
#5171 = EDGE_LOOP ( 'NONE', ( #1422, #4419, #5428, #2190 ) ) ;
#5172 = CYLINDRICAL_SURFACE ( 'NONE', #1192, 0.5000000000000001110 ) ;
#5173 = FACE_BOUND ( 'NONE', #1770, .T. ) ;
#5174 = DIRECTION ( 'NONE',  ( -1.000000000000000000, 0.0000000000000000000, 0.0000000000000000000 ) ) ;
#5175 = EDGE_LOOP ( 'NONE', ( #688, #2902, #5509, #4768 ) ) ;
#5176 = CARTESIAN_POINT ( 'NONE',  ( 6.049999999999999822, 21.53600000000000136, -3.299999999999999822 ) ) ;
#5177 = DIRECTION ( 'NONE',  ( -1.000000000000000000, 0.0000000000000000000, 0.0000000000000000000 ) ) ;
#5178 = DIRECTION ( 'NONE',  ( 0.0000000000000000000, 0.0000000000000000000, 1.000000000000000000 ) ) ;
#5179 = FACE_OUTER_BOUND ( 'NONE', #3236, .T. ) ;
#5180 = DIRECTION ( 'NONE',  ( -1.000000000000000000, 0.0000000000000000000, 0.0000000000000000000 ) ) ;
#5181 = VERTEX_POINT ( 'NONE', #4429 ) ;
#5182 = DIRECTION ( 'NONE',  ( 0.0000000000000000000, -1.000000000000000000, 0.0000000000000000000 ) ) ;
#5183 = EDGE_CURVE ( 'NONE', #2832, #1499, #1387, .T. ) ;
#5184 = DIRECTION ( 'NONE',  ( 1.000000000000000000, 0.0000000000000000000, 0.0000000000000000000 ) ) ;
#5185 = VERTEX_POINT ( 'NONE', #4005 ) ;
#5186 = ORIENTED_EDGE ( 'NONE', *, *, #4307, .F. ) ;
#5187 = VECTOR ( 'NONE', #1261, 1000.000000000000000 ) ;
#5188 = ORIENTED_EDGE ( 'NONE', *, *, #5271, .T. ) ;
#5189 = EDGE_CURVE ( 'NONE', #2368, #578, #1863, .T. ) ;
#5190 = CARTESIAN_POINT ( 'NONE',  ( 4.000000000000000000, 5.444198298232000077, -3.550000000000000266 ) ) ;
#5191 = ADVANCED_FACE ( 'NONE', ( #3188 ), #4460, .F. ) ;
#5192 = CARTESIAN_POINT ( 'NONE',  ( -2.000000000000000000, 5.819737305159000229, -3.630106731642999573 ) ) ;
#5193 = CARTESIAN_POINT ( 'NONE',  ( -6.049999999999999822, 8.500000000000000000, -3.550000000000000266 ) ) ;
#5194 = ORIENTED_EDGE ( 'NONE', *, *, #976, .F. ) ;
#5195 = ORIENTED_EDGE ( 'NONE', *, *, #4852, .T. ) ;
#5196 = ORIENTED_EDGE ( 'NONE', *, *, #203, .F. ) ;
#5197 = DIRECTION ( 'NONE',  ( 0.0000000000000000000, 0.7071067811865477948, 0.7071067811865473507 ) ) ;
#5198 = DIRECTION ( 'NONE',  ( -1.000000000000000000, 0.0000000000000000000, 0.0000000000000000000 ) ) ;
#5199 = CARTESIAN_POINT ( 'NONE',  ( 6.299999999999999822, 1.100000000000000089, 1.399999999999999911 ) ) ;
#5200 = ORIENTED_EDGE ( 'NONE', *, *, #320, .T. ) ;
#5201 = DIRECTION ( 'NONE',  ( 0.0000000000000000000, 0.8191520442890162235, 0.5735764363510111874 ) ) ;
#5202 = LINE ( 'NONE', #3834, #2834 ) ;
#5203 = PLANE ( 'NONE',  #1558 ) ;
#5204 = PLANE ( 'NONE',  #146 ) ;
#5205 = VERTEX_POINT ( 'NONE', #4485 ) ;
#5206 = CARTESIAN_POINT ( 'NONE',  ( -4.250000000000000000, 3.700000000000000178, -3.799999999999999822 ) ) ;
#5207 = CARTESIAN_POINT ( 'NONE',  ( 3.200000000000000178, 5.446706486693000393, -0.6369014433359000416 ) ) ;
#5208 = DIRECTION ( 'NONE',  ( -1.000000000000000000, 0.0000000000000000000, 0.0000000000000000000 ) ) ;
#5209 = ORIENTED_EDGE ( 'NONE', *, *, #1445, .F. ) ;
#5210 = EDGE_LOOP ( 'NONE', ( #5532, #4742, #3743, #4849 ) ) ;
#5211 = ORIENTED_EDGE ( 'NONE', *, *, #5383, .F. ) ;
#5212 = AXIS2_PLACEMENT_3D ( 'NONE', #3372, #3791, #2129 ) ;
#5213 = DIRECTION ( 'NONE',  ( 0.0000000000000000000, -0.7071067811865475727, -0.7071067811865475727 ) ) ;
#5214 = ADVANCED_FACE ( 'NONE', ( #540 ), #620, .F. ) ;
#5215 = LINE ( 'NONE', #185, #2821 ) ;
#5216 = ORIENTED_EDGE ( 'NONE', *, *, #1203, .F. ) ;
#5217 = VECTOR ( 'NONE', #4981, 1000.000000000000000 ) ;
#5218 = ORIENTED_EDGE ( 'NONE', *, *, #3513, .F. ) ;
#5219 = VERTEX_POINT ( 'NONE', #1212 ) ;
#5220 = EDGE_CURVE ( 'NONE', #4925, #333, #2901, .T. ) ;
#5221 = VERTEX_POINT ( 'NONE', #1969 ) ;
#5222 = DIRECTION ( 'NONE',  ( 0.0000000000000000000, 0.0000000000000000000, 1.000000000000000000 ) ) ;
#5223 = CIRCLE ( 'NONE', #377, 0.5000000000000002220 ) ;
#5224 = LINE ( 'NONE', #1376, #4255 ) ;
#5225 = EDGE_CURVE ( 'NONE', #1449, #2928, #1122, .T. ) ;
#5226 = CARTESIAN_POINT ( 'NONE',  ( 2.000000000000000000, 3.950000000000000178, 1.899999999999999911 ) ) ;
#5227 = ORIENTED_EDGE ( 'NONE', *, *, #4993, .F. ) ;
#5228 = AXIS2_PLACEMENT_3D ( 'NONE', #4115, #3234, #5063 ) ;
#5229 = DIRECTION ( 'NONE',  ( 0.0000000000000000000, 0.0000000000000000000, -1.000000000000000000 ) ) ;
#5230 = EDGE_CURVE ( 'NONE', #3565, #2017, #758, .T. ) ;
#5231 = CARTESIAN_POINT ( 'NONE',  ( 2.000000000000000000, 7.535071816667000100, -3.550000000000000266 ) ) ;
#5232 = CARTESIAN_POINT ( 'NONE',  ( -1.300000000000000044, 5.561421773962999637, -0.8007318521937000222 ) ) ;
#5233 = CIRCLE ( 'NONE', #2804, 0.6999999999999999556 ) ;
#5234 = DIRECTION ( 'NONE',  ( 0.0000000000000000000, 0.0000000000000000000, 1.000000000000000000 ) ) ;
#5235 = FACE_OUTER_BOUND ( 'NONE', #73, .T. ) ;
#5236 = ORIENTED_EDGE ( 'NONE', *, *, #2864, .T. ) ;
#5237 = CYLINDRICAL_SURFACE ( 'NONE', #3429, 0.2500000000000002220 ) ;
#5238 = VECTOR ( 'NONE', #960, 1000.000000000000000 ) ;
#5239 = APPLICATION_CONTEXT ( 'automotive_design' ) ;
#5240 = VECTOR ( 'NONE', #3211, 1000.000000000000000 ) ;
#5241 = PLANE ( 'NONE',  #1742 ) ;
#5242 = DIRECTION ( 'NONE',  ( 0.0000000000000000000, -1.000000000000000000, 0.0000000000000000000 ) ) ;
#5243 = VECTOR ( 'NONE', #4237, 1000.000000000000000 ) ;
#5244 = CIRCLE ( 'NONE', #3269, 0.4999999999999997780 ) ;
#5245 = DIRECTION ( 'NONE',  ( 0.0000000000000000000, 0.0000000000000000000, 1.000000000000000000 ) ) ;
#5246 = ORIENTED_EDGE ( 'NONE', *, *, #2089, .F. ) ;
#5247 = ORIENTED_EDGE ( 'NONE', *, *, #1958, .F. ) ;
#5248 = DIRECTION ( 'NONE',  ( -1.000000000000000000, 0.0000000000000000000, 0.0000000000000000000 ) ) ;
#5249 = VECTOR ( 'NONE', #4321, 1000.000000000000000 ) ;
#5250 = VECTOR ( 'NONE', #3289, 1000.000000000000000 ) ;
#5251 = CARTESIAN_POINT ( 'NONE',  ( -1.500000000000000000, 7.250000000000000000, 1.899999999999999911 ) ) ;
#5252 = CARTESIAN_POINT ( 'NONE',  ( 3.799999999999999822, 0.0000000000000000000, -0.2000000000000000111 ) ) ;
#5253 = ORIENTED_EDGE ( 'NONE', *, *, #5230, .T. ) ;
#5254 = ORIENTED_EDGE ( 'NONE', *, *, #308, .F. ) ;
#5255 = EDGE_CURVE ( 'NONE', #2335, #4398, #1944, .T. ) ;
#5256 = EDGE_LOOP ( 'NONE', ( #5246, #2898, #1035, #4020 ) ) ;
#5257 = DIRECTION ( 'NONE',  ( 0.0000000000000000000, -1.000000000000000000, 0.0000000000000000000 ) ) ;
#5258 = CARTESIAN_POINT ( 'NONE',  ( -3.200000000000000178, -1.100000000000000089, 0.0000000000000000000 ) ) ;
#5259 = DIRECTION ( 'NONE',  ( -1.000000000000000000, 0.0000000000000000000, 0.0000000000000000000 ) ) ;
#5260 = VERTEX_POINT ( 'NONE', #254 ) ;
#5261 = VECTOR ( 'NONE', #2084, 1000.000000000000000 ) ;
#5262 = EDGE_CURVE ( 'NONE', #1686, #209, #340, .T. ) ;
#5263 = DIRECTION ( 'NONE',  ( 0.0000000000000000000, 1.000000000000000000, 0.0000000000000000000 ) ) ;
#5264 = AXIS2_PLACEMENT_3D ( 'NONE', #2513, #4152, #5493 ) ;
#5265 = EDGE_CURVE ( 'NONE', #1739, #5363, #5399, .T. ) ;
#5266 = DIRECTION ( 'NONE',  ( 0.0000000000000000000, -0.5735764363510792441, 0.8191520442889685949 ) ) ;
#5267 = ORIENTED_EDGE ( 'NONE', *, *, #3031, .T. ) ;
#5268 = LINE ( 'NONE', #3947, #103 ) ;
#5269 = CARTESIAN_POINT ( 'NONE',  ( -28.49687999999999732, 5.444198298232000077, -3.299999999999999822 ) ) ;
#5270 = CARTESIAN_POINT ( 'NONE',  ( -28.49687999999999732, 5.848209992139000057, -1.210307874338000023 ) ) ;
#5271 = EDGE_CURVE ( 'NONE', #5363, #2108, #1547, .T. ) ;
#5272 = PLANE ( 'NONE',  #3019 ) ;
#5273 = ORIENTED_EDGE ( 'NONE', *, *, #4027, .T. ) ;
#5274 = EDGE_LOOP ( 'NONE', ( #1319, #4955, #306, #5305 ) ) ;
#5275 = LINE ( 'NONE', #3981, #459 ) ;
#5276 = CARTESIAN_POINT ( 'NONE',  ( 1.300000000000000044, 4.642518405394000069, -1.199999999999999956 ) ) ;
#5277 = EDGE_LOOP ( 'NONE', ( #3841, #2770, #981, #2944 ) ) ;
#5278 = CARTESIAN_POINT ( 'NONE',  ( 3.799999999999999822, 5.848209992139000057, -1.210307874338000023 ) ) ;
#5279 = ORIENTED_EDGE ( 'NONE', *, *, #1374, .F. ) ;
#5280 = ORIENTED_EDGE ( 'NONE', *, *, #2235, .F. ) ;
#5281 = DIRECTION ( 'NONE',  ( 1.000000000000000000, 0.0000000000000000000, 0.0000000000000000000 ) ) ;
#5282 = DIRECTION ( 'NONE',  ( 0.0000000000000000000, 1.000000000000000000, 0.0000000000000000000 ) ) ;
#5283 = ORIENTED_EDGE ( 'NONE', *, *, #4716, .T. ) ;
#5284 = FACE_OUTER_BOUND ( 'NONE', #49, .T. ) ;
#5285 = CARTESIAN_POINT ( 'NONE',  ( 3.799999999999999822, 6.201763382732000451, -0.8567544837448999306 ) ) ;
#5286 = CARTESIAN_POINT ( 'NONE',  ( -4.000000000000000000, 0.0000000000000000000, 0.0000000000000000000 ) ) ;
#5287 = EDGE_CURVE ( 'NONE', #4297, #4362, #3831, .T. ) ;
#5288 = PLANE ( 'NONE',  #3477 ) ;
#5289 = ORIENTED_EDGE ( 'NONE', *, *, #5389, .F. ) ;
#5290 = CARTESIAN_POINT ( 'NONE',  ( 4.000000000000000000, 7.535071816667000100, -3.550000000000000266 ) ) ;
#5291 = EDGE_CURVE ( 'NONE', #1389, #898, #3774, .T. ) ;
#5292 = CARTESIAN_POINT ( 'NONE',  ( 2.000000000000000000, 7.500000000000000000, 1.649999999999999911 ) ) ;
#5293 = CARTESIAN_POINT ( 'NONE',  ( -3.799999999999999822, 5.848209992139000057, -1.210307874338000023 ) ) ;
#5294 = ADVANCED_FACE ( 'NONE', ( #3323 ), #3265, .T. ) ;
#5295 = CARTESIAN_POINT ( 'NONE',  ( 6.049999999999999822, 8.500000000000000000, -3.550000000000000266 ) ) ;
#5296 = ORIENTED_EDGE ( 'NONE', *, *, #908, .T. ) ;
#5297 = ORIENTED_EDGE ( 'NONE', *, *, #5265, .T. ) ;
#5298 = ADVANCED_FACE ( 'NONE', ( #4587 ), #2484, .T. ) ;
#5299 = CARTESIAN_POINT ( 'NONE',  ( 3.799999999999999822, -1.100000000000000089, 0.0000000000000000000 ) ) ;
#5300 = LINE ( 'NONE', #5252, #132 ) ;
#5301 = EDGE_LOOP ( 'NONE', ( #130, #2150, #2110, #1844 ) ) ;
#5302 = LINE ( 'NONE', #1459, #1141 ) ;
#5303 = EDGE_LOOP ( 'NONE', ( #5061, #3238, #5028, #136 ) ) ;
#5304 = AXIS2_PLACEMENT_3D ( 'NONE', #4821, #2685, #4411 ) ;
#5305 = ORIENTED_EDGE ( 'NONE', *, *, #5491, .T. ) ;
#5306 = CARTESIAN_POINT ( 'NONE',  ( 3.799999999999999822, 6.827851611462000037, -1.199999999999999956 ) ) ;
#5307 = CARTESIAN_POINT ( 'NONE',  ( -5.799999999999999822, 7.700000000000000178, -1.199999999999999956 ) ) ;
#5308 = CARTESIAN_POINT ( 'NONE',  ( 3.799999999999999822, 6.201763382732000451, -0.8567544837448999306 ) ) ;
#5309 = VECTOR ( 'NONE', #2653, 1000.000000000000000 ) ;
#5310 = ORIENTED_EDGE ( 'NONE', *, *, #4272, .T. ) ;
#5311 = PLANE ( 'NONE',  #725 ) ;
#5312 = AXIS2_PLACEMENT_3D ( 'NONE', #1435, #4972, #1911 ) ;
#5313 = CARTESIAN_POINT ( 'NONE',  ( -3.200000000000000178, 5.848209992139000057, -1.210307874338000023 ) ) ;
#5314 = LINE ( 'NONE', #1498, #829 ) ;
#5315 = ORIENTED_EDGE ( 'NONE', *, *, #376, .T. ) ;
#5316 = VECTOR ( 'NONE', #449, 1000.000000000000000 ) ;
#5317 = DIRECTION ( 'NONE',  ( -1.000000000000000000, 0.0000000000000000000, 0.0000000000000000000 ) ) ;
#5318 = VERTEX_POINT ( 'NONE', #4119 ) ;
#5319 = EDGE_CURVE ( 'NONE', #5143, #189, #5458, .T. ) ;
#5320 = LINE ( 'NONE', #1093, #3693 ) ;
#5321 = EDGE_CURVE ( 'NONE', #4925, #2311, #3040, .T. ) ;
#5322 = AXIS2_PLACEMENT_3D ( 'NONE', #2998, #125, #1841 ) ;
#5323 = CARTESIAN_POINT ( 'NONE',  ( 4.000000000000000000, 6.549418683239000671, 2.371512099436000387 ) ) ;
#5324 = DIRECTION ( 'NONE',  ( -1.000000000000000000, 0.0000000000000000000, 0.0000000000000000000 ) ) ;
#5325 = VECTOR ( 'NONE', #2231, 1000.000000000000114 ) ;
#5326 = ORIENTED_EDGE ( 'NONE', *, *, #4797, .F. ) ;
#5327 = AXIS2_PLACEMENT_3D ( 'NONE', #2699, #4030, #566 ) ;
#5328 = ORIENTED_EDGE ( 'NONE', *, *, #3037, .T. ) ;
#5329 = CYLINDRICAL_SURFACE ( 'NONE', #633, 1.221512099435999588 ) ;
#5330 = ADVANCED_FACE ( 'NONE', ( #5433 ), #2029, .T. ) ;
#5331 = LINE ( 'NONE', #1485, #3092 ) ;
#5332 = VECTOR ( 'NONE', #1253, 1000.000000000000000 ) ;
#5333 = AXIS2_PLACEMENT_3D ( 'NONE', #1629, #4144, #2424 ) ;
#5334 = DIRECTION ( 'NONE',  ( 0.0000000000000000000, -1.000000000000000000, 0.0000000000000000000 ) ) ;
#5335 = ORIENTED_EDGE ( 'NONE', *, *, #389, .F. ) ;
#5336 = EDGE_CURVE ( 'NONE', #724, #3625, #3354, .T. ) ;
#5337 = CARTESIAN_POINT ( 'NONE',  ( 2.000000000000000000, 7.535071816667000100, -3.550000000000000266 ) ) ;
#5338 = EDGE_CURVE ( 'NONE', #3557, #2629, #1577, .T. ) ;
#5339 = VECTOR ( 'NONE', #3512, 1000.000000000000000 ) ;
#5340 = CARTESIAN_POINT ( 'NONE',  ( 0.6999999999999999556, 4.642518405394000069, -1.199999999999999956 ) ) ;
#5341 = CARTESIAN_POINT ( 'NONE',  ( 3.200000000000000178, 4.642518405394000069, -1.199999999999999956 ) ) ;
#5342 = ORIENTED_EDGE ( 'NONE', *, *, #2546, .T. ) ;
#5343 = CARTESIAN_POINT ( 'NONE',  ( 1.500000000000000000, 3.950000000000000178, 1.649999999999999911 ) ) ;
#5344 = CARTESIAN_POINT ( 'NONE',  ( 4.000000000000000000, 5.444198298232000077, 1.399999999999999911 ) ) ;
#5345 = ORIENTED_EDGE ( 'NONE', *, *, #2924, .F. ) ;
#5346 = VECTOR ( 'NONE', #5150, 1000.000000000000000 ) ;
#5347 = FACE_OUTER_BOUND ( 'NONE', #1165, .T. ) ;
#5348 = ORIENTED_EDGE ( 'NONE', *, *, #4604, .T. ) ;
#5349 = DIRECTION ( 'NONE',  ( 0.0000000000000000000, 0.0000000000000000000, 1.000000000000000000 ) ) ;
#5350 = VECTOR ( 'NONE', #568, 1000.000000000000000 ) ;
#5351 = FACE_BOUND ( 'NONE', #882, .T. ) ;
#5352 = DIRECTION ( 'NONE',  ( -1.000000000000000000, 0.0000000000000000000, 0.0000000000000000000 ) ) ;
#5353 = LINE ( 'NONE', #1039, #4805 ) ;
#5354 = EDGE_CURVE ( 'NONE', #3457, #1320, #1523, .T. ) ;
#5355 = VERTEX_POINT ( 'NONE', #4538 ) ;
#5356 = ORIENTED_EDGE ( 'NONE', *, *, #1062, .T. ) ;
#5357 = DIRECTION ( 'NONE',  ( 0.0000000000000000000, 0.0000000000000000000, -1.000000000000000000 ) ) ;
#5358 = EDGE_CURVE ( 'NONE', #1285, #4824, #2670, .T. ) ;
#5359 = CARTESIAN_POINT ( 'NONE',  ( 4.250000000000000000, 7.250000000000000000, 1.649999999999999911 ) ) ;
#5360 = EDGE_CURVE ( 'NONE', #1040, #2875, #5548, .T. ) ;
#5361 = ORIENTED_EDGE ( 'NONE', *, *, #3614, .F. ) ;
#5362 = LINE ( 'NONE', #4881, #1416 ) ;
#5363 = VERTEX_POINT ( 'NONE', #4314 ) ;
#5364 = LINE ( 'NONE', #589, #5420 ) ;
#5365 = COLOUR_RGB ( '',0.7921568627450980005, 0.8196078431372548767, 0.9333333333333333481 ) ;
#5366 = CARTESIAN_POINT ( 'NONE',  ( 7.900000000000000355, 5.299999999999999822, 0.0000000000000000000 ) ) ;
#5367 = EDGE_LOOP ( 'NONE', ( #4926, #3994, #663, #2600 ) ) ;
#5368 = DIRECTION ( 'NONE',  ( 0.0000000000000000000, 0.7526397223488257016, 0.6584325693210221209 ) ) ;
#5369 = ADVANCED_FACE ( 'NONE', ( #1687 ), #2689, .F. ) ;
#5370 = DIRECTION ( 'NONE',  ( 0.0000000000000000000, -0.8191520442890162235, -0.5735764363510111874 ) ) ;
#5371 = DIRECTION ( 'NONE',  ( 0.0000000000000000000, -1.000000000000000000, 0.0000000000000000000 ) ) ;
#5372 = EDGE_LOOP ( 'NONE', ( #4853, #355, #3938, #3872 ) ) ;
#5373 = DIRECTION ( 'NONE',  ( 0.0000000000000000000, 1.000000000000000000, 0.0000000000000000000 ) ) ;
#5374 = ORIENTED_EDGE ( 'NONE', *, *, #170, .T. ) ;
#5375 = CARTESIAN_POINT ( 'NONE',  ( -6.299999999999999822, 8.500000000000000000, 1.649999999999999911 ) ) ;
#5376 = CARTESIAN_POINT ( 'NONE',  ( -1.750000000000000000, 7.500000000000000000, 1.649999999999999911 ) ) ;
#5377 = CARTESIAN_POINT ( 'NONE',  ( 4.000000000000000000, 5.819737305159000229, -3.630106731642999573 ) ) ;
#5378 = LINE ( 'NONE', #1477, #5055 ) ;
#5379 = FACE_OUTER_BOUND ( 'NONE', #3283, .T. ) ;
#5380 = VERTEX_POINT ( 'NONE', #5567 ) ;
#5381 = ORIENTED_EDGE ( 'NONE', *, *, #2587, .T. ) ;
#5382 = DIRECTION ( 'NONE',  ( 0.0000000000000000000, -1.000000000000000000, 0.0000000000000000000 ) ) ;
#5383 = EDGE_CURVE ( 'NONE', #2626, #2501, #70, .T. ) ;
#5384 = DIRECTION ( 'NONE',  ( 0.0000000000000000000, 0.0000000000000000000, 1.000000000000000000 ) ) ;
#5385 = EDGE_LOOP ( 'NONE', ( #820, #652, #111, #5067, #1073, #1196, #4191, #1075 ) ) ;
#5386 = DIRECTION ( 'NONE',  ( 1.000000000000000000, 0.0000000000000000000, 0.0000000000000000000 ) ) ;
#5387 = ORIENTED_EDGE ( 'NONE', *, *, #2438, .T. ) ;
#5388 = LINE ( 'NONE', #1537, #3984 ) ;
#5389 = EDGE_CURVE ( 'NONE', #2776, #3030, #1746, .T. ) ;
#5390 = ADVANCED_FACE ( 'NONE', ( #1849 ), #135, .F. ) ;
#5391 = ORIENTED_EDGE ( 'NONE', *, *, #5338, .F. ) ;
#5392 = ADVANCED_FACE ( 'NONE', ( #425 ), #3472, .T. ) ;
#5393 = PLANE ( 'NONE',  #1633 ) ;
#5394 = EDGE_CURVE ( 'NONE', #4843, #3654, #398, .T. ) ;
#5395 = AXIS2_PLACEMENT_3D ( 'NONE', #5375, #1549, #4062 ) ;
#5396 = LINE ( 'NONE', #2839, #3882 ) ;
#5397 = CARTESIAN_POINT ( 'NONE',  ( 4.000000000000000000, 3.950000000000000178, -3.799999999999999822 ) ) ;
#5398 = ORIENTED_EDGE ( 'NONE', *, *, #2817, .F. ) ;
#5399 = LINE ( 'NONE', #2454, #3116 ) ;
#5400 = ORIENTED_EDGE ( 'NONE', *, *, #4797, .T. ) ;
#5401 = EDGE_CURVE ( 'NONE', #944, #899, #4417, .T. ) ;
#5402 = CIRCLE ( 'NONE', #1539, 0.9715120994360999518 ) ;
#5403 = LINE ( 'NONE', #4092, #4767 ) ;
#5404 = CARTESIAN_POINT ( 'NONE',  ( 6.049999999999999822, 8.500000000000000000, -3.799999999999999822 ) ) ;
#5405 = DIRECTION ( 'NONE',  ( 0.0000000000000000000, 0.0000000000000000000, -1.000000000000000000 ) ) ;
#5406 = DIRECTION ( 'NONE',  ( 0.0000000000000000000, 0.0000000000000000000, -1.000000000000000000 ) ) ;
#5407 = VECTOR ( 'NONE', #2025, 1000.000000000000000 ) ;
#5408 = CARTESIAN_POINT ( 'NONE',  ( -3.200000000000000178, 5.905096863084000169, -0.5600879640965999995 ) ) ;
#5409 = VERTEX_POINT ( 'NONE', #2958 ) ;
#5410 = VERTEX_POINT ( 'NONE', #3569 ) ;
#5411 = CARTESIAN_POINT ( 'NONE',  ( -1.750000000000000000, 3.950000000000000178, 9.330519999999999925 ) ) ;
#5412 = VECTOR ( 'NONE', #179, 1000.000000000000114 ) ;
#5413 = DIRECTION ( 'NONE',  ( 1.000000000000000000, 0.0000000000000000000, 0.0000000000000000000 ) ) ;
#5414 = CARTESIAN_POINT ( 'NONE',  ( 3.799999999999999822, 4.991207764517999301, -1.199999999999999956 ) ) ;
#5415 = AXIS2_PLACEMENT_3D ( 'NONE', #4452, #691, #1024 ) ;
#5416 = CARTESIAN_POINT ( 'NONE',  ( 0.0000000000000000000, 8.000000000000000000, -3.799999999999999822 ) ) ;
#5417 = AXIS2_PLACEMENT_3D ( 'NONE', #5490, #2848, #728 ) ;
#5418 = ORIENTED_EDGE ( 'NONE', *, *, #1280, .T. ) ;
#5419 = ORIENTED_EDGE ( 'NONE', *, *, #375, .F. ) ;
#5420 = VECTOR ( 'NONE', #1880, 1000.000000000000000 ) ;
#5421 = VECTOR ( 'NONE', #3940, 1000.000000000000000 ) ;
#5422 = CARTESIAN_POINT ( 'NONE',  ( -3.200000000000000178, 4.642518405394000069, -1.199999999999999956 ) ) ;
#5423 = LINE ( 'NONE', #4609, #3184 ) ;
#5424 = AXIS2_PLACEMENT_3D ( 'NONE', #1643, #1561, #4994 ) ;
#5425 = VERTEX_POINT ( 'NONE', #1712 ) ;
#5426 = VECTOR ( 'NONE', #4637, 1000.000000000000114 ) ;
#5427 = ADVANCED_FACE ( 'NONE', ( #862 ), #5113, .F. ) ;
#5428 = ORIENTED_EDGE ( 'NONE', *, *, #747, .F. ) ;
#5429 = VECTOR ( 'NONE', #2413, 1000.000000000000000 ) ;
#5430 = DIRECTION ( 'NONE',  ( 1.000000000000000000, 0.0000000000000000000, 0.0000000000000000000 ) ) ;
#5431 = EDGE_CURVE ( 'NONE', #673, #2069, #2986, .T. ) ;
#5432 = EDGE_LOOP ( 'NONE', ( #4820, #2251, #3617, #2894, #3825, #1762, #2414, #5296, #1850 ) ) ;
#5433 = FACE_OUTER_BOUND ( 'NONE', #3089, .T. ) ;
#5434 = EDGE_LOOP ( 'NONE', ( #341, #517, #504, #5342 ) ) ;
#5435 = LINE ( 'NONE', #5008, #5492 ) ;
#5436 = DIRECTION ( 'NONE',  ( 1.000000000000000000, 0.0000000000000000000, 0.0000000000000000000 ) ) ;
#5437 = CARTESIAN_POINT ( 'NONE',  ( -4.500000000000000000, 7.250000000000000000, -3.799999999999999822 ) ) ;
#5438 = CYLINDRICAL_SURFACE ( 'NONE', #1194, 0.5000000000000001110 ) ;
#5439 = EDGE_CURVE ( 'NONE', #4034, #1785, #5518, .T. ) ;
#5440 = VECTOR ( 'NONE', #1419, 1000.000000000000000 ) ;
#5441 = EDGE_CURVE ( 'NONE', #5185, #4403, #3437, .T. ) ;
#5442 = CYLINDRICAL_SURFACE ( 'NONE', #4719, 0.2500000000000000000 ) ;
#5443 = ORIENTED_EDGE ( 'NONE', *, *, #4093, .F. ) ;
#5444 = ORIENTED_EDGE ( 'NONE', *, *, #3132, .T. ) ;
#5445 = LINE ( 'NONE', #1133, #1356 ) ;
#5446 = VECTOR ( 'NONE', #1975, 1000.000000000000000 ) ;
#5447 = PLANE ( 'NONE',  #5424 ) ;
#5448 = CARTESIAN_POINT ( 'NONE',  ( 1.750000000000000000, 7.500000000000000000, 1.899999999999999911 ) ) ;
#5449 = PLANE ( 'NONE',  #999 ) ;
#5450 = VERTEX_POINT ( 'NONE', #3802 ) ;
#5451 = ORIENTED_EDGE ( 'NONE', *, *, #28, .T. ) ;
#5452 = DIRECTION ( 'NONE',  ( 0.0000000000000000000, -1.000000000000000000, 0.0000000000000000000 ) ) ;
#5453 = CARTESIAN_POINT ( 'NONE',  ( -0.6999999999999999556, 4.642518405394000069, -1.199999999999999956 ) ) ;
#5454 = ORIENTED_EDGE ( 'NONE', *, *, #4031, .F. ) ;
#5455 = EDGE_LOOP ( 'NONE', ( #5475, #2508, #2370, #4997 ) ) ;
#5456 = FACE_OUTER_BOUND ( 'NONE', #4963, .T. ) ;
#5457 = LINE ( 'NONE', #282, #1201 ) ;
#5458 = CIRCLE ( 'NONE', #2499, 0.2499999999999997224 ) ;
#5459 = ORIENTED_EDGE ( 'NONE', *, *, #811, .F. ) ;
#5460 = DIRECTION ( 'NONE',  ( 0.0000000000000000000, -1.000000000000000000, 0.0000000000000000000 ) ) ;
#5461 = ORIENTED_EDGE ( 'NONE', *, *, #2334, .F. ) ;
#5462 = CARTESIAN_POINT ( 'NONE',  ( -6.049999999999999822, 0.0000000000000000000, -3.799999999999999822 ) ) ;
#5463 = CARTESIAN_POINT ( 'NONE',  ( 2.000000000000000000, 5.444198298232000077, -3.799999999999999822 ) ) ;
#5464 = CIRCLE ( 'NONE', #339, 0.2500000000000002220 ) ;
#5465 = FACE_OUTER_BOUND ( 'NONE', #5034, .T. ) ;
#5466 = ADVANCED_FACE ( 'NONE', ( #1665 ), #5145, .T. ) ;
#5467 = ADVANCED_FACE ( 'NONE', ( #808 ), #2535, .T. ) ;
#5468 = CARTESIAN_POINT ( 'NONE',  ( -7.900000000000000355, 0.0000000000000000000, 1.750000000000000000 ) ) ;
#5469 = DIRECTION ( 'NONE',  ( -1.000000000000000000, 0.0000000000000000000, 0.0000000000000000000 ) ) ;
#5470 = EDGE_LOOP ( 'NONE', ( #3003, #4306, #2695, #1404 ) ) ;
#5471 = VERTEX_POINT ( 'NONE', #2590 ) ;
#5472 = FACE_OUTER_BOUND ( 'NONE', #3500, .T. ) ;
#5473 = ADVANCED_FACE ( 'NONE', ( #989 ), #631, .F. ) ;
#5474 = DIRECTION ( 'NONE',  ( 0.0000000000000000000, -1.000000000000000000, 0.0000000000000000000 ) ) ;
#5475 = ORIENTED_EDGE ( 'NONE', *, *, #2132, .T. ) ;
#5476 = ORIENTED_EDGE ( 'NONE', *, *, #1318, .F. ) ;
#5477 = ORIENTED_EDGE ( 'NONE', *, *, #3709, .T. ) ;
#5478 = ADVANCED_FACE ( 'NONE', ( #3703 ), #3174, .T. ) ;
#5479 = CARTESIAN_POINT ( 'NONE',  ( -3.200000000000000178, 5.848209992139000057, -1.210307874338000023 ) ) ;
#5480 = EDGE_LOOP ( 'NONE', ( #4613, #5, #830, #3568 ) ) ;
#5481 = VERTEX_POINT ( 'NONE', #4497 ) ;
#5482 = DIRECTION ( 'NONE',  ( 0.0000000000000000000, 0.0000000000000000000, 1.000000000000000000 ) ) ;
#5483 = CARTESIAN_POINT ( 'NONE',  ( 7.900000000000000355, 0.0000000000000000000, 0.2500000000000000000 ) ) ;
#5484 = ORIENTED_EDGE ( 'NONE', *, *, #4914, .F. ) ;
#5485 = ORIENTED_EDGE ( 'NONE', *, *, #5546, .F. ) ;
#5486 = DIRECTION ( 'NONE',  ( 0.0000000000000000000, -1.000000000000000000, 0.0000000000000000000 ) ) ;
#5487 = AXIS2_PLACEMENT_3D ( 'NONE', #3247, #4548, #4155 ) ;
#5488 = LINE ( 'NONE', #1580, #297 ) ;
#5489 = DIRECTION ( 'NONE',  ( 0.0000000000000000000, 1.000000000000000000, 0.0000000000000000000 ) ) ;
#5490 = CARTESIAN_POINT ( 'NONE',  ( -4.250000000000000000, 7.250000000000000000, 1.899999999999999911 ) ) ;
#5491 = EDGE_CURVE ( 'NONE', #5047, #2626, #244, .T. ) ;
#5492 = VECTOR ( 'NONE', #2735, 1000.000000000000000 ) ;
#5493 = DIRECTION ( 'NONE',  ( 0.0000000000000000000, 0.0000000000000000000, 1.000000000000000000 ) ) ;
#5494 = ORIENTED_EDGE ( 'NONE', *, *, #137, .T. ) ;
#5495 = LINE ( 'NONE', #1641, #4510 ) ;
#5496 = MANIFOLD_SOLID_BREP ( '86cengban19-1226.STP', #3866 ) ;
#5497 = CIRCLE ( 'NONE', #3074, 0.2500000000000002220 ) ;
#5498 = LINE ( 'NONE', #2209, #4086 ) ;
#5499 = LINE ( 'NONE', #2549, #4611 ) ;
#5500 = ORIENTED_EDGE ( 'NONE', *, *, #3439, .F. ) ;
#5501 = VERTEX_POINT ( 'NONE', #3595 ) ;
#5502 = AXIS2_PLACEMENT_3D ( 'NONE', #4197, #1994, #5482 ) ;
#5503 = ORIENTED_EDGE ( 'NONE', *, *, #447, .F. ) ;
#5504 = EDGE_CURVE ( 'NONE', #1495, #1027, #3145, .T. ) ;
#5505 = CARTESIAN_POINT ( 'NONE',  ( -1.500000000000000000, 7.500000000000000000, -3.799999999999999822 ) ) ;
#5506 = DIRECTION ( 'NONE',  ( 0.0000000000000000000, 0.0000000000000000000, -1.000000000000000000 ) ) ;
#5507 = EDGE_CURVE ( 'NONE', #3653, #3056, #5362, .T. ) ;
#5508 = EDGE_CURVE ( 'NONE', #2579, #3436, #4562, .T. ) ;
#5509 = ORIENTED_EDGE ( 'NONE', *, *, #1305, .T. ) ;
#5510 = AXIS2_PLACEMENT_3D ( 'NONE', #4854, #1568, #1937 ) ;
#5511 = AXIS2_PLACEMENT_3D ( 'NONE', #2230, #3944, #1385 ) ;
#5512 = ORIENTED_EDGE ( 'NONE', *, *, #4623, .F. ) ;
#5513 = DIRECTION ( 'NONE',  ( 0.0000000000000000000, -1.000000000000000000, 0.0000000000000000000 ) ) ;
#5514 = VECTOR ( 'NONE', #3621, 1000.000000000000000 ) ;
#5515 = DIRECTION ( 'NONE',  ( 1.000000000000000000, 0.0000000000000000000, 0.0000000000000000000 ) ) ;
#5516 = VECTOR ( 'NONE', #1517, 1000.000000000000000 ) ;
#5517 = ORIENTED_EDGE ( 'NONE', *, *, #2130, .T. ) ;
#5518 = LINE ( 'NONE', #1238, #5187 ) ;
#5519 = DIRECTION ( 'NONE',  ( -1.000000000000000000, 0.0000000000000000000, 0.0000000000000000000 ) ) ;
#5520 = VECTOR ( 'NONE', #3311, 1000.000000000000000 ) ;
#5521 = DIRECTION ( 'NONE',  ( 0.0000000000000000000, 0.0000000000000000000, -1.000000000000000000 ) ) ;
#5522 = DIRECTION ( 'NONE',  ( 1.000000000000000000, 0.0000000000000000000, 0.0000000000000000000 ) ) ;
#5523 = CARTESIAN_POINT ( 'NONE',  ( 1.300000000000000044, 0.0000000000000000000, -0.2000000000000000111 ) ) ;
#5524 = VERTEX_POINT ( 'NONE', #1513 ) ;
#5525 = CARTESIAN_POINT ( 'NONE',  ( 1.500000000000000000, 3.950000000000000178, -3.550000000000000266 ) ) ;
#5526 = DIRECTION ( 'NONE',  ( 0.0000000000000000000, 0.7071067811865477948, 0.7071067811865472397 ) ) ;
#5527 = LINE ( 'NONE', #1222, #3353 ) ;
#5528 = ORIENTED_EDGE ( 'NONE', *, *, #375, .T. ) ;
#5529 = ORIENTED_EDGE ( 'NONE', *, *, #2820, .F. ) ;
#5530 = VECTOR ( 'NONE', #4466, 1000.000000000000000 ) ;
#5531 = FILL_AREA_STYLE ('',( #1620 ) ) ;
#5532 = ORIENTED_EDGE ( 'NONE', *, *, #1444, .F. ) ;
#5533 = EDGE_CURVE ( 'NONE', #2759, #1990, #5302, .T. ) ;
#5534 = LINE ( 'NONE', #1677, #1556 ) ;
#5535 = VECTOR ( 'NONE', #1631, 1000.000000000000000 ) ;
#5536 = EDGE_CURVE ( 'NONE', #554, #157, #2329, .T. ) ;
#5537 = EDGE_CURVE ( 'NONE', #4153, #2629, #662, .T. ) ;
#5538 = DIRECTION ( 'NONE',  ( 0.0000000000000000000, 0.8191520442890162235, 0.5735764363510111874 ) ) ;
#5539 = ORIENTED_EDGE ( 'NONE', *, *, #2402, .T. ) ;
#5540 = ORIENTED_EDGE ( 'NONE', *, *, #2779, .F. ) ;
#5541 = FACE_OUTER_BOUND ( 'NONE', #5470, .T. ) ;
#5542 = CARTESIAN_POINT ( 'NONE',  ( 7.400000000000000355, 1.199999999999999956, 0.2500000000000000000 ) ) ;
#5543 = ORIENTED_EDGE ( 'NONE', *, *, #421, .T. ) ;
#5544 = DIRECTION ( 'NONE',  ( 0.0000000000000000000, 1.000000000000000000, 0.0000000000000000000 ) ) ;
#5545 = DIRECTION ( 'NONE',  ( 1.000000000000000000, 0.0000000000000000000, 0.0000000000000000000 ) ) ;
#5546 = EDGE_CURVE ( 'NONE', #5005, #1157, #3226, .T. ) ;
#5547 = CARTESIAN_POINT ( 'NONE',  ( -2.000000000000000000, 7.200000000000000178, 1.649999999999999911 ) ) ;
#5548 = CIRCLE ( 'NONE', #2227, 0.5000000000000004441 ) ;
#5549 = DIRECTION ( 'NONE',  ( 0.0000000000000000000, -1.000000000000000000, 0.0000000000000000000 ) ) ;
#5550 = CARTESIAN_POINT ( 'NONE',  ( 1.750000000000000000, 3.950000000000000178, 1.899999999999999911 ) ) ;
#5551 = CARTESIAN_POINT ( 'NONE',  ( 7.900000000000000355, 5.299999999999999822, 0.0000000000000000000 ) ) ;
#5552 = FACE_OUTER_BOUND ( 'NONE', #3552, .T. ) ;
#5553 = ORIENTED_EDGE ( 'NONE', *, *, #1681, .F. ) ;
#5554 = ORIENTED_EDGE ( 'NONE', *, *, #1119, .T. ) ;
#5555 = ORIENTED_EDGE ( 'NONE', *, *, #2691, .T. ) ;
#5556 = CARTESIAN_POINT ( 'NONE',  ( -5.500000000000000000, 8.000000000000000000, -1.500000000000000000 ) ) ;
#5557 = EDGE_CURVE ( 'NONE', #5185, #1686, #1048, .T. ) ;
#5558 = DIRECTION ( 'NONE',  ( 1.000000000000000000, 0.0000000000000000000, 0.0000000000000000000 ) ) ;
#5559 = DIRECTION ( 'NONE',  ( 0.0000000000000000000, 1.000000000000000000, 0.0000000000000000000 ) ) ;
#5560 = ORIENTED_EDGE ( 'NONE', *, *, #3612, .F. ) ;
#5561 = EDGE_CURVE ( 'NONE', #3536, #2473, #3666, .T. ) ;
#5562 = ORIENTED_EDGE ( 'NONE', *, *, #3037, .F. ) ;
#5563 = EDGE_CURVE ( 'NONE', #872, #1984, #5464, .T. ) ;
#5564 = FACE_BOUND ( 'NONE', #855, .T. ) ;
#5565 = CYLINDRICAL_SURFACE ( 'NONE', #1288, 0.2500000000000000000 ) ;
#5566 = ORIENTED_EDGE ( 'NONE', *, *, #137, .F. ) ;
#5567 = CARTESIAN_POINT ( 'NONE',  ( -2.000000000000000000, 7.535071816667000100, -3.550000000000000266 ) ) ;
#5568 = CARTESIAN_POINT ( 'NONE',  ( 6.049999999999999822, 1.100000000000000089, -3.550000000000000266 ) ) ;
#5569 = ADVANCED_FACE ( 'NONE', ( #3285 ), #798, .F. ) ;
ENDSEC;
END-ISO-10303-21;
